employee_id,years_experience,education,department,performance_score,bonus_eligible_flag,salary
9,1,Bachelors,Sales,4,0,46319.37
511,25,Masters,Marketing,1,1,98840.34
176,11,Bachelors,HR,2,0,70305.18
736,23,Bachelors,Marketing,1,1,85147.38
243,25,Masters,Sales,5,1,100016.18
765,10,Bachelors,Engineering,3,0,67581.39
541,14,Masters,Sales,5,1,91050.73
431,9,PhD,Sales,3,1,84871.37
85,5,Bachelors,HR,2,0,56352.27
643,3,Bachelors,Engineering,3,0,53392.96
256,10,HighSchool,Engineering,2,0,59071.62
112,4,PhD,Engineering,2,0,67661.84
290,12,HighSchool,Engineering,3,0,61345.73
350,1,Bachelors,Marketing,2,0,34986.21
704,3,PhD,HR,1,0,71021.8
522,2,Bachelors,Engineering,1,0,46449.33
438,3,PhD,Engineering,5,0,71027.49
566,1,Masters,Engineering,1,0,48040.29
225,29,Masters,HR,2,1,101248.46
372,1,HighSchool,Sales,2,0,37070.16
302,7,PhD,Marketing,5,0,77802.67
538,9,Masters,HR,3,0,67601.23
342,13,HighSchool,Marketing,2,0,60637.59
136,2,Bachelors,Engineering,1,0,46914.13
709,25,PhD,HR,4,1,107857.14
48,1,Masters,Marketing,4,0,61081.2
667,25,PhD,HR,4,1,107796.11
61,7,Masters,Engineering,2,0,72595.92
742,4,PhD,Sales,4,0,74464.07
118,29,Masters,HR,3,1,106425.93
330,18,Bachelors,Sales,1,0,77501.2
397,17,Masters,Marketing,1,1,81025.03
20,14,Bachelors,Marketing,2,0,73474.82
559,16,Masters,HR,3,1,85826.03
82,8,Bachelors,Engineering,2,0,60754.03
74,11,Masters,Marketing,4,0,74509.91
642,29,Bachelors,Engineering,3,1,98574.62
677,7,Bachelors,HR,2,0,67731.85
732,16,Bachelors,Marketing,1,0,75645.15
757,13,Masters,HR,1,0,71206.09
258,5,Bachelors,Marketing,2,0,56460.64
662,17,Bachelors,Sales,5,0,76134.21
761,23,PhD,Engineering,5,1,114044.51
66,0,Bachelors,Engineering,4,0,49004.02
440,23,Masters,Sales,2,1,97990.33
591,12,Masters,Engineering,2,0,72756.79
639,0,HighSchool,Marketing,1,0,38635.2
362,27,Masters,HR,4,1,109758.57
644,4,Masters,Engineering,4,0,67000.73
773,25,Bachelors,Sales,5,1,97407.28
437,9,Masters,Marketing,5,0,72900.65
539,22,Bachelors,Sales,2,1,84906.22
671,22,Masters,Marketing,3,1,102519.38
618,1,Bachelors,HR,5,0,55164.57
274,29,HighSchool,HR,2,1,90515.06
383,29,Bachelors,Engineering,4,1,100601.13
295,7,Bachelors,Engineering,5,0,67234.22
195,21,Bachelors,Sales,1,1,85299.36
726,8,PhD,HR,1,0,72134.88
86,15,Bachelors,Sales,1,0,69560.31
494,4,Bachelors,Engineering,5,0,58035.48
465,9,Bachelors,Marketing,3,0,60978.62
102,10,PhD,Marketing,4,1,82678.35
450,18,Bachelors,HR,5,1,79096.67
234,24,Bachelors,Sales,3,1,89506.66
263,25,Bachelors,Sales,4,1,97432.78
186,14,PhD,HR,2,1,89020.91
203,3,Bachelors,Marketing,4,0,47859.57
776,22,Bachelors,Sales,1,1,82255.73
690,1,Bachelors,Sales,5,0,52881.62
149,15,Masters,HR,2,1,85099.09
523,5,Masters,Marketing,2,0,66928.38
315,18,Bachelors,Engineering,2,1,79752.86
444,5,Bachelors,Sales,1,0,54568.65
780,22,Bachelors,Sales,5,1,94827.12
121,13,Bachelors,Sales,1,0,73953.78
668,5,Bachelors,Sales,3,0,51222.42
60,15,Bachelors,Marketing,1,0,74918.46
371,8,HighSchool,Marketing,1,0,48541.64
4,26,Masters,HR,3,1,98167.51
529,25,HighSchool,Marketing,5,1,90809.35
17,3,PhD,Sales,5,0,74054.41
249,2,Bachelors,HR,3,0,48682.54
409,22,Masters,Engineering,3,1,93499.45
356,24,Bachelors,Marketing,2,1,87836.97
693,8,PhD,Sales,4,1,83706.08
482,11,Masters,Sales,5,1,78927.06
676,2,HighSchool,HR,2,0,36399.57
57,24,Masters,Sales,3,1,99524.25
779,29,Masters,Sales,5,1,108654.43
719,4,HighSchool,Marketing,4,0,44477.18
753,24,Masters,HR,3,1,105664.37
321,14,Bachelors,Engineering,2,0,70598.06
785,21,HighSchool,Engineering,4,0,74703.1
24,8,Masters,Engineering,2,0,70077.94
540,24,Masters,Sales,1,1,92606.58
70,20,Masters,Engineering,4,1,97628.91
188,16,HighSchool,Marketing,5,0,66778.66
557,2,Masters,Engineering,5,0,60109.49
657,3,Masters,HR,5,0,60016.11
219,27,PhD,Sales,2,1,109473.86
519,26,Bachelors,Engineering,2,1,92859.55
578,22,PhD,Marketing,4,1,108324.79
678,14,Masters,HR,4,1,83340.39
638,4,Bachelors,Sales,1,0,52479.81
242,0,PhD,HR,2,0,72991.94
367,26,Bachelors,Marketing,4,1,95203.66
532,2,Bachelors,Sales,3,0,51514.25
91,1,Bachelors,Engineering,2,0,49650.86
202,29,PhD,Sales,1,1,111306.83
310,18,Masters,Engineering,2,1,82615.49
340,28,Bachelors,Sales,4,1,96826.93
51,4,Masters,Engineering,5,0,68212.04
269,2,Bachelors,Sales,4,0,55984.63
208,15,Bachelors,HR,5,1,82510.65
659,5,Masters,HR,4,0,66122.21
155,18,Bachelors,Marketing,4,1,84000.7
505,8,Masters,Sales,4,0,68757.84
710,3,Bachelors,HR,1,0,47013.54
50,1,PhD,HR,4,0,68550.89
239,25,Masters,Engineering,1,1,92643.18
727,24,HighSchool,Engineering,2,1,82788.72
788,22,Masters,Engineering,4,1,97846.85
446,17,Masters,Marketing,4,1,87507.19
590,21,Bachelors,Sales,2,1,83382.36
551,9,Masters,Marketing,2,0,68741.95
346,19,Bachelors,Engineering,5,1,85372.49
416,28,PhD,Engineering,1,1,112078.76
464,21,Bachelors,Engineering,1,1,81411.05
62,14,PhD,Sales,2,1,90238.15
246,23,Masters,Engineering,4,1,94542.92
764,9,Bachelors,HR,3,0,65029.23
359,25,Bachelors,Marketing,2,1,89077.65
749,7,Bachelors,Sales,1,0,58721.89
488,19,Bachelors,Sales,3,0,74608.88
717,28,Bachelors,HR,5,1,97764.95
135,24,Masters,Engineering,4,1,106904.5
278,15,Masters,Sales,1,0,75265.89
105,3,PhD,Marketing,3,0,68314.9
468,26,Masters,Marketing,4,1,101840.33
58,18,Bachelors,Marketing,2,0,72257.22
782,21,Bachelors,Sales,1,1,82454.98
507,21,Bachelors,Marketing,4,1,81718.62
308,21,Masters,HR,5,1,96029.97
524,22,Bachelors,HR,5,1,91710.21
413,7,HighSchool,Engineering,5,0,57732.99
681,3,HighSchool,Marketing,3,0,51242.27
713,17,Bachelors,Marketing,1,0,77933.68
698,7,Bachelors,Engineering,2,0,61208.76
286,12,Bachelors,Sales,2,0,71326.84
36,23,Bachelors,Marketing,3,1,89293.22
443,14,Masters,Marketing,1,0,76193.22
224,27,Bachelors,HR,3,1,90412.91
674,23,Masters,Sales,5,1,102721.1
42,6,Bachelors,HR,4,0,56687.69
360,3,Masters,HR,5,0,61856.74
733,29,Masters,Marketing,4,1,104158.18
715,18,Masters,Sales,2,1,89120.13
593,19,Masters,HR,1,1,89225.37
109,17,Bachelors,Marketing,4,1,79986.9
798,27,HighSchool,Engineering,1,1,80747.38
412,1,Bachelors,Marketing,2,0,52339.04
1,28,Bachelors,HR,4,1,104815.5
319,5,Masters,Engineering,1,0,60448.93
556,21,Bachelors,HR,3,1,89399.28
75,14,Masters,Engineering,1,0,69402.1
554,2,Bachelors,Sales,2,0,55456.71
355,20,Bachelors,Engineering,5,1,87458.6
67,2,PhD,Engineering,3,0,70580.84
789,10,Masters,Engineering,2,0,73931.18
555,19,Masters,Engineering,2,1,81518.33
311,27,PhD,Sales,1,1,107635.2
453,13,Bachelors,Sales,3,0,69995.74
182,1,HighSchool,HR,1,0,40796.2
712,5,Masters,Engineering,2,0,61964.62
611,6,HighSchool,Marketing,3,0,51151.71
160,4,Bachelors,Sales,4,0,50710.79
609,9,Bachelors,Sales,2,0,63222.17
162,5,Bachelors,Engineering,4,0,58536.12
576,16,HighSchool,HR,2,0,70728.95
390,4,Bachelors,Sales,2,0,48154.2
665,27,Bachelors,Sales,1,1,94094.06
786,20,PhD,Engineering,3,1,99818.38
14,0,Bachelors,Sales,1,0,46701.84
518,17,HighSchool,Marketing,5,0,72896.03
542,18,Bachelors,Engineering,5,1,84641.9
365,22,Bachelors,HR,4,1,87724.82
580,26,Masters,HR,3,1,98505.74
93,14,HighSchool,Marketing,5,0,72798.05
126,20,Masters,Engineering,4,1,99999.86
115,12,PhD,Sales,4,1,83903.1
699,1,HighSchool,Engineering,4,0,38708.74
582,3,Masters,Sales,3,0,57600.66
484,7,Bachelors,Sales,4,0,62301.12
703,15,Bachelors,Engineering,1,0,71049.1
787,29,Bachelors,Sales,5,1,101931.31
248,15,Bachelors,HR,1,0,70684.79
730,18,Bachelors,Marketing,2,1,82055.54
190,9,Masters,Engineering,2,0,72334.9
714,25,Masters,Marketing,5,1,114518.49
133,1,Bachelors,Sales,2,0,47359.83
351,20,Masters,Engineering,3,1,91824.92
206,12,Bachelors,Sales,1,0,67829.61
429,3,Bachelors,HR,2,0,50026.58
528,3,Masters,Engineering,1,0,61453.87
435,13,Bachelors,Engineering,2,0,63603.88
492,11,HighSchool,Marketing,2,0,60208.59
41,13,Masters,Sales,2,0,76821.3
90,19,HighSchool,HR,2,0,75009.89
428,18,Bachelors,Sales,2,1,79432.12
777,23,Bachelors,Engineering,1,1,91374.39
69,29,Bachelors,Sales,5,1,105992.33
77,18,Masters,Sales,3,1,88444.58
181,21,HighSchool,Engineering,1,0,78355.02
122,18,Masters,HR,2,1,83130.91
217,25,Bachelors,Engineering,2,1,86049.29
140,6,Masters,HR,2,0,64578.7
626,16,Bachelors,Marketing,3,1,79998.66
299,16,Masters,Marketing,3,1,83549.79
119,11,Bachelors,Engineering,2,0,61750.23
449,7,Masters,Sales,2,0,65000.11
196,11,Masters,Marketing,4,1,78772.41
738,26,Bachelors,Sales,3,1,95630.17
480,28,HighSchool,Engineering,5,1,92487.48
95,7,Masters,Marketing,5,0,77594.3
35,24,HighSchool,Marketing,4,1,81847.7
485,26,Bachelors,Sales,4,1,93061.5
560,24,Bachelors,Marketing,1,1,87042.54
762,1,Masters,Marketing,3,0,54508.4
793,2,HighSchool,Engineering,2,0,34058.36
161,16,Masters,Sales,2,1,85472.69
745,16,Bachelors,HR,2,0,71164.78
405,6,PhD,Engineering,2,0,75547.7
15,14,Bachelors,HR,4,0,77046.28
266,10,Bachelors,Sales,5,0,68085.5
120,17,Masters,Marketing,2,1,88248.73
83,28,Bachelors,Marketing,3,1,94259.76
430,23,Bachelors,HR,2,1,82202.14
615,10,Bachelors,Marketing,1,0,61434.99
620,25,Bachelors,Engineering,4,1,97424.42
89,21,HighSchool,Engineering,5,1,83308.77
108,11,Masters,Engineering,5,0,72237.77
18,23,Bachelors,Sales,3,1,86011.08
701,22,HighSchool,HR,3,1,86755.21
173,17,HighSchool,Engineering,5,0,72221.38
387,9,HighSchool,Sales,2,0,55571.4
756,15,Bachelors,Sales,2,0,68801.49
104,17,Masters,Engineering,4,1,86342.76
530,3,HighSchool,Marketing,5,0,49215.51
341,22,Bachelors,Sales,5,1,94039.94
433,19,Bachelors,HR,1,1,81077.06
415,14,Bachelors,HR,2,0,71805.31
735,28,HighSchool,Marketing,4,1,95583.92
46,18,Masters,Sales,5,1,86071.22
374,0,Masters,Sales,1,0,51519.87
588,19,Bachelors,Sales,5,1,82015.4
404,19,Bachelors,Engineering,3,1,83759.22
625,29,HighSchool,Engineering,3,1,90461.7
577,6,Bachelors,HR,1,0,53640.91
12,26,Masters,Marketing,2,1,98408.84
215,8,Bachelors,Marketing,4,0,63421.18
574,7,Masters,Marketing,2,0,64780.97
148,19,Bachelors,Sales,5,1,79850.33
594,28,HighSchool,Engineering,4,1,89323.46
751,20,Bachelors,HR,4,1,91657.02
636,11,HighSchool,Marketing,5,0,68492.1
640,22,Bachelors,Engineering,4,1,90837.16
174,17,HighSchool,Sales,4,0,72827.85
275,4,Masters,Sales,4,0,61733.23
227,12,PhD,Sales,4,1,91140.89
32,16,Bachelors,HR,1,1,82762.19
635,10,Bachelors,Sales,5,0,64610.96
759,16,Masters,HR,2,1,85171.46
447,11,Masters,Sales,5,1,80336.46
300,28,Bachelors,HR,2,1,92943.77
731,14,Bachelors,HR,3,0,71507.76
117,17,Bachelors,HR,2,1,78700.58
287,28,PhD,Sales,2,1,111211.26
96,16,Bachelors,HR,4,0,74470.09
324,27,Bachelors,Sales,2,1,97222.97
422,10,Bachelors,HR,2,0,64844.88
312,29,Bachelors,Marketing,1,1,97040.12
347,2,PhD,Marketing,1,0,66712.87
373,5,Bachelors,Sales,1,0,59307.1
400,16,Masters,Engineering,1,1,79217.89
63,11,Masters,Marketing,4,1,81165.62
481,26,HighSchool,Sales,4,1,88704.57
552,21,Bachelors,HR,5,1,80805.66
185,17,Bachelors,HR,5,1,79481.84
92,22,Bachelors,HR,4,1,90294.71
775,3,HighSchool,Sales,5,0,43939.69
544,5,HighSchool,HR,4,0,51911.58
651,7,Bachelors,Marketing,2,0,60023.67
30,15,Masters,Marketing,3,1,83373.09
55,24,Masters,Marketing,2,1,101785.97
306,20,Bachelors,Engineering,5,1,90650.74
335,13,Bachelors,Sales,1,0,63817.73
792,5,Masters,Marketing,2,0,59473.66
147,2,Bachelors,HR,5,0,58347.88
483,4,Bachelors,Engineering,4,0,57257.49
550,11,Masters,Sales,4,0,75581.9
670,27,Masters,Engineering,4,1,107193.03
614,11,Bachelors,Marketing,3,0,65857.78
427,9,Bachelors,HR,1,0,59749.87
166,16,PhD,Sales,4,1,85942.62
436,23,Bachelors,Sales,3,1,85593.61
81,16,Bachelors,Engineering,5,0,76662.99
454,19,Bachelors,Engineering,4,1,80507.38
260,10,Bachelors,Sales,3,0,58387.8
10,9,PhD,Marketing,2,0,75963.64
545,0,Bachelors,HR,3,0,46104.41
389,3,Bachelors,Engineering,5,0,51799.11
658,3,Bachelors,HR,5,0,56654.77
180,7,Bachelors,Sales,5,0,64069.81
28,13,Bachelors,Marketing,4,0,72087.87
598,23,Bachelors,Sales,5,1,92333.3
294,2,Bachelors,Engineering,1,0,44419.92
395,13,Bachelors,HR,5,1,83801.62
6,23,HighSchool,Sales,1,0,76156.59
198,0,Masters,HR,1,0,45850.68
632,24,HighSchool,Sales,5,1,87220.0
630,11,Bachelors,Sales,5,0,69659.81
536,8,Bachelors,Engineering,5,0,69582.59
262,28,Bachelors,HR,4,1,107374.06
369,24,PhD,Engineering,1,1,108593.22
495,5,Bachelors,Engineering,3,0,62336.83
503,19,HighSchool,Marketing,2,0,70126.7
39,10,Masters,Marketing,2,0,70720.27
688,13,Masters,Engineering,3,1,80687.54
375,13,Bachelors,Marketing,4,0,71381.14
332,14,Masters,Marketing,5,1,81903.86
163,22,Masters,Marketing,3,1,93645.49
68,5,PhD,Marketing,4,0,70649.17
125,16,Masters,Marketing,3,1,85475.24
40,29,Bachelors,Engineering,4,1,102396.34
5,17,Bachelors,Engineering,5,1,78868.51
34,29,Masters,Marketing,4,1,101873.62
364,24,Bachelors,Engineering,2,1,92546.95
633,7,Masters,Marketing,2,0,65184.23
336,19,Masters,HR,2,1,92870.77
281,23,Bachelors,Sales,4,1,94595.87
743,10,Masters,HR,1,0,68781.62
100,26,Bachelors,Engineering,4,1,97614.55
586,23,Masters,Sales,3,1,92211.05
606,22,Masters,Engineering,5,1,97948.5
237,25,Bachelors,Marketing,4,1,90409.99
420,1,Bachelors,HR,5,0,50918.06
474,19,HighSchool,Sales,5,1,79172.8
376,0,Bachelors,Engineering,1,0,49627.53
386,1,Bachelors,HR,5,0,53724.42
603,5,Masters,Sales,2,0,68248.77
502,11,Masters,Sales,2,0,71282.91
354,22,Bachelors,HR,5,1,94057.78
353,0,Masters,Engineering,4,0,57854.66
531,19,Bachelors,Marketing,1,1,81768.52
721,25,PhD,Engineering,3,1,106678.87
13,27,HighSchool,Engineering,3,1,87849.85
187,22,HighSchool,Marketing,5,1,86114.34
510,9,Bachelors,Sales,3,0,63451.63
691,28,Bachelors,HR,1,1,92491.44
725,23,HighSchool,Marketing,5,1,78933.16
261,9,Bachelors,HR,4,0,70374.32
489,17,Masters,Sales,5,1,89337.86
334,17,Bachelors,Engineering,4,1,80223.31
154,28,Bachelors,Sales,3,1,99554.71
553,13,PhD,Engineering,2,1,88893.83
305,20,Masters,Engineering,1,1,90775.41
201,12,HighSchool,HR,5,0,63117.49
763,22,HighSchool,Engineering,4,1,81059.28
572,5,HighSchool,Engineering,3,0,43762.47
79,19,Bachelors,HR,4,1,90597.06
313,8,Masters,Sales,4,0,70278.94
724,15,Masters,Sales,3,1,78997.99
585,1,PhD,HR,5,0,70357.76
43,25,Bachelors,HR,3,1,95256.88
134,12,PhD,Marketing,2,1,85111.99
564,11,Bachelors,Sales,2,0,68285.76
456,18,Bachelors,HR,5,1,91586.06
653,13,Masters,HR,4,1,83331.7
251,6,Masters,Engineering,4,0,61128.58
663,28,HighSchool,Engineering,1,1,86712.25
508,7,HighSchool,Engineering,2,0,46939.95
393,2,HighSchool,Engineering,4,0,47746.2
193,1,HighSchool,Marketing,2,0,45114.11
221,15,Bachelors,Engineering,2,1,79526.28
473,14,Bachelors,HR,4,1,81092.1
448,19,Bachelors,HR,5,1,84857.75
602,19,HighSchool,HR,2,0,77555.99
31,17,Masters,Sales,4,1,88128.57
612,13,Bachelors,Sales,1,0,63708.44
547,5,Bachelors,Sales,1,0,49815.56
158,17,Bachelors,Sales,1,0,73148.98
575,22,Masters,HR,4,1,96851.61
273,6,Bachelors,Engineering,3,0,57745.49
769,15,Masters,Engineering,1,0,78010.42
460,24,Bachelors,Sales,3,1,81717.37
307,9,Masters,Sales,5,0,72891.08
496,19,PhD,Marketing,4,1,107750.83
604,5,Masters,HR,4,0,65093.95
103,19,PhD,Marketing,2,1,98218.57
53,29,PhD,Marketing,4,1,120039.27
157,28,HighSchool,Engineering,4,1,94872.48
458,24,HighSchool,Engineering,2,1,82378.59
403,13,PhD,HR,3,1,91040.6
655,20,HighSchool,Engineering,2,0,74406.91
98,15,Bachelors,Engineering,2,0,68174.91
513,17,PhD,Engineering,4,1,94856.51
129,16,Bachelors,Marketing,3,0,71921.75
379,21,HighSchool,Sales,2,0,74402.11
178,12,Masters,Marketing,3,1,82600.72
348,5,Bachelors,Sales,4,0,58125.31
111,6,Masters,Marketing,4,0,65497.87
600,11,Bachelors,HR,3,0,65754.26
380,7,Bachelors,Sales,5,0,71336.19
192,22,Masters,Marketing,1,1,93732.07
434,25,Masters,Sales,2,1,100470.53
344,18,Bachelors,HR,5,1,81594.13
579,19,Bachelors,Engineering,3,1,83805.41
143,0,Masters,Sales,4,0,55963.18
795,23,Bachelors,Sales,3,1,85560.48
7,25,Masters,Marketing,4,1,96455.77
497,20,Masters,Marketing,2,1,85779.02
268,8,HighSchool,Sales,3,0,51844.82
623,3,Bachelors,Engineering,1,0,53181.66
238,12,Masters,HR,1,0,70134.56
767,29,Bachelors,Marketing,2,1,103864.97
401,19,HighSchool,Engineering,4,0,74580.59
384,17,HighSchool,Engineering,3,0,65149.92
59,13,Masters,Marketing,3,0,75239.13
648,24,PhD,HR,3,1,112568.04
233,22,Bachelors,Engineering,1,1,81702.69
734,11,Masters,Sales,2,1,81790.58
660,5,PhD,Engineering,2,0,71563.74
204,19,Bachelors,HR,4,1,81863.37
568,15,Masters,Engineering,4,1,82776.46
285,24,Bachelors,Engineering,1,1,86202.94
512,13,PhD,Sales,4,1,83787.59
3,20,Bachelors,Engineering,4,1,82415.62
784,25,Masters,HR,2,1,93566.56
475,19,Bachelors,HR,2,1,81151.77
218,10,Bachelors,Marketing,1,0,61569.6
361,27,Bachelors,Marketing,1,1,89866.36
47,3,PhD,Marketing,2,0,66648.94
797,11,Bachelors,HR,3,0,66339.06
423,25,PhD,Sales,3,1,109474.23
226,4,Bachelors,Engineering,4,0,50296.47
19,3,Masters,Marketing,1,0,64015.83
169,11,Bachelors,Marketing,4,0,72533.31
229,9,Masters,Marketing,1,0,68919.1
293,2,Bachelors,Marketing,2,0,55039.74
378,7,Masters,HR,2,0,68468.43
741,7,Masters,HR,5,0,73720.65
398,28,Masters,Engineering,5,1,105849.17
228,28,Bachelors,HR,3,1,95222.26
672,6,HighSchool,Marketing,5,0,55458.14
605,26,Bachelors,Marketing,3,1,99936.53
329,22,Bachelors,Sales,2,1,84148.99
284,17,PhD,HR,3,1,93589.39
744,3,Bachelors,Sales,5,0,59227.59
619,10,Bachelors,Marketing,4,0,69796.57
601,9,HighSchool,HR,4,0,56638.32
499,15,Masters,HR,4,1,85542.97
94,2,Masters,HR,3,0,59031.59
214,17,Bachelors,Engineering,5,1,79194.74
259,11,Bachelors,Sales,5,0,72725.19
338,9,Masters,Sales,5,0,72691.14
426,3,PhD,Marketing,3,0,73748.59
292,27,Bachelors,Sales,3,1,98724.11
487,29,Bachelors,Sales,1,1,94349.12
641,27,Bachelors,Marketing,2,1,90310.85
107,19,Bachelors,HR,1,1,78912.31
116,11,Bachelors,HR,3,0,72751.96
159,8,Bachelors,Marketing,5,0,65721.02
794,22,Bachelors,HR,2,1,83776.93
113,11,Bachelors,HR,2,0,60954.92
37,21,Masters,Marketing,3,1,88903.95
106,1,Masters,HR,1,0,50137.17
396,9,Masters,HR,5,0,77774.11
363,20,Bachelors,Engineering,5,1,86445.56
517,23,HighSchool,HR,3,1,84166.25
205,21,Bachelors,Sales,5,1,85894.47
245,14,Bachelors,Engineering,1,0,70578.87
222,22,Bachelors,Sales,3,1,89287.58
247,28,Masters,Engineering,1,1,101931.55
366,26,PhD,Sales,3,1,112552.59
345,12,PhD,Marketing,5,1,87419.59
442,26,Bachelors,Sales,5,1,98649.92
595,23,HighSchool,Marketing,4,1,86467.1
770,7,Masters,Sales,5,0,67515.46
583,26,HighSchool,Marketing,4,1,91523.65
352,12,Masters,Marketing,5,0,73463.18
781,25,Masters,Sales,4,1,103616.62
250,21,HighSchool,HR,2,1,82557.12
682,9,Bachelors,Engineering,2,0,63194.37
123,13,Bachelors,Marketing,3,0,69854.39
637,23,Bachelors,Sales,5,1,86597.75
407,7,HighSchool,HR,2,0,55666.6
684,9,Masters,Engineering,4,0,69604.51
165,7,Bachelors,Sales,4,0,64020.34
686,21,Masters,Engineering,5,1,101292.95
702,6,Masters,Marketing,3,0,64485.17
650,27,Masters,Marketing,5,1,104969.24
664,13,Masters,HR,2,1,78909.95
240,24,HighSchool,Sales,2,0,76270.34
84,26,HighSchool,Engineering,3,1,83634.03
561,25,Bachelors,Sales,3,1,96368.84
296,12,Masters,Sales,5,1,78786.7
679,4,Bachelors,Sales,4,0,58702.33
71,26,Bachelors,Sales,2,1,88779.43
692,29,Masters,Sales,1,1,110085.23
520,8,HighSchool,HR,5,0,56947.38
99,18,Masters,HR,3,1,86696.79
613,4,Bachelors,Marketing,5,0,62269.15
739,11,PhD,Marketing,5,1,81754.74
599,18,HighSchool,HR,1,0,66265.78
128,4,HighSchool,HR,3,0,48598.02
673,25,Masters,HR,2,1,95941.18
2,18,HighSchool,Engineering,4,0,78365.98
526,3,Bachelors,Engineering,3,0,53046.08
309,4,Bachelors,HR,5,0,58689.68
411,11,HighSchool,Marketing,1,0,61965.31
172,19,Bachelors,Marketing,3,1,81961.03
418,25,Bachelors,Marketing,5,1,94841.59
608,22,Bachelors,Engineering,4,1,91692.52
461,10,Masters,Engineering,1,0,70933.52
694,26,HighSchool,Sales,1,1,85070.67
424,9,Masters,HR,4,0,72808.51
316,11,Bachelors,Sales,1,0,63378.52
377,7,Bachelors,Engineering,2,0,62407.51
525,27,Bachelors,Marketing,4,1,98139.13
695,7,Bachelors,HR,5,0,64416.44
439,24,Bachelors,Sales,3,1,86562.75
700,11,Bachelors,Engineering,3,0,69085.12
151,25,Bachelors,Sales,5,1,95174.33
800,17,Bachelors,Marketing,1,0,74748.89
645,10,Masters,HR,4,0,72742.64
410,17,HighSchool,Marketing,2,0,63740.14
144,9,PhD,Marketing,2,1,80471.44
527,15,Masters,HR,1,1,81321.06
689,21,Bachelors,Sales,2,1,84591.23
209,13,HighSchool,Sales,3,0,63851.77
441,22,Bachelors,Marketing,2,1,84761.73
132,7,Bachelors,Engineering,3,0,52372.12
381,28,Masters,Marketing,1,1,104275.41
175,1,Masters,Marketing,2,0,58055.92
534,27,Masters,Engineering,4,1,105506.88
271,6,Masters,HR,4,0,67344.65
408,5,Bachelors,Marketing,2,0,51272.93
571,24,Bachelors,HR,5,1,88241.29
124,19,Masters,Sales,2,1,91880.68
139,28,PhD,Sales,4,1,122951.95
52,15,Masters,HR,1,0,78180.12
276,15,PhD,HR,5,1,92980.4
774,26,HighSchool,Marketing,2,1,83606.24
343,7,PhD,Sales,2,0,73790.05
257,3,Bachelors,Engineering,4,0,54934.57
183,29,Bachelors,HR,5,1,99414.99
301,22,Masters,Marketing,4,1,91009.34
760,27,Masters,Marketing,5,1,102640.08
241,29,Bachelors,Engineering,5,1,104348.13
231,17,Masters,Engineering,2,1,84919.19
327,17,PhD,Sales,5,1,93174.52
459,20,HighSchool,Engineering,5,1,79820.88
466,26,Bachelors,Marketing,3,1,93535.25
164,27,Bachelors,Engineering,4,1,101665.4
168,5,Masters,Sales,1,0,56407.42
146,26,Bachelors,HR,1,1,88093.91
207,2,Bachelors,Sales,3,0,45947.08
501,9,Bachelors,Marketing,1,0,63970.57
189,14,Masters,Marketing,5,1,85333.46
325,24,Bachelors,Sales,3,1,92962.81
680,0,HighSchool,Engineering,4,0,42972.43
796,4,Masters,HR,5,0,63415.81
80,4,Bachelors,HR,1,0,52186.16
647,27,Bachelors,Marketing,4,1,101109.01
722,7,Bachelors,Marketing,2,0,56291.08
230,0,Bachelors,HR,3,0,45322.95
621,12,Masters,Engineering,2,1,81518.5
101,20,Bachelors,Engineering,2,1,87079.36
291,21,Bachelors,Engineering,5,1,90561.45
445,17,Bachelors,Sales,1,0,72470.97
758,14,HighSchool,Marketing,3,0,65258.97
54,13,Masters,Marketing,4,0,76491.22
392,20,Bachelors,Engineering,5,1,81403.55
772,13,PhD,Engineering,1,1,81135.02
799,25,Bachelors,Engineering,4,1,90113.21
252,6,Bachelors,Marketing,3,0,59633.63
500,11,Bachelors,HR,5,0,71764.12
476,6,Bachelors,Sales,2,0,60943.18
272,13,Bachelors,HR,3,0,64219.97
45,25,Bachelors,HR,5,1,93752.42
114,24,Masters,Sales,3,1,105249.65
25,21,Bachelors,Sales,4,1,93202.1
212,10,Masters,Engineering,4,0,72244.78
170,26,Bachelors,Marketing,2,1,101511.76
592,29,Bachelors,Marketing,3,1,102939.31
778,24,HighSchool,Engineering,2,1,80042.64
597,2,PhD,Sales,2,0,66517.97
521,4,Bachelors,Sales,1,0,54177.95
33,15,Masters,HR,1,1,79841.51
110,9,Bachelors,Marketing,3,0,63773.33
137,12,Bachelors,Sales,5,0,72055.75
331,27,Bachelors,Marketing,1,1,91517.45
223,23,HighSchool,Engineering,4,1,81304.08
29,14,Masters,HR,4,0,77714.61
288,26,Masters,HR,5,1,110385.31
56,27,Bachelors,Sales,2,1,98453.68
706,0,HighSchool,Sales,4,0,43185.49
720,20,Masters,Engineering,3,1,89635.91
49,13,Masters,Engineering,4,0,74738.21
723,7,HighSchool,Marketing,4,0,52869.47
783,8,Bachelors,HR,4,0,61272.76
546,13,Bachelors,Sales,5,1,80608.74
478,16,Bachelors,HR,2,1,80623.45
548,26,PhD,Marketing,2,1,102935.4
64,7,Bachelors,Sales,1,0,54972.83
414,24,Bachelors,HR,2,1,85005.07
385,7,Masters,Sales,3,0,63428.33
711,5,Bachelors,Marketing,2,0,56918.19
323,8,HighSchool,Marketing,1,0,49493.15
452,2,Bachelors,Marketing,5,0,55307.31
624,11,Masters,Marketing,2,0,71196.56
235,19,PhD,Sales,1,1,93877.8
558,23,HighSchool,Marketing,2,1,87621.52
463,2,Masters,Marketing,2,0,62446.41
425,4,Masters,HR,4,0,62657.94
705,12,Bachelors,Sales,1,0,69450.56
304,24,PhD,Sales,5,1,118568.99
707,29,Bachelors,Marketing,2,1,92538.4
220,15,Masters,HR,3,1,83059.59
697,19,Bachelors,Sales,5,1,86467.52
297,4,HighSchool,Sales,4,0,45512.84
22,9,PhD,Marketing,2,1,80214.2
421,17,Bachelors,Engineering,5,1,84091.0
326,25,Bachelors,HR,1,1,94001.8
200,3,Bachelors,Marketing,5,0,54986.39
451,23,HighSchool,HR,1,0,78486.72
138,29,Bachelors,Sales,5,1,104777.04
537,25,HighSchool,HR,3,1,84877.48
629,23,HighSchool,Sales,2,1,80664.65
213,1,HighSchool,HR,1,0,34344.69
771,27,Bachelors,Engineering,4,1,91670.75
748,28,Masters,Marketing,4,1,104434.2
737,5,Bachelors,Engineering,4,0,53928.8
506,6,Masters,Engineering,4,0,67455.21
652,3,Masters,Engineering,1,0,58282.59
232,22,PhD,HR,3,1,110005.87
406,18,HighSchool,Marketing,4,0,75713.19
569,28,Bachelors,Sales,4,1,97268.45
318,6,Masters,Sales,5,0,69281.87
184,26,Bachelors,Sales,2,1,90343.27
687,7,Bachelors,HR,1,0,62262.01
685,13,Bachelors,HR,2,0,64527.44
610,21,PhD,Sales,5,1,114753.14
627,0,Masters,Sales,2,0,55368.93
486,13,Bachelors,Marketing,2,0,62037.27
279,26,HighSchool,Engineering,4,1,84122.84
631,0,Masters,Marketing,5,0,55634.67
21,24,Masters,Sales,3,1,94838.66
171,29,PhD,Sales,1,1,112885.13
402,24,Bachelors,Sales,3,1,94087.33
740,5,Masters,Sales,4,0,63272.44
567,6,Bachelors,Engineering,3,0,65410.57
177,29,Masters,Engineering,4,1,105744.03
328,3,HighSchool,Marketing,3,0,43524.18
199,27,Masters,Sales,4,1,110087.38
471,10,Bachelors,HR,5,0,67711.61
675,4,Bachelors,Engineering,4,0,53240.29
267,4,Masters,Sales,5,0,62857.85
616,12,Bachelors,Marketing,4,0,60129.14
493,25,Bachelors,Sales,2,1,94034.0
131,10,Bachelors,Sales,3,0,62943.81
339,3,Bachelors,Sales,2,0,54309.48
683,11,HighSchool,HR,3,0,63561.94
490,3,Bachelors,Engineering,5,0,55915.88
573,8,HighSchool,Sales,4,0,53651.24
607,17,Bachelors,Engineering,1,0,76432.03
194,0,Masters,HR,3,0,57207.33
141,0,HighSchool,HR,2,0,41638.17
417,27,Masters,Marketing,1,1,101382.89
661,16,Masters,Marketing,5,1,88686.1
477,4,Masters,Sales,3,0,66266.88
153,14,Bachelors,HR,1,0,68907.51
718,5,Masters,Sales,5,0,65249.63
11,8,Masters,Marketing,3,0,73106.37
270,28,Masters,HR,3,1,103086.35
97,21,HighSchool,HR,4,0,77907.37
211,20,HighSchool,HR,1,0,70017.02
790,9,HighSchool,Marketing,4,0,57980.23
570,22,Masters,Engineering,3,1,96285.53
549,26,Masters,HR,3,1,102530.54
755,22,Bachelors,HR,1,1,86220.83
533,22,HighSchool,HR,3,1,83483.72
747,28,HighSchool,HR,3,1,88157.4
333,5,HighSchool,HR,2,0,49740.41
76,0,Masters,HR,5,0,61330.04
78,24,Masters,HR,1,1,94031.74
264,17,Bachelors,Sales,5,1,84647.83
150,3,Bachelors,HR,5,0,59240.47
746,29,Masters,Marketing,5,1,111696.45
515,10,Bachelors,HR,5,0,68613.87
752,29,Masters,Engineering,3,1,105653.49
470,4,Bachelors,HR,4,0,51460.44
565,21,Bachelors,Sales,2,1,82012.56
462,9,Masters,Marketing,2,0,67727.18
254,5,Bachelors,Marketing,2,0,52971.34
370,27,Bachelors,Marketing,5,1,99938.97
322,6,PhD,Sales,2,0,72461.84
696,27,Masters,Marketing,4,1,109267.69
152,25,Masters,Sales,1,1,94820.94
303,23,Masters,HR,3,1,101983.25
191,13,Masters,Engineering,3,1,80854.01
587,13,Bachelors,Engineering,3,0,71305.97
349,22,HighSchool,Engineering,1,0,74151.85
244,18,Masters,Sales,2,1,89730.41
88,25,Masters,Engineering,3,1,106341.31
656,29,Bachelors,Marketing,3,1,99143.28
728,15,Bachelors,Marketing,3,0,74709.11
419,0,Bachelors,Marketing,3,0,49319.83
289,11,Masters,HR,5,1,83258.02
649,11,PhD,HR,3,1,86595.25
167,1,Bachelors,HR,1,0,46439.59
596,25,HighSchool,Sales,1,1,80455.62
791,9,Bachelors,Engineering,2,0,62971.43
156,27,Bachelors,Sales,2,1,95604.22
357,26,Bachelors,HR,5,1,96670.43
382,5,Masters,Marketing,2,0,64914.45
280,26,HighSchool,HR,2,1,81968.46
127,28,Bachelors,Sales,4,1,97404.49
708,15,Bachelors,Sales,4,0,77756.06
23,10,Bachelors,HR,2,0,66497.43
617,14,Masters,Engineering,3,1,84203.45
666,22,Bachelors,HR,2,1,89367.5
283,17,Bachelors,HR,5,1,82262.62
472,0,Bachelors,Marketing,1,0,47214.86
368,15,Bachelors,HR,2,0,74619.93
26,7,HighSchool,HR,2,0,55403.12
197,24,Bachelors,Engineering,1,1,93975.89
65,29,PhD,Marketing,2,1,115537.14
16,24,Masters,Engineering,3,1,97520.43
467,13,Bachelors,HR,4,0,72982.96
298,15,Masters,Engineering,1,1,79859.35
622,16,Bachelors,Sales,4,0,77638.99
337,11,Masters,Sales,2,0,77288.63
27,29,Masters,HR,1,1,102812.43
589,3,Bachelors,Engineering,5,0,58370.87
44,4,HighSchool,Engineering,5,0,47811.27
498,24,Masters,Marketing,3,1,102328.47
516,22,Bachelors,HR,1,1,82048.01
766,17,PhD,HR,4,1,91307.66
562,20,Masters,Engineering,2,1,91841.1
455,1,HighSchool,Engineering,1,0,40199.04
388,17,Bachelors,HR,1,0,74260.01
72,6,Bachelors,Engineering,1,0,50556.31
543,25,HighSchool,Engineering,5,1,82009.51
457,27,Masters,HR,2,1,101541.38
634,27,Bachelors,HR,4,1,92103.29
432,9,Bachelors,HR,5,0,62996.56
628,21,Bachelors,HR,3,1,80633.05
654,2,Bachelors,Sales,2,0,45228.1
729,21,Masters,Marketing,2,1,95390.79
265,29,Masters,Sales,3,1,102771.14
210,26,Bachelors,HR,2,1,91932.34
317,21,Bachelors,Sales,2,1,87374.74
514,2,Masters,Marketing,3,0,57156.02
314,9,Masters,Engineering,3,0,67977.55
535,21,Bachelors,Marketing,1,0,75037.01
320,1,Masters,Engineering,1,0,54746.86
8,6,PhD,Marketing,2,0,74909.09
394,0,Masters,Sales,1,0,56534.33
142,20,Masters,HR,3,1,93313.3
87,28,Bachelors,Sales,1,1,93321.59
479,18,Bachelors,HR,2,1,82189.3
504,16,PhD,Engineering,4,1,92906.65
754,6,HighSchool,Sales,4,0,47971.1
216,20,PhD,Marketing,2,1,99379.23
581,16,Bachelors,Engineering,4,0,78599.6
563,10,Bachelors,Sales,3,0,63426.4
399,25,Masters,HR,1,1,85418.95
669,13,Masters,Engineering,1,0,76736.74
491,17,Bachelors,Marketing,4,0,73735.49
253,5,Masters,HR,4,0,67160.34
469,4,Bachelors,HR,1,0,51515.68
358,21,Bachelors,Marketing,1,1,81834.28
255,27,Masters,Engineering,2,1,103123.26
277,28,Bachelors,Marketing,2,1,103002.48
179,6,PhD,Marketing,3,0,73039.7
282,22,Masters,Sales,4,1,103955.4
391,3,HighSchool,Sales,2,0,42252.52
509,6,Bachelors,HR,1,0,57321.35
750,6,Bachelors,Engineering,5,0,57824.92
584,5,Bachelors,Sales,3,0,58092.81
130,13,Bachelors,Marketing,1,0,75235.62
145,14,PhD,Sales,3,1,90800.36
646,21,Bachelors,Marketing,2,1,79727.84
716,14,HighSchool,Marketing,5,0,70229.98
768,1,PhD,Sales,2,0,67766.28
73,21,HighSchool,Marketing,1,0,75526.96
236,4,Masters,Engineering,3,0,65761.01
38,18,Masters,Sales,3,1,84864.77
