passenger_id,pclass,sex,age,sibsp,parch,fare,embarked,boat,survived
1001,1,male,30.0,1,0,218.52,S,16,1
1002,1,female,41.0,0,0,115.86,S,12,1
1003,3,male,21.0,0,0,3.73,S,,0
1004,1,male,43.0,0,0,51.19,C,,0
1005,3,male,2.0,0,1,7.98,S,,0
1006,3,male,31.0,0,0,9.23,S,,0
1007,3,male,34.0,1,0,4.94,S,,0
1008,2,female,35.0,0,0,13.97,S,14,1
1009,3,male,18.0,0,0,9.86,S,,0
1010,3,male,29.0,1,2,5.99,S,,0
1011,3,male,,1,0,9.99,S,,0
1012,3,female,23.0,0,2,3.66,S,6,1
1013,3,male,14.0,0,0,6.96,S,,0
1014,3,male,27.0,0,0,11.03,Q,,0
1015,3,male,56.0,0,0,17.04,S,,0
1016,3,male,26.0,0,1,6.14,S,,0
1017,1,female,67.0,1,0,80.58,S,9,1
1018,3,male,13.0,2,2,7.85,C,,0
1019,3,male,22.0,3,0,19.54,C,,0
1020,1,male,33.0,1,0,88.83,C,6,1
1021,3,female,26.0,0,0,7.02,Q,10,1
1022,2,male,,0,0,32.96,S,,0
1023,3,male,5.0,0,1,5.11,S,,0
1024,3,male,27.0,0,0,5.91,S,12,1
1025,3,female,22.0,0,0,6.77,C,,0
1026,2,male,24.0,0,1,7.74,S,,0
1027,3,male,34.0,1,0,6.5,S,,0
1028,1,male,57.0,0,3,108.47,S,,0
1029,3,male,27.0,2,0,15.56,Q,10,1
1030,2,female,38.0,0,2,11.41,S,3,1
1031,3,male,37.0,1,1,8.52,Q,,0
1032,2,female,32.0,2,1,13.96,C,8,1
1033,2,male,32.0,1,1,13.93,C,,0
1034,3,female,42.0,0,0,9.56,C,,0
1035,1,male,29.0,0,0,41.61,C,,1
1036,3,male,4.0,0,2,12.44,S,1,1
1037,3,male,,0,0,12.45,C,,0
1038,3,male,15.0,0,2,3.43,S,,0
1039,3,male,,0,0,13.35,S,,0
1040,3,female,21.0,0,0,4.92,C,16,1
1041,3,female,42.0,0,0,4.8,S,,0
1042,1,male,42.0,0,0,114.62,S,9,1
1043,3,female,28.0,1,0,7.21,Q,2,1
1044,3,male,,0,2,18.97,C,,0
1045,2,male,13.0,0,1,18.43,S,,0
1046,3,male,23.0,0,0,6.58,S,,0
1047,3,male,,0,0,5.59,S,,0
1048,3,male,24.0,0,0,8.95,S,,0
1049,1,male,,0,0,105.76,S,12,1
1050,3,male,3.0,0,1,4.58,C,8,1
1051,3,female,,0,1,12.16,S,,0
1052,3,male,34.0,0,0,2.67,S,,0
1053,3,male,,0,0,7.81,S,,0
1054,1,female,55.0,1,0,29.14,S,14,1
1055,3,male,21.0,1,0,8.58,S,D,1
1056,2,female,22.0,1,0,12.11,S,3,1
1057,2,male,35.0,0,0,13.2,S,,0
1058,3,male,31.0,1,0,5.65,C,,0
1059,1,male,,0,0,69.04,S,,0
1060,3,male,1.0,0,1,4.88,Q,,0
1061,3,male,24.0,1,0,45.6,Q,,0
1062,3,male,8.0,0,2,6.68,S,12,1
1063,3,male,14.0,0,0,8.32,S,,0
1064,1,female,15.0,0,0,59.45,S,,1
1065,3,male,15.0,1,0,8.62,Q,,0
1066,2,female,8.0,0,1,11.17,S,15,1
1067,2,female,45.0,0,0,21.78,S,11,1
1068,3,male,12.0,0,2,5.29,S,,0
1069,1,male,20.0,0,0,125.04,S,D,1
1070,1,male,35.0,1,0,61.02,S,A,1
1071,1,male,31.0,0,0,89.5,C,,1
1072,3,male,55.0,0,0,8.15,C,,0
1073,2,male,15.0,1,0,20.55,S,,0
1074,2,female,32.0,0,0,38.12,C,15,1
1075,3,female,38.0,0,0,6.8,S,,0
1076,1,male,44.0,0,0,92.31,C,1,1
1077,1,male,53.0,0,0,46.41,C,12,1
1078,3,male,1.0,0,1,19.51,S,6,1
1079,3,male,29.0,0,0,9.18,S,9,1
1080,3,male,25.0,0,0,13.1,S,8,1
1081,3,male,34.0,0,1,4.28,Q,,0
1082,3,female,5.0,0,2,7.39,S,,0
1083,1,male,,2,0,89.51,S,,0
1084,3,male,32.0,0,0,9.78,C,,0
1085,1,female,,0,0,98.42,C,,0
1086,3,male,21.0,0,1,18.75,Q,,0
1087,3,female,36.0,0,0,7.59,C,,0
1088,3,male,30.0,0,0,10.59,S,,0
1089,3,male,42.0,0,0,3.05,S,,0
1090,1,female,27.0,1,0,57.37,C,16,1
1091,3,female,,3,0,29.32,C,,0
1092,2,male,28.0,1,0,46.02,C,,0
1093,3,female,36.0,1,1,8.32,C,5,1
1094,3,female,21.0,0,0,10.47,S,,0
1095,2,male,39.0,0,0,7.86,S,,0
1096,3,female,4.0,0,1,14.72,C,,0
1097,3,male,2.0,0,2,8.36,S,,0
1098,3,female,27.0,0,0,11.12,S,,0
1099,1,male,33.0,1,0,63.87,C,9,1
1100,2,male,23.0,0,2,12.62,S,7,0
1101,2,female,22.0,0,0,20.93,S,16,1
1102,3,female,55.0,0,0,10.66,S,,0
1103,2,female,33.0,0,0,7.83,S,7,1
1104,1,male,13.0,0,1,38.82,C,5,1
1105,3,male,16.0,0,3,11.66,S,,0
1106,1,male,18.0,0,0,50.8,S,,0
1107,3,female,14.0,0,0,8.53,Q,,0
1108,1,male,42.0,0,1,43.85,S,,0
1109,3,female,35.0,0,0,7.11,S,,0
1110,3,female,24.0,0,1,3.06,S,,0
1111,2,male,14.0,0,0,10.47,S,,0
1112,3,male,,0,2,8.6,S,,0
1113,3,male,5.0,2,2,15.98,Q,,0
1114,3,female,25.0,0,1,3.66,S,,0
1115,1,male,6.0,0,2,74.71,S,4,1
1116,3,female,,0,0,4.68,S,7,1
1117,1,male,20.0,1,1,23.79,S,13,1
1118,2,female,18.0,1,1,6.49,C,D,1
1119,3,male,23.0,0,0,9.19,S,,0
1120,3,female,27.0,0,0,6.66,S,,0
1121,2,male,,0,0,19.42,C,12,1
1122,1,female,40.0,0,0,35.36,C,,0
1123,3,male,28.0,1,0,3.99,Q,,0
1124,3,male,45.0,0,0,4.78,S,15,1
1125,3,female,29.0,2,0,11.86,S,6,1
1126,3,male,,0,2,10.46,S,,0
1127,3,male,73.0,1,0,23.64,S,,0
1128,1,male,24.0,3,0,90.4,S,,0
1129,1,female,21.0,0,0,30.59,S,10,1
1130,1,male,31.0,0,0,431.05,C,C,1
1131,2,male,30.0,0,0,11.03,S,,0
1132,3,male,34.0,0,0,6.02,S,10,1
1133,2,male,26.0,0,0,21.89,C,,0
1134,3,male,28.0,0,1,8.28,S,,0
1135,3,male,28.0,1,0,10.77,C,,0
1136,1,male,52.0,0,2,61.71,S,,0
1137,1,male,24.0,2,1,78.32,C,,0
1138,3,male,18.0,1,0,8.84,Q,,0
1139,3,male,34.0,0,0,11.09,C,,0
1140,3,male,45.0,0,0,4.25,Q,,0
1141,2,female,38.0,1,0,33.45,S,16,1
1142,3,female,41.0,1,2,11.36,S,,1
1143,2,female,9.0,0,1,16.18,C,D,1
1144,3,female,,0,2,10.92,S,7,1
1145,1,female,37.0,0,0,66.33,C,16,1
1146,3,male,7.0,0,2,8.33,S,,0
1147,1,male,15.0,1,0,99.39,S,,0
1148,1,male,49.0,1,1,65.59,C,2,1
1149,3,female,18.0,0,2,9.46,S,13,1
1150,3,female,,2,1,5.83,S,3,1
1151,3,male,27.0,0,0,4.89,Q,,0
1152,3,male,21.0,0,0,7.47,S,,0
1153,3,male,25.0,0,2,7.71,Q,,0
1154,1,male,,0,0,30.92,S,11,1
1155,3,male,,0,0,6.51,S,,0
1156,1,female,,0,1,85.31,S,12,1
1157,3,male,10.0,0,1,2.34,Q,,0
1158,3,male,36.0,1,0,10.54,S,,0
1159,1,male,,0,0,55.46,S,,0
1160,2,female,30.0,1,0,33.61,S,6,1
1161,3,male,25.0,0,0,11.04,Q,,0
1162,3,male,44.0,0,0,9.72,S,,0
1163,3,male,31.0,0,3,6.41,S,,0
1164,1,female,42.0,0,0,104.39,C,4,1
1165,3,male,15.0,1,0,4.84,S,,0
1166,3,male,24.0,0,0,3.86,S,,0
1167,3,female,15.0,1,0,13.62,S,,0
1168,2,male,34.0,0,2,21.77,S,,0
1169,3,male,,1,0,5.92,C,,0
1170,3,male,,2,1,29.29,S,,0
1171,3,male,13.0,1,2,11.72,S,,0
1172,3,male,,1,1,21.12,S,,0
1173,3,male,21.0,1,1,10.29,S,,0
1174,3,male,29.0,0,1,6.55,Q,,0
1175,3,female,27.0,0,0,3.52,S,15,1
1176,1,female,41.0,2,0,42.56,C,14,1
1177,3,female,27.0,0,0,7.71,S,A,1
1178,2,female,30.0,2,0,49.04,C,,0
1179,2,male,37.0,0,1,11.91,C,,0
1180,1,male,25.0,1,0,23.98,C,1,1
1181,3,male,43.0,0,0,16.3,S,3,1
1182,2,male,51.0,0,0,14.56,S,,0
1183,1,female,23.0,0,0,28.23,S,B,1
1184,1,female,39.0,1,0,39.19,C,10,1
1185,1,female,38.0,0,0,78.98,S,12,1
1186,3,female,17.0,0,0,5.45,S,16,1
1187,3,female,39.0,3,0,19.72,Q,6,1
1188,2,male,43.0,0,0,17.41,S,9,0
1189,3,male,22.0,0,2,5.1,Q,,0
1190,3,male,38.0,0,0,10.02,C,,0
1191,3,male,20.0,0,1,14.03,Q,,0
1192,3,male,23.0,0,0,5.98,S,,0
1193,1,male,17.0,0,2,84.62,C,D,1
1194,3,female,,1,0,10.94,S,,0
1195,3,female,33.0,1,2,7.0,Q,,1
1196,3,male,19.0,0,0,6.66,S,,0
1197,1,male,29.0,0,0,75.79,S,,0
1198,1,female,10.0,1,2,44.13,S,6,1
1199,3,female,8.0,1,1,19.91,S,2,1
1200,3,female,24.0,0,0,5.83,S,B,1
1201,3,female,14.0,1,0,8.12,S,10,1
1202,3,male,45.0,2,0,23.43,S,,0
1203,1,male,,0,0,77.63,S,,0
1204,3,male,55.0,0,2,8.76,C,,0
1205,1,male,53.0,1,0,50.5,S,,0
1206,1,male,41.0,3,1,280.6,Q,,0
1207,2,male,17.0,0,0,17.18,S,,0
1208,3,female,23.0,0,1,16.55,Q,8,1
1209,1,male,10.0,0,1,116.57,S,C,1
1210,3,male,,0,0,7.05,Q,,0
1211,1,male,42.0,0,1,132.59,C,,0
1212,3,male,41.0,1,0,24.91,S,13,1
1213,3,female,38.0,0,0,5.55,S,13,1
1214,2,female,,0,0,9.21,S,,0
1215,3,female,11.0,0,1,11.34,S,11,1
1216,3,male,19.0,4,0,45.27,S,,0
1217,1,male,4.0,0,2,72.28,C,11,1
1218,3,male,28.0,0,0,3.89,S,,0
1219,1,female,32.0,0,1,59.46,S,1,1
1220,3,male,26.0,0,0,9.37,S,,0
1221,3,male,32.0,0,0,3.01,S,,0
1222,2,female,9.0,1,1,25.91,Q,15,1
1223,3,female,17.0,0,0,9.3,S,,0
1224,2,male,28.0,0,0,11.75,S,,0
1225,2,female,36.0,0,0,17.52,S,13,1
1226,3,male,9.0,1,1,30.61,S,,0
1227,1,female,51.0,1,1,90.69,S,11,1
1228,2,female,17.0,0,0,17.21,S,1,1
1229,2,male,41.0,0,0,12.96,S,,0
1230,1,male,45.0,1,0,406.39,S,,0
1231,2,female,29.0,0,2,8.46,C,12,1
1232,2,male,23.0,0,0,13.25,S,4,0
1233,1,male,4.0,0,2,30.29,S,9,1
1234,3,male,3.0,0,1,5.64,S,,0
1235,3,male,32.0,0,0,7.06,S,A,1
1236,1,male,4.0,0,1,143.11,C,15,1
1237,3,male,27.0,0,0,9.07,S,,0
1238,2,male,12.0,1,1,37.21,S,,0
1239,3,female,15.0,0,0,10.32,C,9,1
1240,3,male,,0,2,6.74,S,8,1
1241,3,male,8.0,0,2,21.04,S,,0
1242,3,male,12.0,0,1,6.51,S,B,1
1243,3,female,41.0,0,0,5.41,S,D,1
1244,1,female,16.0,0,1,72.9,S,C,1
1245,1,female,56.0,0,0,84.47,S,9,1
1246,1,male,35.0,0,0,57.39,S,,1
1247,1,female,44.0,0,0,139.69,S,1,1
1248,3,male,,1,0,9.99,S,,0
1249,3,male,30.0,0,0,16.09,C,,0
1250,3,male,,0,0,11.63,C,,0
1251,3,male,14.0,1,0,6.89,S,B,1
1252,3,male,,0,0,8.86,S,,0
1253,3,male,5.0,0,1,7.85,S,,1
1254,3,male,43.0,0,0,9.56,C,7,0
1255,1,male,55.0,0,0,90.62,S,2,1
1256,1,male,29.0,0,0,62.84,Q,,0
1257,1,male,46.0,3,0,89.91,C,,0
1258,1,female,54.0,1,0,118.96,S,13,1
1259,1,female,37.0,1,0,123.5,S,1,1
1260,1,male,51.0,0,0,57.39,S,,0
1261,3,male,24.0,0,0,8.67,S,,0
1262,1,female,,2,0,68.28,C,,1
1263,1,female,32.0,0,0,127.34,S,,1
1264,3,male,24.0,0,0,5.27,S,,0
1265,3,male,45.0,0,1,6.22,S,,0
1266,2,female,26.0,0,3,18.82,S,16,1
1267,3,male,27.0,0,2,16.86,S,,0
1268,3,female,15.0,1,0,20.64,Q,,0
1269,2,female,48.0,3,0,13.12,S,A,1
1270,3,male,18.0,3,0,13.48,C,,0
1271,3,male,37.0,0,0,11.47,S,6,1
1272,3,female,7.0,0,1,9.74,Q,,1
1273,3,male,35.0,0,0,5.23,S,4,1
1274,3,female,10.0,1,1,7.14,Q,3,1
1275,3,female,29.0,0,0,9.3,Q,,0
1276,1,male,51.0,0,2,70.26,C,,0
1277,3,male,34.0,0,0,5.05,Q,,0
1278,3,male,1.0,0,1,12.42,S,,1
1279,3,male,11.0,0,2,5.58,S,,0
1280,3,female,24.0,0,0,5.67,S,7,1
1281,1,female,14.0,0,0,32.99,C,9,1
1282,1,male,41.0,0,2,78.32,C,13,1
1283,2,male,34.0,0,1,15.4,Q,,0
1284,3,male,36.0,0,0,12.28,Q,,0
1285,1,male,42.0,0,0,70.36,S,,0
1286,2,female,19.0,0,0,10.48,S,14,1
1287,3,male,11.0,1,2,11.61,S,,0
1288,2,female,36.0,1,0,57.51,S,,0
1289,3,male,26.0,1,0,7.6,S,,0
1290,3,male,33.0,0,0,11.22,S,,1
1291,3,female,33.0,0,0,5.32,C,,0
1292,3,female,,0,2,5.76,Q,9,1
1293,3,male,17.0,0,0,8.59,C,,0
1294,3,female,19.0,0,0,6.51,S,,1
1295,3,male,42.0,1,1,14.33,S,,0
1296,1,female,,0,0,64.06,C,B,1
1297,1,female,7.0,0,2,50.49,C,B,1
1298,3,female,13.0,0,2,12.39,Q,C,1
1299,3,female,,0,1,6.49,Q,14,1
1300,3,male,28.0,0,0,9.45,S,,0
1301,1,female,38.0,0,0,38.6,S,8,1
1302,1,female,28.0,1,0,129.94,Q,8,1
1303,3,female,30.0,0,0,4.97,S,,0
1304,3,male,36.0,0,0,9.26,S,,0
1305,3,female,15.0,0,1,7.33,S,D,1
1306,3,male,,0,2,13.26,Q,,0
1307,3,female,26.0,0,0,6.59,S,13,1
1308,3,male,,0,0,4.79,S,,0
1309,3,male,1.0,1,1,18.93,S,,0
1310,3,male,,0,0,4.07,S,,0
1311,1,male,51.0,0,3,96.04,C,16,1
1312,1,female,22.0,0,0,394.93,S,,1
1313,3,female,2.0,0,1,12.16,Q,,0
1314,3,male,1.0,0,1,6.39,Q,3,1
1315,1,male,,0,0,60.2,S,3,1
1316,1,male,47.0,1,0,113.88,S,,1
1317,3,female,32.0,0,0,8.36,S,,0
1318,2,female,15.0,0,0,6.52,S,,0
1319,3,male,50.0,0,0,12.73,S,,0
1320,3,female,23.0,0,2,11.1,Q,2,1
1321,3,female,,0,1,9.61,S,4,1
1322,3,male,36.0,0,0,9.56,S,C,1
1323,3,male,,0,0,14.31,S,,0
1324,1,male,20.0,0,1,399.41,C,,0
1325,1,female,41.0,0,0,43.11,S,15,1
1326,1,male,43.0,0,0,107.19,C,B,1
1327,3,male,32.0,0,0,22.12,S,,0
1328,2,male,9.0,1,1,14.58,C,,0
1329,1,female,,0,0,51.09,S,,0
1330,2,male,1.0,0,2,19.43,S,,0
1331,1,female,35.0,0,0,65.69,C,6,1
1332,2,female,35.0,1,0,15.8,S,B,1
1333,3,female,18.0,0,0,11.82,S,4,1
1334,3,female,56.0,0,0,5.95,C,,0
1335,1,female,7.0,0,1,43.22,S,D,1
1336,3,male,12.0,0,1,5.83,S,,0
1337,3,male,32.0,0,0,4.63,C,,0
1338,3,male,,0,1,11.25,S,,0
1339,1,female,,1,0,88.73,C,,0
1340,3,female,56.0,1,0,26.55,Q,9,1
1341,3,female,6.0,0,2,4.42,C,6,1
1342,3,female,30.0,0,0,6.51,S,3,1
1343,1,female,25.0,0,0,269.02,S,12,1
1344,3,female,27.0,0,0,9.42,C,,0
1345,1,male,46.0,0,0,58.83,S,,1
1346,1,male,1.0,0,1,93.83,C,,1
1347,3,female,36.0,1,0,6.69,S,13,0
1348,2,female,39.0,0,0,19.11,C,1,1
1349,1,female,42.0,0,0,487.01,S,12,1
1350,1,female,33.0,2,0,67.26,C,,1
1351,3,male,27.0,2,1,9.32,Q,,0
1352,1,female,,0,0,56.75,S,A,1
1353,3,male,12.0,0,2,8.15,S,,0
1354,3,female,12.0,0,2,14.96,S,2,1
1355,3,female,49.0,1,0,13.24,S,11,1
1356,3,male,35.0,1,0,15.45,Q,,0
1357,2,male,13.0,0,1,10.46,C,,0
1358,2,male,18.0,0,0,31.68,C,,0
1359,3,male,49.0,1,0,18.33,S,,0
1360,1,male,30.0,0,0,110.21,S,,0
1361,1,male,4.0,1,1,108.69,S,15,1
1362,2,male,6.0,0,2,9.73,S,,0
1363,2,female,50.0,0,0,7.59,S,3,1
1364,1,female,39.0,0,2,35.97,C,,0
1365,2,female,43.0,0,0,16.81,S,,0
1366,3,male,28.0,1,0,6.54,S,,0
1367,1,female,2.0,0,2,105.35,S,15,1
1368,3,female,1.0,0,2,11.09,S,D,1
1369,3,male,25.0,0,0,8.43,S,,0
1370,2,female,39.0,0,0,3.95,S,3,1
1371,3,female,,0,0,7.71,C,5,1
1372,3,male,64.0,0,0,11.6,S,,0
1373,1,male,35.0,0,0,88.02,S,10,1
1374,1,male,57.0,0,0,76.86,S,,0
1375,2,male,,0,3,33.92,S,,1
1376,2,male,,1,1,27.15,Q,,0
1377,1,male,45.0,3,0,90.76,S,,0
1378,3,male,34.0,1,0,15.21,S,4,1
1379,3,male,40.0,0,0,5.06,S,5,1
1380,1,female,22.0,0,1,111.82,S,14,1
1381,3,male,21.0,1,2,18.4,Q,,0
1382,3,male,29.0,0,2,5.04,S,,0
1383,1,male,53.0,2,2,109.35,S,,0
1384,3,female,,0,0,9.69,Q,,0
1385,3,male,36.0,0,0,8.72,S,,0
1386,3,male,23.0,0,0,3.07,S,,0
1387,3,male,18.0,0,0,4.12,S,,0
1388,2,female,29.0,1,0,7.92,S,10,1
1389,3,male,23.0,1,0,20.41,S,,0
1390,1,female,58.0,0,0,60.76,S,10,1
1391,3,female,,0,0,4.96,S,1,1
1392,1,male,56.0,0,0,79.83,C,5,1
1393,2,female,,2,0,22.7,S,,1
1394,1,female,34.0,0,0,79.87,C,15,1
1395,3,male,3.0,0,2,16.02,C,15,1
1396,1,male,49.0,2,0,87.03,S,,0
1397,1,male,47.0,1,0,46.39,S,,0
1398,2,female,10.0,0,2,15.35,S,2,1
1399,3,male,3.0,0,1,8.34,S,,0
1400,2,female,27.0,1,0,31.66,C,12,1
1401,3,male,7.0,1,2,14.71,C,,0
1402,3,male,33.0,0,0,15.76,S,,0
1403,1,female,29.0,0,0,87.6,S,13,1
1404,3,female,29.0,1,0,7.32,S,1,1
1405,3,male,23.0,0,0,4.08,S,,0
1406,3,male,46.0,0,0,11.43,Q,,0
1407,3,male,26.0,0,1,10.74,S,,0
1408,3,male,25.0,0,1,6.61,S,,0
1409,3,male,35.0,0,0,14.18,S,,0
1410,3,male,34.0,0,1,19.38,S,B,1
1411,1,female,59.0,0,0,143.75,C,2,1
1412,2,male,39.0,0,0,6.43,S,,0
1413,3,female,28.0,0,0,5.37,S,,0
1414,1,female,34.0,1,0,76.59,C,11,1
1415,1,female,55.0,3,1,193.95,S,A,1
1416,3,male,,1,0,9.62,Q,,0
1417,1,female,32.0,0,0,53.01,S,15,1
1418,2,female,48.0,0,0,5.3,C,5,1
1419,3,female,10.0,2,1,19.55,S,12,1
1420,1,male,51.0,1,0,59.6,S,,0
1421,1,male,,0,2,74.9,S,,0
1422,3,male,33.0,0,2,11.34,C,,0
1423,3,male,26.0,2,2,21.35,S,,0
1424,3,male,,0,0,12.61,S,,0
1425,1,female,1.0,0,2,108.67,S,4,1
1426,3,male,48.0,0,0,5.86,S,12,0
1427,2,male,,1,2,19.61,S,,0
1428,3,male,22.0,0,2,11.24,S,,0
1429,1,female,62.0,4,0,83.5,S,2,1
1430,1,male,30.0,0,0,120.53,S,,0
1431,2,female,,0,2,19.11,C,12,1
1432,3,male,20.0,0,1,8.85,Q,,0
1433,1,female,47.0,0,1,43.25,C,13,1
1434,3,male,4.0,0,2,4.85,S,,0
1435,1,male,34.0,0,0,59.97,S,11,1
1436,3,male,8.0,0,2,4.04,S,,0
1437,1,male,25.0,0,0,73.12,S,15,0
1438,3,male,38.0,1,0,11.52,S,,0
1439,1,female,19.0,0,0,69.09,S,15,1
1440,2,male,24.0,0,0,10.53,C,,0
1441,3,female,9.0,0,2,8.56,S,,0
1442,3,male,29.0,0,0,3.72,S,,0
1443,2,female,21.0,0,1,9.79,S,D,1
1444,3,female,38.0,0,0,25.69,C,8,1
1445,1,male,46.0,1,1,75.66,S,,0
1446,3,male,28.0,0,0,9.57,C,,0
1447,3,male,47.0,0,0,6.62,S,,0
1448,1,male,25.0,0,0,89.06,S,8,1
1449,3,female,44.0,0,0,4.71,S,,0
1450,3,male,48.0,0,0,5.99,Q,,0
1451,1,female,24.0,2,2,128.39,C,14,1
1452,3,female,16.0,0,1,8.51,Q,4,1
1453,3,male,,1,2,9.03,S,5,1
1454,1,male,25.0,0,0,77.24,C,9,1
1455,3,female,44.0,0,0,11.02,Q,,0
1456,2,female,34.0,1,0,42.57,C,C,1
1457,3,female,44.0,1,0,13.23,S,D,1
1458,3,male,3.0,0,2,9.9,S,,0
1459,1,female,,0,3,33.62,S,6,1
1460,2,female,23.0,0,2,42.14,C,16,1
1461,2,male,48.0,0,1,13.09,S,,0
1462,3,male,15.0,1,0,14.15,S,,0
1463,3,male,,0,1,14.11,S,,0
1464,3,male,,4,0,31.04,Q,,0
1465,3,female,37.0,0,0,4.75,S,A,1
1466,3,female,38.0,0,0,11.22,Q,,0
1467,3,female,9.0,3,1,16.43,S,11,1
1468,1,female,30.0,2,1,143.83,C,7,1
1469,3,female,32.0,0,0,8.47,S,16,1
1470,3,male,11.0,1,1,11.09,Q,,0
1471,3,male,35.0,1,0,20.6,Q,,0
1472,3,male,1.0,0,2,4.46,Q,A,1
1473,2,female,38.0,0,3,28.27,S,14,1
1474,3,male,36.0,0,0,7.96,Q,C,1
1475,1,female,19.0,1,0,62.35,S,2,1
1476,1,male,,0,0,43.39,S,4,1
1477,3,male,31.0,0,0,7.54,S,,0
1478,1,female,46.0,0,0,91.77,C,8,1
1479,3,male,27.0,0,0,2.28,S,,1
1480,3,female,1.0,1,1,6.84,S,9,1
1481,2,female,26.0,2,2,37.32,S,6,1
1482,2,male,31.0,1,0,12.51,S,,0
1483,1,female,38.0,1,0,46.73,Q,10,1
1484,3,male,21.0,0,0,10.65,S,,0
1485,2,female,14.0,0,0,19.19,S,,0
1486,2,male,5.0,0,2,5.68,S,5,1
1487,3,male,20.0,0,0,5.26,S,,0
1488,1,male,41.0,0,1,34.54,S,,0
1489,1,male,11.0,0,2,52.01,S,A,1
1490,3,female,20.0,0,0,17.25,S,5,1
1491,2,female,12.0,0,1,10.3,S,4,1
1492,3,male,20.0,0,2,9.15,Q,,0
1493,1,male,24.0,0,1,55.91,C,3,1
1494,1,male,23.0,0,0,57.34,C,,0
1495,1,female,26.0,0,0,30.72,S,B,1
1496,1,female,12.0,0,1,34.95,C,5,1
1497,3,female,10.0,0,2,7.77,S,15,1
1498,3,male,6.0,0,1,6.1,S,,0
1499,3,male,12.0,0,1,4.55,S,,0
1500,2,male,18.0,1,1,14.49,S,,0
1501,2,female,43.0,0,0,22.11,S,15,1
1502,2,male,9.0,0,1,7.77,C,,0
1503,3,male,29.0,0,0,11.13,Q,,0
1504,3,male,30.0,1,0,13.04,C,,0
1505,3,male,40.0,0,0,4.49,S,C,1
1506,3,male,17.0,0,1,8.06,S,,0
1507,3,female,11.0,0,1,4.26,Q,C,1
1508,1,male,29.0,1,0,118.05,C,,0
1509,3,female,19.0,0,0,15.2,C,6,1
1510,3,male,7.0,1,1,17.09,S,,0
1511,1,female,33.0,1,0,101.31,S,12,1
1512,3,male,40.0,0,0,20.94,S,,0
1513,3,female,38.0,1,0,13.7,Q,,0
1514,1,male,,0,2,56.5,C,2,1
1515,2,male,40.0,0,0,11.19,S,,0
1516,3,female,13.0,1,1,3.36,S,11,1
1517,3,male,26.0,0,1,7.61,C,,0
1518,2,male,6.0,1,1,21.63,C,,0
1519,3,male,31.0,2,0,21.28,Q,,0
1520,3,male,34.0,2,2,26.98,Q,,0
1521,3,male,41.0,1,0,2.41,S,,0
1522,3,male,8.0,0,2,7.01,S,,0
1523,3,male,,4,0,11.56,S,2,1
1524,2,female,28.0,1,0,9.09,S,14,1
1525,1,female,36.0,0,0,52.27,S,12,1
1526,2,female,16.0,0,0,14.16,S,3,1
1527,3,male,12.0,1,2,12.05,Q,6,1
1528,3,female,,0,0,11.74,S,,0
1529,3,female,43.0,0,2,12.2,S,,0
1530,3,male,12.0,1,1,9.06,C,,0
1531,3,male,18.0,0,0,4.58,Q,,0
1532,3,male,,0,0,8.77,S,,0
1533,3,female,34.0,0,0,5.42,S,13,1
1534,3,male,37.0,0,0,12.8,S,,0
1535,2,female,1.0,2,2,23.38,S,7,1
1536,3,female,32.0,1,0,6.67,S,D,1
1537,3,male,1.0,1,2,17.26,S,,0
1538,1,male,33.0,0,0,43.37,C,,0
1539,3,female,53.0,0,0,12.6,S,2,1
1540,3,male,30.0,0,1,14.87,S,,0
1541,3,male,30.0,1,0,7.66,S,,0
1542,1,female,,0,0,40.15,S,5,1
1543,2,male,30.0,0,1,33.1,S,,0
1544,2,male,13.0,0,1,35.3,S,,0
1545,3,female,21.0,0,0,5.84,S,,0
1546,2,female,47.0,0,1,15.06,C,13,1
1547,2,female,55.0,0,0,6.22,C,,0
1548,3,male,31.0,0,0,5.12,S,,0
1549,2,male,20.0,0,0,34.25,S,,0
1550,1,female,19.0,0,0,42.59,S,D,1
1551,3,male,30.0,0,0,6.86,S,,0
1552,2,male,29.0,0,0,17.97,S,,0
1553,1,female,57.0,0,0,36.81,S,9,1
1554,3,male,17.0,0,1,4.02,C,,0
1555,3,male,23.0,0,1,12.54,C,14,1
1556,3,female,26.0,0,0,11.33,S,8,1
1557,3,male,,0,0,6.91,C,,0
1558,3,male,,0,0,5.35,S,,0
1559,3,male,,1,1,12.45,S,,0
1560,1,male,,0,0,112.04,S,,0
1561,2,male,38.0,0,0,30.93,S,,0
1562,1,male,69.0,0,2,35.19,C,,0
1563,2,male,4.0,0,1,13.4,C,,0
1564,3,female,6.0,1,2,6.28,S,,0
1565,3,male,6.0,0,1,9.48,S,,0
1566,2,male,33.0,2,0,20.54,S,,0
1567,1,male,47.0,4,1,126.33,S,4,1
1568,3,female,18.0,0,0,4.94,Q,A,1
1569,2,female,14.0,1,0,16.78,C,2,1
1570,3,male,30.0,0,0,8.24,C,,0
1571,3,male,44.0,1,2,28.3,C,,0
1572,1,male,58.0,3,0,151.89,S,,0
1573,1,female,50.0,0,0,71.35,C,1,1
1574,3,female,3.0,0,2,6.75,S,14,1
1575,1,male,39.0,0,0,82.84,S,,0
1576,3,female,26.0,1,0,16.02,S,,0
1577,2,female,54.0,1,0,6.77,S,15,1
1578,3,male,30.0,0,3,3.72,C,,0
1579,3,female,3.0,0,1,6.6,Q,,0
1580,2,male,31.0,1,0,12.65,S,,0
1581,2,female,42.0,0,0,6.48,S,6,1
1582,2,male,41.0,0,0,10.43,S,,0
1583,3,male,59.0,0,2,9.66,C,,0
1584,2,male,3.0,0,1,19.91,Q,,0
1585,3,male,,0,2,11.17,S,12,0
1586,1,male,25.0,0,2,22.33,S,6,1
1587,3,male,16.0,0,0,18.35,S,,0
1588,1,female,29.0,0,0,45.65,C,5,1
1589,3,male,11.0,0,2,5.32,S,,0
1590,3,female,10.0,3,1,17.86,S,5,1
1591,3,female,37.0,0,1,9.12,S,14,1
1592,1,male,37.0,0,0,60.11,Q,8,1
1593,3,female,34.0,1,0,11.94,S,A,1
1594,1,female,40.0,0,1,63.09,C,5,1
1595,1,male,42.0,1,1,75.52,S,,0
1596,1,male,33.0,0,0,41.98,S,,1
1597,3,male,,0,1,19.41,S,,0
1598,3,male,20.0,3,0,10.63,S,,0
1599,1,female,6.0,3,1,104.71,S,2,1
1600,2,male,10.0,0,1,5.09,S,,0
1601,2,female,15.0,0,0,8.42,S,,0
1602,2,female,38.0,3,0,55.83,S,2,1
1603,1,female,46.0,0,0,128.68,C,A,1
1604,2,male,,1,0,9.02,S,,0
1605,1,female,25.0,1,1,149.08,S,6,1
1606,3,male,32.0,0,0,10.14,S,,0
1607,2,female,38.0,0,0,28.4,S,14,1
1608,3,male,30.0,1,0,28.02,S,2,1
1609,1,female,29.0,0,0,42.95,S,6,1
1610,1,male,,0,2,123.64,S,,1
1611,3,female,37.0,0,0,14.37,S,,0
1612,2,male,40.0,1,0,13.43,S,7,1
1613,3,male,25.0,0,0,6.78,S,,0
1614,3,male,13.0,2,2,23.48,S,16,1
1615,3,male,29.0,0,0,14.52,S,,0
1616,3,male,23.0,0,0,20.35,S,,0
1617,2,female,31.0,0,0,23.86,S,3,1
1618,1,male,54.0,0,0,101.18,S,,0
1619,3,female,33.0,0,0,14.95,S,2,1
1620,3,male,,0,0,15.67,Q,B,1
1621,3,male,1.0,0,1,4.99,Q,14,1
1622,1,female,32.0,0,0,63.64,C,13,1
1623,2,male,,0,2,10.4,Q,,0
1624,3,male,9.0,2,1,10.16,S,2,1
1625,1,female,1.0,0,1,62.92,S,3,1
1626,1,female,28.0,1,2,62.39,C,13,1
1627,3,female,1.0,0,1,8.02,Q,B,1
1628,2,female,9.0,0,1,13.33,S,15,1
1629,3,female,12.0,0,2,8.04,Q,11,1
1630,3,male,,0,1,4.25,S,,0
1631,1,male,,0,0,61.24,C,7,1
1632,2,male,21.0,0,0,15.0,S,,0
1633,2,female,20.0,0,0,5.49,S,B,1
1634,2,male,37.0,0,0,6.48,S,,0
1635,1,male,48.0,0,0,97.65,S,,0
1636,2,female,37.0,0,0,14.87,S,6,1
1637,3,male,30.0,0,2,5.33,S,,0
1638,1,female,31.0,0,0,57.19,C,9,1
1639,2,female,40.0,1,0,24.37,C,8,1
1640,2,male,35.0,0,0,15.97,C,,0
1641,3,male,25.0,0,2,16.65,S,,0
1642,3,female,23.0,0,2,8.26,S,,0
1643,3,female,35.0,0,3,14.87,S,,0
1644,2,male,6.0,0,2,31.31,S,2,1
1645,3,female,10.0,0,1,15.23,S,1,1
1646,3,female,32.0,1,0,14.85,S,1,1
1647,3,male,32.0,0,0,10.56,S,,0
1648,3,male,17.0,0,0,6.96,S,,0
1649,2,female,,0,0,8.86,S,3,1
1650,3,male,19.0,0,0,7.26,C,,0
1651,3,female,21.0,0,0,3.08,Q,,0
1652,1,male,26.0,0,0,62.7,C,,0
1653,2,female,44.0,0,2,28.11,C,,0
1654,3,male,7.0,0,2,5.85,S,14,1
1655,1,female,,2,2,108.66,S,C,1
1656,3,male,17.0,1,0,19.88,S,,0
1657,2,male,31.0,1,0,18.52,C,,0
1658,1,male,18.0,0,2,84.32,S,B,1
1659,1,male,,1,0,145.98,S,,0
1660,3,male,54.0,1,0,4.2,S,,0
1661,3,female,34.0,2,0,13.59,Q,2,1
1662,1,male,32.0,0,0,45.06,Q,6,1
1663,1,female,32.0,0,0,46.7,S,14,1
1664,3,female,5.0,0,1,6.95,S,13,1
1665,3,female,,0,1,10.39,S,14,1
1666,1,female,27.0,0,0,76.01,S,4,1
1667,3,male,47.0,0,0,9.65,S,11,1
1668,2,female,36.0,0,0,29.58,S,,0
1669,2,male,22.0,0,0,8.3,S,,0
1670,2,female,27.0,1,0,21.62,S,,0
1671,3,male,24.0,0,1,7.09,S,,0
1672,2,male,53.0,0,0,66.17,C,,0
1673,2,female,,1,2,13.17,S,9,1
1674,2,male,27.0,0,0,12.6,S,4,1
1675,3,male,,1,2,12.94,S,,0
1676,1,female,49.0,0,0,62.21,S,10,1
1677,3,female,55.0,1,0,13.33,Q,,0
1678,3,female,,0,0,21.93,S,11,1
1679,2,male,38.0,1,0,9.97,S,D,1
1680,2,female,27.0,1,0,18.0,S,5,1
1681,2,male,52.0,1,1,14.4,S,,0
1682,2,male,,0,0,15.22,C,,0
1683,3,female,40.0,3,0,34.25,S,1,1
1684,1,female,47.0,0,0,32.67,S,3,1
1685,1,female,30.0,0,3,39.97,S,10,1
1686,2,male,23.0,0,0,10.7,S,,0
1687,2,male,51.0,0,0,12.21,C,,0
1688,3,female,4.0,0,1,7.21,S,3,1
1689,2,female,32.0,0,1,2.35,S,4,1
1690,3,female,15.0,0,1,8.64,S,,0
1691,3,male,36.0,0,0,7.02,S,,0
1692,2,male,20.0,2,0,10.98,C,,0
1693,3,male,27.0,1,2,11.32,S,9,1
1694,3,male,,0,0,2.89,S,,0
1695,1,female,39.0,0,1,42.05,S,7,1
1696,3,male,1.0,0,2,14.46,C,11,1
1697,3,female,13.0,4,1,32.34,S,11,1
1698,2,female,22.0,0,0,11.34,S,,1
1699,1,male,55.0,0,2,39.44,C,,0
1700,2,female,,0,0,14.82,C,8,1
1701,1,male,52.0,0,3,73.64,S,2,1
1702,2,female,27.0,2,0,20.45,S,12,1
1703,2,male,29.0,0,1,13.62,S,13,1
1704,2,male,1.0,0,1,21.23,S,9,1
1705,3,male,37.0,0,0,12.19,S,,0
1706,1,female,50.0,0,0,83.75,S,16,1
1707,2,male,29.0,2,0,26.97,C,,0
1708,3,male,28.0,0,0,8.88,S,,0
1709,3,male,3.0,0,1,13.8,S,15,1
1710,3,male,22.0,0,0,5.94,Q,,0
1711,3,female,8.0,0,1,5.22,Q,12,1
1712,3,female,26.0,0,1,8.39,S,,0
1713,2,male,,0,1,5.24,S,14,1
1714,3,male,47.0,1,0,12.26,Q,,0
1715,2,female,7.0,1,1,19.86,C,12,1
1716,1,male,,0,0,49.08,S,15,1
1717,3,male,35.0,1,0,8.9,S,,0
1718,3,female,23.0,2,0,12.15,S,2,1
1719,3,female,11.0,0,2,2.5,S,16,1
1720,3,female,37.0,0,0,3.57,Q,,0
1721,2,female,25.0,0,0,20.56,C,1,1
1722,1,male,52.0,0,0,45.41,C,10,1
1723,1,male,37.0,0,0,74.27,C,14,1
1724,1,male,25.0,1,0,102.87,C,14,1
1725,3,male,,0,2,8.13,S,2,1
1726,3,male,4.0,0,2,8.73,C,,0
1727,1,female,24.0,1,2,100.85,S,,1
1728,3,female,9.0,0,2,13.56,S,B,1
1729,3,male,17.0,0,2,13.22,S,,0
1730,3,male,36.0,0,0,6.9,S,,0
1731,3,male,29.0,0,0,12.31,S,7,1
1732,3,female,33.0,1,1,8.97,S,,0
1733,2,male,25.0,2,0,48.33,C,,0
1734,3,male,,2,2,35.65,S,10,1
1735,3,female,12.0,0,2,5.95,Q,A,1
1736,3,female,38.0,0,0,5.51,S,,0
1737,3,female,38.0,2,0,40.68,S,,0
1738,3,male,22.0,0,0,6.38,S,,0
1739,3,female,25.0,0,0,9.2,Q,,1
1740,3,female,,1,1,13.45,Q,11,1
1741,3,male,34.0,1,1,23.86,C,,0
1742,3,male,15.0,1,1,10.29,C,,0
1743,3,male,42.0,0,0,10.04,S,,0
1744,3,female,17.0,0,2,12.71,S,,0
1745,2,male,17.0,1,0,29.83,S,,0
1746,3,male,9.0,1,1,14.78,Q,14,1
1747,3,male,38.0,0,0,8.89,S,,0
1748,3,female,1.0,0,2,6.76,S,11,1
1749,1,male,39.0,1,3,117.57,C,,1
1750,2,male,8.0,1,2,14.14,S,11,1
1751,3,male,43.0,0,0,5.13,S,,0
1752,2,male,6.0,1,2,38.25,S,3,1
1753,1,female,38.0,0,2,44.96,C,14,1
1754,3,male,29.0,1,0,8.61,Q,12,0
1755,2,male,29.0,0,2,7.17,Q,,0
1756,3,male,21.0,0,1,8.09,S,,0
1757,3,male,27.0,0,0,18.4,Q,,0
1758,3,male,11.0,3,2,11.76,S,,0
1759,1,female,51.0,1,0,98.93,C,14,1
1760,1,male,3.0,0,1,89.48,S,,0
1761,3,male,3.0,1,2,7.86,S,10,1
1762,3,female,12.0,0,2,11.25,Q,13,1
1763,3,male,48.0,0,0,9.65,S,,0
1764,2,female,1.0,0,2,8.48,S,7,1
1765,3,male,22.0,0,0,6.28,Q,,0
1766,2,male,40.0,1,0,26.09,S,,0
1767,1,male,40.0,0,1,57.55,C,,0
1768,1,male,47.0,1,3,117.03,C,,0
1769,3,male,26.0,0,1,25.66,Q,,0
1770,3,female,33.0,0,0,8.46,S,14,1
1771,1,female,54.0,1,0,196.97,C,,0
1772,3,male,42.0,0,1,2.75,S,,0
1773,3,male,22.0,0,0,7.33,S,,0
1774,3,male,13.0,1,1,10.44,S,,0
1775,1,male,20.0,0,3,97.9,S,,0
1776,3,male,37.0,0,0,14.76,S,,0
1777,3,male,53.0,0,2,12.37,S,,0
1778,3,male,31.0,0,0,6.71,Q,,0
1779,2,male,31.0,0,0,23.45,S,8,1
1780,1,male,33.0,0,0,160.17,S,,0
1781,1,male,3.0,0,2,74.53,C,C,1
1782,3,male,12.0,2,2,11.48,S,,0
1783,3,male,28.0,0,0,6.19,S,,0
1784,3,female,24.0,2,0,9.81,S,D,1
1785,3,male,6.0,1,1,6.97,S,,0
1786,3,female,32.0,0,2,7.33,S,,0
1787,3,female,33.0,1,0,11.23,C,9,1
1788,1,female,34.0,1,0,73.04,C,A,1
1789,1,male,41.0,0,0,227.35,C,6,1
1790,3,male,34.0,0,0,12.02,S,,0
1791,1,male,6.0,0,1,76.27,C,D,1
1792,2,female,48.0,0,0,11.2,S,6,1
1793,2,male,35.0,0,1,16.57,S,6,1
1794,3,male,26.0,0,0,8.5,Q,,0
1795,3,male,8.0,0,2,7.91,C,C,1
1796,1,male,57.0,0,0,34.58,C,6,0
1797,3,male,31.0,2,0,9.0,Q,C,1
1798,2,female,11.0,1,2,18.88,S,11,1
1799,3,male,,1,0,13.34,S,,0
1800,1,female,54.0,0,1,45.99,C,1,1
1801,1,male,,0,0,154.56,S,9,1
1802,2,female,,0,0,32.39,S,11,1
1803,3,male,30.0,0,0,4.5,S,,0
1804,3,male,40.0,0,0,34.31,Q,,0
1805,3,male,1.0,1,2,23.11,Q,6,1
1806,3,female,7.0,1,1,12.2,S,5,1
1807,1,female,45.0,0,0,499.98,S,A,1
1808,2,male,38.0,3,0,31.68,S,14,1
1809,1,female,53.0,1,2,99.02,C,B,1
1810,3,male,,1,0,27.57,S,,0
1811,1,female,46.0,0,0,22.24,S,16,1
1812,1,male,44.0,1,0,78.39,C,,0
1813,3,male,4.0,0,1,8.93,S,14,1
1814,1,male,,0,0,30.63,S,,0
1815,3,male,14.0,0,0,3.17,S,,0
1816,3,male,23.0,2,0,8.51,C,,0
1817,2,male,25.0,0,0,20.73,S,10,1
1818,3,male,25.0,3,1,23.39,S,,0
1819,2,male,28.0,2,0,35.17,S,6,1
1820,3,male,36.0,1,0,11.87,S,,0
1821,3,male,15.0,0,0,9.92,Q,,0
1822,2,female,34.0,0,0,10.62,C,14,1
1823,1,female,60.0,0,0,63.96,C,16,1
1824,3,male,18.0,1,0,8.04,S,2,0
1825,3,male,12.0,1,1,14.69,S,C,1
1826,3,female,11.0,0,2,10.83,C,,0
1827,2,male,34.0,0,2,35.91,S,,0
1828,1,female,38.0,0,0,53.94,C,,0
1829,3,female,33.0,1,0,11.7,S,14,1
1830,3,male,8.0,0,2,5.11,C,4,1
1831,2,male,7.0,0,2,9.65,S,5,1
1832,3,male,17.0,0,0,3.18,S,,0
1833,3,male,18.0,0,0,4.89,Q,,0
1834,3,male,25.0,0,0,6.66,S,,0
1835,3,female,49.0,0,0,3.17,S,12,1
1836,2,male,12.0,0,1,15.46,S,,0
1837,1,female,47.0,1,0,46.06,S,8,1
1838,3,male,,0,2,12.05,C,,0
1839,1,male,42.0,2,0,68.86,C,10,1
1840,2,female,41.0,0,0,10.02,C,12,1
1841,3,female,5.0,3,1,10.04,Q,8,1
1842,3,female,29.0,0,0,11.3,S,,0
1843,2,male,29.0,0,2,7.19,S,,0
1844,1,female,41.0,1,2,40.58,S,14,1
1845,3,female,38.0,0,0,12.9,C,,0
1846,3,male,8.0,0,2,8.55,S,,0
1847,3,male,35.0,1,0,3.98,S,,0
1848,3,female,25.0,2,2,17.23,S,15,1
1849,3,female,54.0,0,0,6.56,S,,0
1850,3,female,30.0,2,0,21.87,S,,0
1851,3,male,19.0,0,0,8.03,S,,0
1852,3,male,35.0,0,2,15.74,S,,0
1853,3,male,28.0,0,0,7.45,S,,0
1854,3,male,38.0,0,1,5.49,S,,0
1855,3,male,10.0,0,2,6.84,S,,0
1856,3,male,22.0,0,0,4.9,S,,0
1857,3,female,20.0,0,0,11.59,S,,0
1858,1,male,49.0,1,0,30.31,C,7,1
1859,2,female,43.0,1,0,8.89,S,,0
1860,3,female,6.0,0,1,4.8,S,D,1
1861,3,female,34.0,0,0,11.38,S,,0
1862,1,male,37.0,1,0,118.91,S,,0
1863,1,male,39.0,0,3,42.73,S,14,1
1864,1,male,34.0,0,2,34.67,C,,0
1865,3,female,19.0,0,2,6.44,Q,2,1
1866,3,male,42.0,0,3,8.55,S,,0
1867,3,male,13.0,0,1,5.42,S,,0
1868,3,female,,0,1,12.18,S,,0
1869,3,female,,0,0,7.52,S,C,1
1870,2,female,37.0,0,0,23.44,S,A,1
1871,3,male,,1,1,47.52,Q,,0
1872,1,male,41.0,0,0,102.76,S,15,1
1873,2,female,,0,1,18.36,C,16,1
1874,3,male,33.0,1,1,13.84,S,,0
1875,2,male,51.0,2,0,32.28,S,,0
1876,1,male,7.0,3,1,134.19,S,16,1
1877,2,female,,0,0,25.62,C,,0
1878,1,female,,0,0,50.2,S,D,1
1879,3,male,17.0,1,0,4.55,Q,,0
1880,1,male,30.0,0,1,86.49,S,7,1
1881,1,male,55.0,2,2,49.16,S,,0
1882,3,male,7.0,3,1,14.26,S,12,1
1883,3,male,51.0,2,0,16.9,Q,,0
1884,3,female,33.0,0,0,8.82,Q,C,1
1885,1,female,40.0,1,3,184.21,C,B,1
1886,2,female,35.0,0,0,13.22,S,,0
1887,3,female,27.0,0,0,6.3,S,10,1
1888,3,male,25.0,0,0,6.08,S,,0
1889,2,male,,1,0,17.49,S,4,1
1890,3,female,36.0,0,0,6.59,C,11,1
1891,3,male,41.0,1,0,11.01,S,,0
1892,3,female,12.0,1,1,23.72,C,,0
1893,1,female,,2,0,61.67,S,9,1
1894,3,female,41.0,0,0,4.39,Q,A,1
1895,3,male,18.0,1,0,9.44,S,,0
1896,1,male,44.0,3,1,231.27,C,,0
1897,3,female,9.0,0,2,10.91,S,D,1
1898,3,male,33.0,2,0,7.15,S,,0
1899,1,male,44.0,0,2,382.5,S,3,1
1900,3,male,18.0,0,0,4.08,S,,0
1901,3,female,33.0,0,0,13.94,Q,B,1
1902,1,female,39.0,0,2,40.36,C,9,1
1903,3,male,30.0,1,0,13.1,S,,0
1904,3,female,12.0,0,1,6.77,C,14,1
1905,3,female,35.0,0,0,12.51,S,16,1
1906,3,female,22.0,0,2,4.9,S,B,1
1907,1,female,31.0,1,0,44.03,Q,A,1
1908,3,male,28.0,0,0,8.72,S,,0
1909,3,female,30.0,0,1,10.33,Q,,0
1910,3,male,6.0,1,2,13.23,C,,0
1911,2,female,57.0,0,0,6.14,S,15,1
1912,1,female,34.0,0,1,72.12,S,16,1
1913,3,male,,2,0,21.99,C,,0
1914,3,male,19.0,0,0,6.24,S,,0
1915,1,male,44.0,0,0,101.36,C,,0
1916,3,male,,0,1,9.79,S,,0
1917,3,female,16.0,0,0,8.63,Q,7,1
1918,3,male,,0,0,13.14,S,,0
1919,3,female,34.0,0,0,9.99,S,1,1
1920,3,male,36.0,1,0,4.85,S,,0
1921,3,male,35.0,0,0,8.6,S,,0
1922,1,female,56.0,0,0,51.56,C,14,1
1923,2,male,11.0,0,1,22.82,S,14,1
1924,3,male,16.0,0,0,13.16,S,,0
1925,3,male,31.0,0,2,1.96,S,,0
1926,3,female,26.0,1,2,10.66,S,,0
1927,2,male,,0,0,9.7,C,,0
1928,3,male,,0,1,17.64,S,13,1
1929,3,female,15.0,0,1,11.61,S,,0
1930,3,female,4.0,2,1,18.23,C,5,1
1931,3,male,8.0,0,2,5.95,S,,0
1932,2,male,4.0,0,2,19.48,S,8,1
1933,2,female,47.0,0,0,7.46,C,,0
1934,3,male,29.0,1,0,5.71,S,13,1
1935,3,male,24.0,1,0,7.45,S,,0
1936,3,male,36.0,1,1,11.98,S,12,0
1937,1,male,16.0,0,0,39.42,C,7,1
1938,3,male,24.0,1,0,27.06,S,,0
1939,3,male,38.0,1,0,17.52,S,,0
1940,1,male,49.0,0,0,66.78,C,,0
1941,3,male,30.0,1,3,3.52,S,,0
1942,2,female,38.0,1,0,23.47,C,B,1
1943,3,male,10.0,1,1,34.81,S,,0
1944,3,male,24.0,0,0,7.41,S,,0
1945,2,female,18.0,0,1,9.45,S,3,1
1946,3,male,33.0,0,0,9.64,Q,,0
1947,3,male,38.0,0,0,9.33,Q,,0
1948,3,female,12.0,3,2,14.77,Q,12,1
1949,2,female,,0,0,6.82,S,5,1
1950,3,female,36.0,1,0,9.63,Q,,0
1951,2,female,38.0,1,0,26.48,S,,0
1952,3,male,29.0,0,0,8.06,S,,0
1953,2,female,32.0,0,0,28.33,C,,0
1954,3,male,21.0,0,0,6.67,S,,0
1955,2,female,9.0,1,2,10.24,S,15,1
1956,3,male,14.0,0,0,7.66,S,5,1
1957,3,male,14.0,0,0,7.32,S,,0
1958,2,female,,0,1,12.64,S,8,1
1959,2,female,8.0,0,2,30.04,S,15,1
1960,2,male,,1,0,30.47,S,12,1
1961,3,male,23.0,0,0,8.39,S,4,0
1962,3,male,26.0,0,1,9.76,Q,,0
1963,2,female,32.0,1,0,19.5,S,,0
1964,1,female,27.0,0,0,52.6,S,6,1
1965,3,male,10.0,0,2,5.43,S,,0
1966,3,female,14.0,2,0,6.57,S,5,1
1967,1,male,74.0,1,0,101.03,S,,0
1968,1,male,33.0,0,0,88.27,C,,0
1969,1,female,32.0,1,1,84.51,S,A,1
1970,1,male,39.0,2,0,91.03,S,16,1
1971,3,male,,1,0,7.63,C,,0
1972,2,female,45.0,0,0,24.4,S,14,1
1973,3,female,46.0,3,0,13.01,S,,0
1974,3,male,43.0,0,0,13.8,C,,0
1975,1,male,54.0,0,0,59.17,S,5,1
1976,1,male,31.0,1,0,104.67,S,13,1
1977,1,female,30.0,0,0,71.46,S,9,1
1978,1,female,10.0,0,2,493.7,C,16,1
1979,2,female,33.0,0,1,11.37,S,4,1
1980,3,male,20.0,4,2,44.14,S,,0
1981,3,male,27.0,0,2,5.4,Q,,0
1982,3,male,21.0,0,0,4.34,C,,0
1983,2,male,22.0,0,0,21.81,S,1,1
1984,3,male,,0,2,5.09,Q,,0
1985,3,male,9.0,0,2,2.28,Q,,0
1986,1,male,18.0,0,0,123.28,S,,0
1987,2,female,6.0,1,2,26.59,S,2,1
1988,3,male,31.0,0,1,3.22,C,,0
1989,2,male,55.0,1,0,18.77,S,12,1
1990,1,female,38.0,0,0,451.4,S,14,1
1991,3,female,29.0,1,0,6.33,S,,1
1992,3,female,20.0,0,0,9.25,S,D,1
1993,1,male,42.0,0,2,47.42,S,3,1
1994,3,male,1.0,0,2,11.16,Q,,0
1995,3,female,19.0,0,0,4.85,S,2,1
1996,3,male,13.0,1,1,30.05,S,,0
1997,3,female,23.0,0,0,5.32,Q,2,1
1998,2,female,35.0,1,0,10.13,C,2,1
1999,2,female,61.0,0,0,20.35,S,,0
2000,3,male,35.0,0,0,16.89,C,,0
2001,1,female,6.0,0,1,76.29,S,C,1
2002,3,female,,2,0,10.36,S,2,1
2003,3,male,30.0,0,0,13.65,S,10,1
2004,2,male,,0,0,30.12,S,,0
2005,3,male,,3,1,21.48,Q,,0
2006,3,female,57.0,0,0,6.38,Q,,0
2007,1,female,12.0,0,1,101.65,S,A,1
2008,3,female,35.0,0,0,41.84,Q,,0
2009,3,male,,0,0,9.92,S,B,1
2010,2,female,43.0,0,0,19.95,C,,0
2011,2,female,25.0,3,0,17.12,C,A,1
2012,2,female,1.0,0,2,12.84,C,B,1
2013,2,male,30.0,0,0,17.75,C,,0
2014,3,female,6.0,0,2,17.75,S,B,1
2015,2,male,22.0,0,0,24.73,C,16,1
2016,3,male,42.0,0,0,4.91,Q,13,1
2017,3,male,32.0,0,0,8.4,S,,0
2018,3,male,34.0,0,0,8.89,S,,0
2019,2,female,38.0,0,2,32.79,S,10,1
2020,1,female,29.0,1,0,42.11,C,,1
2021,1,female,,1,0,245.46,S,12,1
2022,2,female,29.0,1,0,17.38,S,7,1
2023,3,female,5.0,0,1,8.46,Q,C,1
2024,2,female,37.0,0,0,20.35,S,10,1
2025,3,female,26.0,0,1,5.63,Q,A,1
2026,2,female,,0,0,16.15,S,16,1
2027,3,male,,1,2,10.61,S,,0
2028,3,female,4.0,0,1,10.59,Q,11,1
2029,3,male,,1,1,3.79,S,,0
2030,1,male,27.0,1,0,148.46,S,,0
2031,3,male,35.0,1,0,4.86,S,,0
2032,3,male,22.0,0,0,3.3,S,,0
2033,3,female,24.0,0,2,7.82,S,1,1
2034,1,female,,0,0,69.31,S,1,1
2035,1,male,31.0,0,0,57.67,S,,0
2036,2,female,52.0,1,0,8.18,S,10,1
2037,3,male,27.0,0,0,11.68,S,,0
2038,2,male,45.0,0,0,41.19,S,,0
2039,3,female,6.0,1,1,16.9,S,,0
2040,3,male,,0,0,9.1,S,,0
2041,1,female,45.0,1,0,111.46,C,C,1
2042,3,female,29.0,0,1,13.92,S,10,1
2043,3,male,46.0,2,2,18.28,Q,13,1
2044,3,male,41.0,0,0,15.28,S,C,1
2045,3,male,22.0,0,2,8.28,S,,0
2046,1,male,73.0,0,0,24.92,S,,0
2047,2,male,50.0,0,0,10.3,S,,0
2048,1,female,,1,2,102.43,S,,1
2049,1,male,56.0,1,2,32.67,C,,0
2050,3,male,23.0,1,0,25.96,S,,0
2051,2,female,21.0,1,1,14.38,S,1,1
2052,2,female,2.0,0,1,6.54,S,D,1
2053,3,male,29.0,2,0,4.62,Q,,0
2054,2,male,4.0,0,1,6.95,S,,0
2055,3,male,12.0,1,1,16.9,S,,0
2056,2,female,21.0,0,0,20.12,S,14,1
2057,3,male,22.0,4,1,16.93,Q,4,1
2058,3,male,30.0,1,0,7.36,S,,0
2059,3,female,18.0,0,0,15.87,C,,0
2060,1,female,34.0,1,0,96.49,S,11,1
2061,3,female,32.0,1,2,14.05,S,,0
2062,1,male,29.0,0,0,23.17,Q,12,1
2063,2,male,,1,3,15.45,S,8,1
2064,2,female,37.0,2,1,22.3,C,B,1
2065,3,male,14.0,0,1,5.45,S,,0
2066,2,female,52.0,0,0,23.3,C,1,1
2067,2,male,15.0,1,0,23.06,S,,0
2068,3,male,33.0,1,3,8.48,S,,0
2069,3,male,29.0,0,0,16.03,S,,0
2070,2,female,31.0,1,1,17.51,S,4,1
2071,3,male,,0,0,4.68,Q,,0
2072,3,male,36.0,0,2,8.08,S,,0
2073,2,male,52.0,0,0,8.68,C,3,1
2074,1,female,22.0,0,0,202.16,C,,1
2075,3,male,28.0,3,2,12.88,S,,0
2076,1,female,30.0,0,0,12.16,S,D,1
2077,3,male,,1,0,7.08,S,,0
2078,3,male,,0,1,6.72,S,,1
2079,1,female,43.0,0,0,90.93,C,A,1
2080,1,male,56.0,0,0,55.24,C,,0
2081,3,male,39.0,0,0,12.32,S,,0
2082,2,male,25.0,0,0,11.77,C,16,1
2083,1,male,1.0,0,1,50.04,C,,1
2084,3,female,8.0,2,1,14.92,S,2,1
2085,3,female,34.0,0,0,4.65,Q,2,1
2086,1,female,40.0,0,0,297.97,S,15,1
2087,3,male,,0,0,13.42,S,,0
2088,3,male,1.0,2,1,22.53,S,D,1
2089,3,male,11.0,0,1,8.18,S,,0
2090,3,female,,0,0,11.09,S,2,1
2091,3,male,7.0,0,2,4.78,S,,0
2092,1,female,50.0,0,1,22.27,S,13,1
2093,3,male,3.0,0,1,5.98,S,,0
2094,3,female,46.0,0,0,6.13,S,4,1
2095,2,female,17.0,0,0,11.56,S,13,1
2096,3,male,1.0,0,1,8.85,S,,0
2097,3,male,36.0,0,0,3.61,S,,0
2098,3,male,25.0,1,0,8.68,Q,,0
2099,1,male,25.0,0,0,33.17,C,,0
2100,3,male,5.0,0,1,16.04,S,13,1
2101,2,male,3.0,0,2,16.06,S,7,1
2102,3,female,,1,0,5.53,Q,,0
2103,3,male,,0,2,6.39,S,13,1
2104,3,male,,0,2,17.23,S,14,0
2105,3,male,24.0,0,0,6.23,S,,0
2106,3,male,40.0,0,0,15.74,S,,0
2107,2,male,36.0,0,3,11.23,C,2,1
2108,1,female,5.0,0,1,37.82,C,1,1
2109,2,male,19.0,1,0,12.46,S,C,1
2110,3,male,4.0,1,1,6.76,Q,15,1
2111,2,male,9.0,0,2,35.03,S,14,1
2112,2,male,33.0,1,1,19.38,S,,0
2113,3,male,47.0,0,0,4.28,S,,0
2114,2,female,14.0,1,0,14.37,C,C,1
2115,3,male,,1,3,19.14,S,,0
2116,3,female,25.0,0,1,4.44,Q,,0
2117,1,male,30.0,0,0,102.72,C,,0
2118,3,male,20.0,0,0,3.82,C,C,1
2119,3,male,28.0,0,1,5.44,S,,0
2120,3,female,6.0,0,1,4.16,S,,0
2121,3,male,26.0,0,0,8.56,S,,0
2122,1,female,39.0,0,0,73.19,S,,1
2123,2,male,44.0,1,1,7.35,S,,0
2124,2,male,,2,0,10.68,S,,0
2125,1,female,27.0,1,1,94.1,S,2,1
2126,1,female,44.0,0,0,48.43,S,14,1
2127,3,male,29.0,0,2,9.23,S,,0
2128,2,male,,0,0,7.84,S,,0
2129,1,male,45.0,0,2,153.29,S,,0
2130,3,male,46.0,0,0,5.98,C,,0
2131,3,male,10.0,0,1,6.1,S,,0
2132,3,male,25.0,0,0,5.07,Q,,0
2133,1,male,6.0,0,2,44.28,C,2,1
2134,1,male,34.0,1,0,50.26,S,7,1
2135,3,female,,0,3,7.6,S,7,1
2136,3,male,1.0,0,1,20.93,S,13,1
2137,2,female,21.0,0,0,11.81,S,9,1
2138,3,female,48.0,0,0,4.81,S,11,1
2139,2,female,,0,1,12.75,C,11,1
2140,3,female,40.0,1,2,8.25,Q,,0
2141,3,male,42.0,0,2,3.88,S,15,1
2142,2,female,,1,1,13.79,S,4,1
2143,3,female,,0,0,4.01,C,A,1
2144,2,male,34.0,0,1,10.95,S,,0
2145,3,male,10.0,0,2,18.85,S,,0
2146,2,female,,0,1,6.05,S,13,1
2147,1,female,,1,0,40.39,S,12,1
2148,3,female,22.0,2,0,9.08,S,7,1
2149,1,female,41.0,1,0,143.39,C,13,1
2150,3,female,48.0,2,1,7.09,Q,2,1
2151,2,male,39.0,1,0,17.31,C,6,1
2152,3,male,16.0,0,0,11.16,C,,0
2153,1,male,23.0,0,1,171.79,C,,0
2154,1,male,31.0,0,2,39.49,C,12,1
2155,2,male,20.0,0,1,11.71,S,3,1
2156,3,female,16.0,0,0,2.95,Q,8,1
2157,2,female,36.0,0,0,13.73,S,,0
2158,1,male,40.0,0,0,83.69,S,,0
2159,1,male,14.0,1,0,87.19,C,6,1
2160,3,male,16.0,0,1,22.27,C,,0
2161,3,male,24.0,0,0,8.6,Q,,0
2162,2,female,15.0,0,0,12.32,C,B,1
2163,1,male,66.0,0,0,80.41,S,,0
2164,3,male,33.0,0,0,3.94,C,,0
2165,1,female,39.0,0,2,36.67,C,12,1
2166,3,male,33.0,1,0,21.4,S,,0
2167,3,male,35.0,1,2,15.49,S,,0
2168,1,female,34.0,1,0,42.0,S,15,1
2169,3,female,22.0,0,0,6.49,Q,D,1
2170,2,male,13.0,0,2,6.75,S,6,1
2171,3,female,9.0,2,1,11.98,C,5,1
2172,1,female,52.0,0,1,52.15,S,,0
2173,3,female,23.0,1,0,9.68,S,,0
2174,1,female,,0,0,41.25,S,9,1
2175,3,female,,0,1,2.52,S,,0
2176,3,male,1.0,1,1,20.77,S,,0
2177,1,male,,0,0,93.13,S,,0
2178,2,male,37.0,1,0,15.08,S,,0
2179,1,female,61.0,2,1,32.87,C,16,1
2180,1,male,13.0,2,1,160.49,S,,0
2181,3,male,,1,0,16.61,Q,,0
2182,1,male,3.0,0,1,102.55,S,B,1
2183,3,female,22.0,1,0,5.72,C,9,1
2184,3,female,22.0,0,0,12.71,S,,0
2185,1,male,,0,0,51.9,S,,0
2186,2,male,,0,0,26.37,S,,0
2187,2,male,25.0,0,0,13.98,S,,0
2188,2,female,53.0,0,0,21.93,C,A,1
2189,2,male,24.0,1,2,20.91,C,5,1
2190,3,female,14.0,1,0,25.58,S,,0
2191,3,female,,1,1,12.39,S,,0
2192,1,male,27.0,3,0,138.44,C,13,1
2193,1,male,59.0,3,1,77.1,C,,0
2194,3,male,34.0,0,1,5.16,Q,,0
2195,3,female,,1,0,17.71,S,1,1
2196,3,male,35.0,0,0,2.44,S,,0
2197,2,male,12.0,0,2,8.1,C,A,1
2198,1,female,57.0,1,0,57.41,S,15,1
2199,3,female,,0,0,3.93,S,1,1
2200,3,male,18.0,0,0,5.1,C,,0
2201,3,female,12.0,0,2,3.44,Q,9,1
2202,3,male,3.0,1,1,8.46,S,,0
2203,3,male,13.0,0,1,4.27,S,,0
2204,1,male,58.0,1,0,96.57,S,D,1
2205,2,male,38.0,0,0,10.95,S,,0
2206,2,male,33.0,1,0,21.45,C,,0
2207,1,male,2.0,2,2,224.69,S,3,1
2208,1,female,27.0,0,0,81.13,C,5,1
2209,1,female,54.0,1,1,91.36,S,,1
2210,3,female,30.0,0,2,18.33,S,,1
2211,1,male,11.0,0,2,58.9,S,,0
2212,3,male,,0,0,3.16,S,,0
2213,3,female,30.0,0,0,8.23,S,,0
2214,3,female,27.0,0,0,3.92,S,,0
2215,1,male,18.0,2,0,134.19,S,,0
2216,3,male,5.0,0,1,9.94,C,,0
2217,3,female,21.0,0,0,11.42,S,,0
2218,2,male,16.0,1,0,15.24,C,16,1
2219,3,female,19.0,0,0,18.22,S,8,1
2220,2,female,41.0,0,0,12.4,C,4,1
2221,1,female,74.0,0,0,44.51,S,,1
2222,3,male,28.0,0,0,12.4,S,,0
2223,1,male,44.0,0,2,87.33,S,9,1
2224,3,female,44.0,1,0,8.13,S,6,1
2225,3,female,34.0,0,0,9.72,S,,0
2226,3,female,,0,0,10.17,S,,0
2227,3,female,3.0,1,1,9.79,S,2,1
2228,3,male,35.0,1,0,11.59,S,,0
2229,2,female,51.0,0,2,15.17,S,4,1
2230,1,female,32.0,0,0,61.69,S,6,1
2231,3,male,6.0,0,1,6.9,S,,1
2232,3,male,3.0,0,2,4.77,S,8,1
2233,1,male,44.0,0,0,61.34,S,A,1
2234,3,male,1.0,0,2,6.77,Q,,0
2235,1,female,46.0,0,0,41.38,S,10,1
2236,3,female,38.0,2,2,12.91,S,,0
2237,1,male,24.0,0,0,58.47,S,3,1
2238,3,male,43.0,3,0,13.48,S,,0
2239,3,male,35.0,0,2,8.03,S,,0
2240,2,male,47.0,1,0,9.13,C,,0
2241,1,female,,1,0,115.27,S,A,1
2242,3,male,22.0,0,0,14.12,S,D,1
2243,3,male,41.0,1,0,8.1,S,,0
2244,2,female,10.0,0,2,8.84,S,7,1
2245,3,male,43.0,0,1,14.85,S,,0
2246,3,male,35.0,1,2,4.37,C,1,1
2247,3,female,44.0,0,0,11.0,Q,,0
2248,3,male,23.0,0,0,7.48,Q,3,1
2249,3,male,13.0,0,1,7.73,S,,0
2250,1,male,35.0,2,0,92.36,C,2,1
2251,1,male,71.0,0,0,148.3,S,,0
2252,3,female,,1,0,12.84,C,16,1
2253,1,male,42.0,0,0,155.49,C,1,1
2254,1,male,52.0,3,0,163.89,C,,0
2255,3,male,8.0,0,1,9.13,Q,,0
2256,3,female,,0,0,12.34,S,11,1
2257,1,female,32.0,0,2,87.2,S,2,1
2258,1,female,32.0,0,0,23.86,C,9,1
2259,3,female,20.0,0,0,6.53,S,,0
2260,2,male,35.0,0,0,9.0,S,A,1
2261,1,male,42.0,0,1,33.34,C,,0
2262,1,male,53.0,0,0,74.92,C,,0
2263,2,male,23.0,1,0,36.68,S,3,1
2264,3,male,28.0,0,0,4.87,Q,,0
2265,1,female,,0,0,38.96,S,15,1
2266,2,female,49.0,3,0,57.52,S,14,1
2267,2,male,33.0,0,0,20.61,S,,0
2268,3,male,39.0,1,0,19.11,C,,0
2269,1,male,33.0,2,0,83.08,C,A,1
2270,2,male,42.0,0,2,13.17,C,,0
2271,3,female,41.0,0,0,15.14,S,,0
2272,3,male,27.0,0,0,9.59,Q,,0
2273,2,male,26.0,0,0,8.84,S,11,1
2274,3,female,20.0,0,0,4.95,S,,0
2275,2,male,27.0,1,0,12.99,C,,0
2276,3,male,20.0,0,0,8.98,S,,0
2277,3,female,28.0,0,0,1.99,C,D,1
2278,1,male,3.0,2,1,177.29,S,,0
2279,3,male,16.0,0,0,13.61,Q,,0
2280,2,male,54.0,0,1,7.04,C,,0
2281,3,male,1.0,0,2,8.82,C,,0
2282,2,female,,1,0,19.54,S,13,1
2283,1,female,57.0,1,0,89.29,C,4,1
2284,3,female,40.0,0,0,3.07,S,,0
2285,1,male,,0,0,69.54,S,,0
2286,1,male,45.0,0,0,47.65,S,7,1
2287,2,male,,0,0,14.39,S,1,1
2288,1,female,43.0,0,0,60.75,S,2,1
2289,3,male,44.0,0,2,4.79,S,,0
2290,3,male,34.0,0,0,6.5,S,,0
2291,3,male,,0,0,12.62,S,,0
2292,3,male,19.0,0,0,5.36,S,,0
2293,3,female,35.0,1,0,10.75,S,15,1
2294,1,male,39.0,0,0,29.08,S,8,1
2295,3,male,20.0,0,0,7.0,S,,0
2296,3,male,6.0,0,1,7.76,Q,,1
2297,3,female,19.0,0,0,5.61,C,8,1
2298,3,female,14.0,0,1,16.34,S,12,1
2299,3,male,24.0,1,2,15.26,S,,0
2300,3,male,29.0,1,0,8.6,S,,0
2301,1,male,65.0,0,1,115.58,S,,0
2302,3,female,31.0,0,0,8.0,S,D,1
2303,2,female,27.0,0,0,17.44,C,,0
2304,1,male,26.0,0,0,43.86,S,9,1
2305,3,female,39.0,0,0,10.58,S,16,1
2306,1,male,48.0,0,0,51.18,S,,0
2307,1,male,16.0,0,2,60.79,S,9,1
2308,3,female,42.0,0,2,11.08,S,,0
2309,3,male,32.0,1,0,15.89,S,16,1
2310,1,male,18.0,0,0,152.53,S,B,1
