signup_id,signup_date,city,age_band,referral_source,app_platform,first_order_inr,orders_first_month
50001,2024-01-01,Mumbai,55+,Campus event,Android,200,3
50002,2024-01-01,Jaipur,35-44,Friend,Android,220,4
50003,2024-01-01,Hyderabad,25-34,Other,Android,160,3
50004,2024-01-01,Bangalore,18-24,Friend,Android,330,4
50005,2024-01-01,Bengaluru,18-24,Friend,Android,120,3
50006,2024-01-01,Chennai,25-34,Instagram,Android,250,6
50007,2024-01-01,Hyderabad,18-24,Friend,Android,260,3
50008,2024-01-02,Jaipur,45-54,Campus event,Android,430,2
50009,2024-01-02,Bengaluru,18-24,Google,iOS,220,3
50010,2024-01-02,Chennai,18-24,Campus event,Android,200,0
50011,2024-01-02,Ahmedabad,25-34,Instagram,iOS,320,3
50012,2024-01-02,Pune,25-34,Instagram,Android,370,2
50013,2024-01-02,Mumbai,35-44,Friend,iOS,250,3
50014,2024-01-02,Kochi,35-44,Instagram,Android,330,3
50015,2024-01-02,Jaipur,18-24,Instagram,Android,90,1
50016,2024-01-03,Pune,18-24,Campus event,iOS,390,1
50017,2024-01-03,Kochi,25-34,Google,Android,410,3
50018,2024-01-03,Mumbai,55+,Instagram,Android,110,6
50019,2024-01-03,Hyderabad,55+,Campus event,iOS,200,1
50020,2024-01-03,Banglore,25-34,Friend,Android,410,3
50021,2024-01-04,Bangalore,18-24,Instagram,Android,250,2
50022,2024-01-04,bangalore,25-34,Instagram,iOS,210,2
50023,2024-01-04,Mumbai,55+,Instagram,iOS,180,3
50024,2024-01-04,Ahmedabad,18-24,Friend,Android,190,4
50025,2024-01-04,Kochi,25-34,Friend,Android,260,1
50026,2024-01-04,Kochi,45-54,Instagram,iOS,220,1
50027,2024-01-05,Bengaluru,25-34,Google,Android,280,5
50028,2024-01-05,Jaipur,35-44,Instagram,Android,230,2
50029,2024-01-05,Chennai,25-34,Google,Android,120,2
50030,2024-01-05,Delhi,25-34,Friend,iOS,250,2
50031,2024-01-05,Chennai,25-34,Instagram,Android,170,4
50032,2024-01-05,Banglore,18-24,Instagram,Android,530,2
50033,2024-01-05,Pune,18-24,Instagram,iOS,270,2
50034,2024-01-05,Bengaluru,25-34,Instagram,Android,240,0
50035,2024-01-05,Delhi,35-44,Friend,Android,280,0
50036,2024-01-06,Pune,18-24,Instagram,iOS,160,3
50037,2024-01-06,Mumbai,25-34,Google,Android,230,3
50038,2024-01-06,Pune,35-44,Google,Android,390,4
50039,2024-01-06,bangalore,18-24,Google,Android,390,2
50040,2024-01-06,Chennai,25-34,Google,iOS,410,1
50041,2024-01-06,Pune,35-44,Instagram,iOS,320,3
50042,2024-01-06,Mumbai,35-44,Other,Android,720,1
50043,2024-01-07,Chennai,25-34,Friend,Android,190,4
50044,2024-01-07,Kochi,25-34,Instagram,Android,200,5
50045,2024-01-07,Bangalore,25-34,Instagram,Android,180,0
50046,2024-01-07,Bengaluru,25-34,Campus event,Android,390,2
50047,2024-01-07,Hyderabad,25-34,Instagram,Android,250,0
50048,2024-01-07,Delhi,25-34,Google,Android,450,1
50049,2024-01-07,BLR,25-34,Instagram,Android,670,3
50050,2024-01-07,Mumbai,35-44,Other,Android,220,1
50051,2024-01-07,Hyderabad,35-44,Google,Android,350,2
50052,2024-01-08,Pune,25-34,Friend,Android,150,2
50053,2024-01-08,Pune,25-34,Instagram,iOS,500,4
50054,2024-01-08,Pune,25-34,Instagram,iOS,260,5
50055,2024-01-08,Jaipur,18-24,Instagram,iOS,700,2
50056,2024-01-08,Mumbai,25-34,Instagram,Android,470,3
50057,2024-01-08,Hyderabad,25-34,Friend,Android,330,1
50058,2024-01-08,Bengaluru,55+,Instagram,Android,160,0
50059,2024-01-09,Ahmedabad,35-44,Google,Android,170,0
50060,2024-01-09,Chennai,25-34,Instagram,Android,190,2
50061,2024-01-09,Ahmedabad,18-24,Campus event,Android,150,1
50062,2024-01-09,Pune,18-24,Friend,Android,480,1
50063,2024-01-09,Bangalore,55+,Instagram,iOS,110,2
50064,2024-01-09,Hyderabad,25-34,Friend,Android,230,4
50065,2024-01-10,Bengaluru,45-54,Google,Android,250,1
50066,2024-01-10,Hyderabad,18-24,Instagram,Android,280,3
50067,2024-01-10,Mumbai,25-34,Friend,Android,360,2
50068,2024-01-10,Pune,25-34,Instagram,Android,190,2
50069,2024-01-11,Bengaluru,35-44,Google,iOS,410,8
50070,2024-01-11,Hyderabad,25-34,Instagram,Android,170,4
50071,2024-01-11,Hyderabad,25-34,Google,iOS,260,2
50072,2024-01-11,Ahmedabad,35-44,Campus event,Android,330,3
50073,2024-01-11,Ahmedabad,25-34,Instagram,Android,660,2
50074,2024-01-11,Mumbai,25-34,Friend,Android,270,3
50075,2024-01-11,Bengaluru,18-24,Friend,Android,220,1
50076,2024-01-11,Mumbai,18-24,Instagram,Android,260,0
50077,2024-01-11,Bangalore,25-34,Friend,Android,110,1
50078,2024-01-11,Pune,55+,Friend,Android,180,0
50079,2024-01-11,BLR,35-44,Friend,Android,380,1
50080,2024-01-12,BLR,35-44,Campus event,Android,450,1
50081,2024-01-12,Mumbai,35-44,Friend,Android,310,2
50082,2024-01-12,Bangalore,35-44,Other,Android,450,2
50083,2024-01-12,Pune,25-34,Campus event,Android,470,2
50084,2024-01-12,Hyderabad,25-34,Google,iOS,230,3
50085,2024-01-12,Pune,45-54,Friend,Android,320,1
50086,2024-01-12,bangalore,35-44,Instagram,Android,390,3
50087,2024-01-12,Pune,18-24,Google,Android,250,5
50088,2024-01-12,Bangalore,18-24,Instagram,Android,150,1
50089,2024-01-12,Hyderabad,25-34,Google,Android,520,1
50090,2024-01-13,Jaipur,25-34,Google,Android,640,1
50091,2024-01-13,Kochi,25-34,Google,iOS,130,3
50092,2024-01-13,Kochi,25-34,Instagram,Android,460,2
50093,2024-01-13,Pune,45-54,Instagram,Android,210,2
50094,2024-01-13,Bangalore,25-34,Other,Android,450,0
50095,2024-01-13,Kochi,55+,Other,Android,240,2
50096,2024-01-14,Kochi,35-44,Instagram,iOS,130,6
50097,2024-01-14,Pune,35-44,Instagram,Android,390,2
50098,2024-01-14,Hyderabad,18-24,Instagram,Android,360,3
50099,2024-01-14,Hyderabad,25-34,Friend,Android,230,1
50100,2024-01-15,Bengaluru,25-34,Friend,iOS,530,3
50101,2024-01-15,Chennai,35-44,Instagram,Android,160,0
50102,2024-01-15,Pune,18-24,Friend,iOS,430,2
50103,2024-01-15,Bangalore,45-54,Campus event,Android,130,4
50104,2024-01-15,Hyderabad,18-24,Instagram,Android,200,1
50105,2024-01-15,Bengaluru,25-34,Google,Android,610,0
50106,2024-01-16,Bengaluru,18-24,Friend,iOS,200,4
50107,2024-01-16,Pune,25-34,Instagram,Android,380,2
50108,2024-01-16,Bangalore,25-34,Friend,Android,110,5
50109,2024-01-16,Pune,25-34,Friend,Android,260,4
50110,2024-01-17,Hyderabad,18-24,Instagram,iOS,190,1
50111,2024-01-17,Hyderabad,25-34,Friend,iOS,200,4
50112,2024-01-17,Delhi,35-44,Friend,iOS,190,6
50113,2024-01-17,bangalore,25-34,Instagram,Android,150,2
50114,2024-01-17,Chennai,45-54,Instagram,Android,280,1
50115,2024-01-17,Chennai,45-54,Instagram,Android,280,3
50116,2024-01-17,Chennai,18-24,Instagram,Android,270,2
50117,2024-01-17,Bengaluru,18-24,Campus event,iOS,320,5
50118,2024-01-17,Chennai,18-24,Instagram,iOS,480,6
50119,2024-01-17,Pune,55+,Google,Android,260,2
50120,2024-01-17,Pune,35-44,Google,Android,320,1
50121,2024-01-18,BLR,35-44,Google,iOS,270,4
50122,2024-01-18,Bengaluru,35-44,Instagram,Android,380,1
50123,2024-01-18,Delhi,18-24,Campus event,Android,260,4
50124,2024-01-18,Hyderabad,35-44,Instagram,iOS,220,1
50125,2024-01-18,Hyderabad,35-44,Instagram,Android,540,2
50126,2024-01-18,Kochi,18-24,Friend,Android,180,2
50127,2024-01-19,Mumbai,25-34,Instagram,Android,240,3
50128,2024-01-19,Chennai,25-34,Friend,iOS,270,2
50129,2024-01-19,Mumbai,18-24,Instagram,Android,220,1
50130,2024-01-19,Bangalore,35-44,Friend,Android,460,4
50131,2024-01-19,BLR,18-24,Google,Android,220,1
50132,2024-01-19,Bangalore,35-44,Campus event,Android,190,1
50133,2024-01-19,Pune,18-24,Instagram,Android,240,3
50134,2024-01-19,Bengaluru,25-34,Campus event,iOS,170,3
50135,2024-01-19,Chennai,55+,Campus event,Android,180,1
50136,2024-01-19,Hyderabad,25-34,Other,iOS,200,4
50137,2024-01-20,Pune,25-34,Other,Android,700,4
50138,2024-01-20,Pune,25-34,Friend,Android,320,1
50139,2024-01-20,Jaipur,35-44,Google,Android,180,2
50140,2024-01-20,Hyderabad,18-24,Instagram,Android,300,0
50141,2024-01-20,Hyderabad,25-34,Friend,Android,390,0
50142,2024-01-20,Bengaluru,18-24,Instagram,Android,280,3
50143,2024-01-21,Chennai,45-54,Other,iOS,210,1
50144,2024-01-21,Delhi,35-44,Google,Android,380,2
50145,2024-01-21,Bengaluru,25-34,Campus event,Android,380,2
50146,2024-01-22,Ahmedabad,25-34,Friend,Android,130,2
50147,2024-01-22,Pune,18-24,Campus event,Android,170,2
50148,2024-01-22,Hyderabad,18-24,Google,Android,200,2
50149,2024-01-22,Delhi,55+,Other,Android,250,3
50150,2024-01-22,Bangalore,25-34,Instagram,Android,330,1
50151,2024-01-22,Hyderabad,25-34,Campus event,Android,270,2
50152,2024-01-22,Bangalore,45-54,Friend,Android,120,1
50153,2024-01-22,Mumbai,18-24,Google,Android,470,4
50154,2024-01-22,Bengaluru,18-24,Google,Android,350,4
50155,2024-01-23,Hyderabad,25-34,Friend,Android,270,2
50156,2024-01-23,Pune,25-34,Friend,Android,520,1
50157,2024-01-23,bangalore,35-44,Friend,Android,260,2
50158,2024-01-23,Kochi,25-34,Instagram,iOS,330,1
50159,2024-01-23,Mumbai,18-24,Other,Android,150,3
50160,2024-01-24,Ahmedabad,18-24,Instagram,iOS,240,5
50161,2024-01-24,Mumbai,18-24,Friend,Android,370,5
50162,2024-01-24,Ahmedabad,18-24,Instagram,Android,560,3
50163,2024-01-24,Hyderabad,25-34,Friend,iOS,200,4
50164,2024-01-24,Mumbai,18-24,Google,Android,210,2
50165,2024-01-24,Ahmedabad,18-24,Campus event,Android,160,3
50166,2024-01-24,Mumbai,25-34,Google,Android,520,1
50167,2024-01-24,bangalore,18-24,Instagram,Android,240,2
50168,2024-01-25,Bengaluru,25-34,Friend,Android,210,4
50169,2024-01-25,Chennai,25-34,Google,Android,160,0
50170,2024-01-25,Delhi,25-34,Instagram,Android,210,0
50171,2024-01-25,Hyderabad,25-34,Campus event,iOS,150,3
50172,2024-01-25,Pune,25-34,Instagram,Android,230,3
50173,2024-01-25,Mumbai,25-34,Google,Android,210,1
50174,2024-01-26,Bengaluru,45-54,Instagram,Android,240,4
50175,2024-01-26,Mumbai,45-54,Other,Android,290,0
50176,2024-01-26,Mumbai,45-54,Other,iOS,220,1
50177,2024-01-26,Mumbai,25-34,Google,Android,130,1
50178,2024-01-26,Bangalore,18-24,Friend,Android,320,0
50179,2024-01-26,Kochi,18-24,Campus event,Android,130,1
50180,2024-01-26,Pune,25-34,Google,iOS,280,5
50181,2024-01-27,Ahmedabad,25-34,Instagram,iOS,160,2
50182,2024-01-27,Pune,25-34,Friend,Android,560,2
50183,2024-01-27,Delhi,25-34,Friend,Android,420,2
50184,2024-01-27,BLR,25-34,Instagram,iOS,380,1
50185,2024-01-28,Mumbai,35-44,Instagram,Android,150,1
50186,2024-01-28,Bengaluru,18-24,Instagram,Android,320,3
50187,2024-01-28,Chennai,18-24,Google,Android,1060,1
50188,2024-01-28,Delhi,18-24,Friend,Android,280,1
50189,2024-01-28,BLR,25-34,Friend,Android,300,2
50190,2024-01-28,Mumbai,45-54,Friend,Android,300,5
50191,2024-01-28,Chennai,45-54,Campus event,Android,640,3
50192,2024-01-28,Ahmedabad,35-44,Friend,Android,180,2
50193,2024-01-28,Chennai,18-24,Friend,Android,140,3
50194,2024-01-28,Hyderabad,35-44,Campus event,Android,210,3
50195,2024-01-29,Pune,18-24,Campus event,iOS,260,1
50196,2024-01-29,Bengaluru,45-54,Google,Android,610,2
50197,2024-01-29,Hyderabad,25-34,Instagram,Android,460,1
50198,2024-01-29,bangalore,18-24,Friend,Android,300,0
50199,2024-01-29,Bengaluru,18-24,Google,Android,490,3
50200,2024-01-29,Hyderabad,25-34,Instagram,Android,200,0
50201,2024-01-29,Chennai,18-24,Campus event,Android,380,3
50202,2024-01-29,Chennai,35-44,Friend,Android,460,2
50203,2024-01-30,Ahmedabad,18-24,Google,Android,280,3
50204,2024-01-30,Delhi,25-34,Other,iOS,510,1
50205,2024-01-30,Bengaluru,18-24,Friend,Android,360,1
50206,2024-01-30,Kochi,18-24,Instagram,Android,330,3
50207,2024-01-30,bangalore,35-44,Instagram,Android,250,0
50208,2024-01-31,Chennai,25-34,Friend,Android,1030,0
50209,2024-01-31,BLR,45-54,Google,iOS,240,1
50210,2024-01-31,Jaipur,18-24,Friend,Android,260,3
50211,2024-01-31,Mumbai,18-24,Instagram,Android,220,7
50212,2024-01-31,Ahmedabad,18-24,Instagram,iOS,260,3
50213,2024-01-31,Bengaluru,18-24,Friend,Android,300,2
50214,2024-01-31,Bengaluru,35-44,Campus event,Android,420,6
50215,2024-01-31,Delhi,45-54,Other,Android,400,3
50216,2024-01-31,Pune,18-24,Instagram,Android,200,1
50217,2024-01-31,Delhi,18-24,Friend,iOS,210,1
50218,2024-01-31,Bangalore,45-54,Instagram,Android,490,0
50219,2024-02-01,Bengaluru,45-54,Instagram,Android,390,1
50220,2024-02-01,Bengaluru,55+,Friend,Android,300,0
50221,2024-02-01,bangalore,18-24,Campus event,Android,350,3
50222,2024-02-01,Pune,18-24,Instagram,Android,280,2
50223,2024-02-01,Mumbai,18-24,Other,Android,140,1
50224,2024-02-01,Ahmedabad,25-34,Instagram,iOS,340,3
50225,2024-02-01,BLR,18-24,Instagram,Android,150,1
50226,2024-02-01,Hyderabad,25-34,Campus event,iOS,290,1
50227,2024-02-01,Chennai,18-24,Google,Android,220,1
50228,2024-02-01,Ahmedabad,35-44,Google,iOS,340,4
50229,2024-02-02,Ahmedabad,25-34,Instagram,Android,150,1
50230,2024-02-02,Pune,18-24,Instagram,Android,390,3
50231,2024-02-02,Pune,45-54,Friend,Android,230,1
50232,2024-02-02,Bangalore,35-44,Instagram,iOS,220,4
50233,2024-02-02,Pune,18-24,Instagram,Android,270,4
50234,2024-02-02,Mumbai,35-44,Campus event,iOS,350,0
50235,2024-02-02,bangalore,35-44,Instagram,Android,150,2
50236,2024-02-02,Bengaluru,55+,Friend,Android,290,2
50237,2024-02-02,Chennai,25-34,Friend,Android,1150,3
50238,2024-02-03,Ahmedabad,35-44,Google,Android,350,1
50239,2024-02-03,Ahmedabad,35-44,Instagram,Android,290,1
50240,2024-02-03,Chennai,18-24,Google,Android,150,2
50241,2024-02-03,Chennai,35-44,Campus event,Android,260,5
50242,2024-02-03,Mumbai,25-34,Other,Android,270,3
50243,2024-02-03,Mumbai,18-24,Campus event,iOS,320,5
50244,2024-02-03,Mumbai,25-34,Friend,Android,200,5
50245,2024-02-03,Delhi,25-34,Other,Android,230,0
50246,2024-02-03,Delhi,35-44,Friend,Android,190,1
50247,2024-02-04,Bangalore,45-54,Instagram,Android,370,0
50248,2024-02-04,Chennai,25-34,Instagram,Android,440,2
50249,2024-02-04,Banglore,18-24,Campus event,Android,120,4
50250,2024-02-04,Mumbai,45-54,Instagram,Android,120,0
50251,2024-02-05,Hyderabad,18-24,Instagram,Android,180,1
50252,2024-02-05,BLR,25-34,Instagram,Android,120,0
50253,2024-02-05,Delhi,25-34,Campus event,iOS,400,8
50254,2024-02-05,Bangalore,18-24,Instagram,iOS,270,2
50255,2024-02-05,Banglore,35-44,Instagram,Android,130,5
50256,2024-02-05,Pune,25-34,Friend,Android,190,4
50257,2024-02-05,Banglore,25-34,Campus event,Android,510,1
50258,2024-02-05,Bengaluru,45-54,Instagram,Android,390,1
50259,2024-02-05,Mumbai,18-24,Google,Android,370,2
50260,2024-02-05,Kochi,55+,Instagram,Android,260,1
50261,2024-02-05,Delhi,25-34,Instagram,iOS,310,1
50262,2024-02-05,Chennai,45-54,Instagram,iOS,160,3
50263,2024-02-05,Kochi,25-34,Friend,iOS,350,2
50264,2024-02-06,Mumbai,35-44,Campus event,Android,290,3
50265,2024-02-06,Hyderabad,18-24,Campus event,iOS,160,3
50266,2024-02-06,Pune,45-54,Instagram,Android,270,2
50267,2024-02-06,bangalore,25-34,Campus event,Android,200,1
50268,2024-02-06,Bangalore,35-44,Campus event,Android,660,2
50269,2024-02-06,Bengaluru,18-24,Campus event,Android,280,4
50270,2024-02-07,Pune,25-34,Instagram,Android,430,2
50271,2024-02-07,Bengaluru,35-44,Instagram,iOS,360,2
50272,2024-02-07,Hyderabad,25-34,Friend,Android,190,2
50273,2024-02-07,Bengaluru,35-44,Instagram,iOS,380,1
50274,2024-02-07,Pune,25-34,Friend,Android,290,3
50275,2024-02-07,Bangalore,18-24,Instagram,Android,730,1
50276,2024-02-07,Delhi,35-44,Instagram,Android,200,2
50277,2024-02-07,Hyderabad,18-24,Instagram,Android,120,2
50278,2024-02-07,Mumbai,18-24,Instagram,Android,130,2
50279,2024-02-07,Pune,25-34,Google,Android,190,2
50280,2024-02-07,Mumbai,25-34,Google,iOS,290,3
50281,2024-02-07,Delhi,45-54,Instagram,Android,260,0
50282,2024-02-07,Pune,25-34,Other,Android,220,2
50283,2024-02-08,Chennai,18-24,Instagram,iOS,260,5
50284,2024-02-08,Jaipur,25-34,Instagram,Android,290,2
50285,2024-02-08,Bengaluru,55+,Friend,Android,500,2
50286,2024-02-08,Hyderabad,25-34,Friend,Android,280,4
50287,2024-02-08,Mumbai,35-44,Google,iOS,290,1
50288,2024-02-08,Chennai,18-24,Google,Android,230,3
50289,2024-02-08,Hyderabad,25-34,Instagram,Android,180,1
50290,2024-02-08,Bengaluru,18-24,Instagram,Android,380,0
50291,2024-02-08,Bangalore,25-34,Campus event,iOS,280,3
50292,2024-02-09,Pune,18-24,Instagram,Android,140,0
50293,2024-02-09,Kochi,18-24,Google,Android,250,4
50294,2024-02-09,Bangalore,35-44,Campus event,Android,630,1
50295,2024-02-10,Chennai,25-34,Google,iOS,450,3
50296,2024-02-10,Pune,35-44,Friend,Android,110,1
50297,2024-02-10,Banglore,18-24,Instagram,Android,220,1
50298,2024-02-10,BLR,18-24,Instagram,Android,420,1
50299,2024-02-10,Jaipur,55+,Friend,Android,160,0
50300,2024-02-10,Bengaluru,18-24,Google,Android,160,0
50301,2024-02-10,Delhi,18-24,Instagram,Android,360,4
50302,2024-02-10,Pune,25-34,Instagram,Android,260,2
50303,2024-02-11,Pune,45-54,Instagram,Android,230,2
50304,2024-02-11,Chennai,18-24,Friend,Android,190,3
50305,2024-02-11,Delhi,25-34,Friend,iOS,150,1
50306,2024-02-11,BLR,35-44,Instagram,iOS,190,5
50307,2024-02-11,Chennai,55+,Google,Android,280,1
50308,2024-02-11,Pune,35-44,Friend,iOS,150,5
50309,2024-02-11,Bangalore,55+,Friend,Android,140,0
50310,2024-02-11,Hyderabad,18-24,Instagram,Android,180,2
50311,2024-02-11,Mumbai,18-24,Instagram,iOS,310,2
50312,2024-02-11,Pune,18-24,Google,Android,350,3
50313,2024-02-11,Chennai,45-54,Instagram,Android,250,2
50314,2024-02-11,Pune,18-24,Friend,Android,330,0
50315,2024-02-12,Pune,25-34,Instagram,Android,350,2
50316,2024-02-12,bangalore,25-34,Other,iOS,280,2
50317,2024-02-12,Delhi,18-24,Friend,Android,370,2
50318,2024-02-12,Chennai,18-24,Campus event,iOS,390,1
50319,2024-02-13,Kochi,35-44,Friend,iOS,190,4
50320,2024-02-13,Jaipur,45-54,Instagram,iOS,580,4
50321,2024-02-13,Kochi,35-44,Campus event,iOS,360,3
50322,2024-02-13,Ahmedabad,25-34,Campus event,Android,580,1
50323,2024-02-13,Jaipur,18-24,Instagram,Android,570,5
50324,2024-02-13,Pune,18-24,Friend,iOS,510,1
50325,2024-02-13,Ahmedabad,35-44,Friend,Android,110,3
50326,2024-02-14,Bengaluru,18-24,Google,iOS,490,3
50327,2024-02-14,Bangalore,25-34,Friend,Android,140,3
50328,2024-02-14,Chennai,18-24,Campus event,Android,640,2
50329,2024-02-14,Chennai,35-44,Campus event,iOS,360,5
50330,2024-02-14,Delhi,25-34,Instagram,Android,90,6
50331,2024-02-14,Hyderabad,18-24,Instagram,iOS,310,5
50332,2024-02-15,Chennai,18-24,Instagram,iOS,260,1
50333,2024-02-15,Bangalore,18-24,Friend,Android,120,1
50334,2024-02-15,Pune,18-24,Instagram,Android,300,1
50335,2024-02-15,Bengaluru,18-24,Instagram,Android,170,1
50336,2024-02-15,Pune,18-24,Campus event,Android,190,2
50337,2024-02-15,Banglore,25-34,Friend,iOS,630,1
50338,2024-02-15,Mumbai,25-34,Google,Android,280,2
50339,2024-02-15,Ahmedabad,25-34,Campus event,Android,350,3
50340,2024-02-15,Delhi,55+,Campus event,Android,170,3
50341,2024-02-16,Mumbai,45-54,Google,Android,510,2
50342,2024-02-16,Bengaluru,18-24,Google,Android,210,2
50343,2024-02-16,Delhi,25-34,Google,Android,340,1
50344,2024-02-16,Hyderabad,35-44,Google,Android,340,2
50345,2024-02-17,Hyderabad,35-44,Friend,Android,260,1
50346,2024-02-17,Chennai,18-24,Instagram,iOS,220,3
50347,2024-02-17,Mumbai,25-34,Google,iOS,260,5
50348,2024-02-17,Delhi,35-44,Google,Android,330,5
50349,2024-02-17,Pune,18-24,Instagram,iOS,180,2
50350,2024-02-17,Bengaluru,25-34,Friend,Android,250,3
50351,2024-02-18,Chennai,18-24,Instagram,Android,320,2
50352,2024-02-18,Bangalore,35-44,Friend,iOS,180,2
50353,2024-02-18,Bengaluru,18-24,Other,Android,170,3
50354,2024-02-18,Kochi,35-44,Instagram,Android,410,2
50355,2024-02-19,Delhi,25-34,Campus event,Android,450,1
50356,2024-02-19,Bengaluru,25-34,Other,iOS,250,3
50357,2024-02-19,Mumbai,25-34,Instagram,Android,210,4
50358,2024-02-19,Mumbai,25-34,Friend,Android,360,2
50359,2024-02-19,Pune,25-34,Google,Android,450,4
50360,2024-02-20,Pune,18-24,Campus event,Android,290,4
50361,2024-02-20,Pune,35-44,Campus event,Android,390,2
50362,2024-02-20,Kochi,18-24,Friend,Android,290,1
50363,2024-02-20,Bangalore,55+,Friend,Android,230,1
50364,2024-02-21,Kochi,25-34,Instagram,Android,160,0
50365,2024-02-21,Ahmedabad,18-24,Google,iOS,240,1
50366,2024-02-21,Mumbai,45-54,Friend,Android,220,2
50367,2024-02-21,bangalore,45-54,Instagram,Android,510,3
50368,2024-02-21,Mumbai,18-24,Google,iOS,370,4
50369,2024-02-21,Mumbai,18-24,Instagram,Android,310,4
50370,2024-02-22,Bengaluru,25-34,Instagram,Android,370,2
50371,2024-02-22,Ahmedabad,45-54,Campus event,iOS,710,8
50372,2024-02-22,Pune,18-24,Instagram,Android,200,3
50373,2024-02-22,Mumbai,25-34,Friend,Android,160,6
50374,2024-02-22,Chennai,25-34,Campus event,Android,290,0
50375,2024-02-22,Bangalore,35-44,Google,Android,260,1
50376,2024-02-22,Jaipur,45-54,Google,Android,780,1
50377,2024-02-23,Pune,18-24,Campus event,iOS,160,4
50378,2024-02-23,Mumbai,25-34,Google,iOS,310,3
50379,2024-02-23,Delhi,45-54,Instagram,Android,710,4
50380,2024-02-23,Bangalore,18-24,Other,Android,340,3
50381,2024-02-23,Hyderabad,25-34,Friend,Android,250,3
50382,2024-02-23,Chennai,18-24,Friend,Android,160,0
50383,2024-02-24,Bengaluru,18-24,Campus event,Android,310,2
50384,2024-02-24,Banglore,25-34,Friend,Android,220,6
50385,2024-02-24,Bangalore,25-34,Friend,iOS,320,3
50386,2024-02-24,Jaipur,18-24,Google,Android,290,5
50387,2024-02-25,Bangalore,25-34,Friend,Android,460,1
50388,2024-02-25,Pune,25-34,Campus event,Android,130,0
50389,2024-02-25,Ahmedabad,55+,Friend,Android,120,2
50390,2024-02-25,Bengaluru,35-44,Friend,Android,690,1
50391,2024-02-25,Delhi,25-34,Google,Android,90,3
50392,2024-02-26,Pune,35-44,Google,Android,430,5
50393,2024-02-26,Delhi,25-34,Friend,Android,220,3
50394,2024-02-26,Bengaluru,25-34,Friend,Android,230,2
50395,2024-02-26,Mumbai,18-24,Google,Android,510,2
50396,2024-02-26,Pune,25-34,Instagram,iOS,420,2
50397,2024-02-26,Pune,25-34,Friend,Android,220,2
50398,2024-02-26,Bengaluru,25-34,Friend,iOS,370,7
50399,2024-02-26,Ahmedabad,25-34,Campus event,Android,380,2
50400,2024-02-27,Mumbai,35-44,Friend,iOS,150,3
50401,2024-02-27,Hyderabad,45-54,Google,Android,360,3
50402,2024-02-27,Chennai,25-34,Friend,Android,110,2
50403,2024-02-27,Chennai,25-34,Friend,Android,390,0
50404,2024-02-27,Kochi,18-24,Campus event,iOS,330,1
50405,2024-02-27,Chennai,45-54,Friend,Android,400,2
50406,2024-02-27,Chennai,25-34,Instagram,iOS,460,2
50407,2024-02-27,Mumbai,25-34,Google,Android,120,6
50408,2024-02-28,Delhi,55+,Friend,Android,290,0
50409,2024-02-28,Bangalore,25-34,Campus event,Android,180,3
50410,2024-02-28,Pune,35-44,Instagram,Android,200,1
50411,2024-02-28,Pune,25-34,Friend,Android,290,3
50412,2024-02-28,Hyderabad,35-44,Campus event,Android,200,2
50413,2024-02-28,Bengaluru,25-34,Campus event,iOS,160,1
50414,2024-02-28,Chennai,45-54,Instagram,Android,380,3
50415,2024-02-28,Ahmedabad,25-34,Friend,Android,240,1
50416,2024-02-28,Chennai,18-24,Friend,Android,280,1
50417,2024-02-29,Hyderabad,35-44,Other,iOS,270,2
50418,2024-02-29,Jaipur,25-34,Instagram,Android,200,2
50419,2024-02-29,Chennai,18-24,Other,iOS,290,3
50420,2024-02-29,Pune,25-34,Google,Android,320,1
50421,2024-03-01,Bangalore,35-44,Friend,Android,280,7
50422,2024-03-01,Jaipur,25-34,Campus event,Android,310,3
50423,2024-03-01,Pune,25-34,Google,Android,230,1
50424,2024-03-01,Pune,35-44,Instagram,Android,190,1
50425,2024-03-01,Mumbai,25-34,Instagram,Android,120,0
50426,2024-03-02,Jaipur,18-24,Google,Android,90,4
50427,2024-03-02,Hyderabad,18-24,Instagram,Android,390,1
50428,2024-03-02,Hyderabad,25-34,Instagram,Android,280,5
50429,2024-03-02,Delhi,25-34,Instagram,Android,160,3
50430,2024-03-02,Bangalore,35-44,Other,Android,490,1
50431,2024-03-02,Jaipur,18-24,Campus event,Android,400,1
50432,2024-03-02,Chennai,25-34,Google,Android,430,4
50433,2024-03-02,Bengaluru,35-44,Friend,iOS,370,2
50434,2024-03-02,Mumbai,45-54,Friend,Android,290,2
50435,2024-03-02,Pune,45-54,Instagram,Android,210,5
50436,2024-03-02,Jaipur,18-24,Instagram,iOS,300,2
50437,2024-03-03,Mumbai,18-24,Instagram,Android,290,6
50438,2024-03-03,Pune,55+,Instagram,iOS,170,5
50439,2024-03-03,Pune,55+,Google,Android,370,1
50440,2024-03-03,Hyderabad,35-44,Google,Android,230,1
50441,2024-03-03,BLR,55+,Friend,Android,280,0
50442,2024-03-03,Kochi,45-54,Google,iOS,220,5
50443,2024-03-03,Hyderabad,18-24,Friend,Android,300,3
50444,2024-03-04,Hyderabad,35-44,Friend,iOS,210,2
50445,2024-03-04,Chennai,45-54,Google,Android,350,3
50446,2024-03-04,BLR,25-34,Google,iOS,830,0
50447,2024-03-04,Chennai,18-24,Friend,Android,280,1
50448,2024-03-04,Mumbai,35-44,Instagram,Android,1800,2
50449,2024-03-05,Mumbai,35-44,Campus event,Android,300,2
50450,2024-03-05,Bengaluru,25-34,Instagram,iOS,240,1
50451,2024-03-05,Chennai,45-54,Google,iOS,330,2
50452,2024-03-05,Kochi,55+,Friend,Android,90,3
50453,2024-03-05,Hyderabad,25-34,Campus event,Android,230,2
50454,2024-03-05,BLR,35-44,Instagram,iOS,220,0
50455,2024-03-06,Jaipur,25-34,Instagram,Android,220,1
50456,2024-03-06,Mumbai,18-24,Other,Android,490,1
50457,2024-03-06,Pune,35-44,Instagram,iOS,160,4
50458,2024-03-06,Hyderabad,35-44,Other,Android,330,8
50459,2024-03-06,Bengaluru,35-44,Other,iOS,260,3
50460,2024-03-07,Bengaluru,25-34,Instagram,iOS,180,1
50461,2024-03-07,Hyderabad,25-34,Campus event,iOS,210,2
50462,2024-03-07,Hyderabad,18-24,Friend,Android,360,2
50463,2024-03-07,BLR,25-34,Google,Android,160,3
50464,2024-03-07,Chennai,35-44,Google,Android,210,2
50465,2024-03-07,Pune,25-34,Instagram,Android,220,3
50466,2024-03-08,Mumbai,25-34,Instagram,Android,320,3
50467,2024-03-08,Hyderabad,18-24,Instagram,Android,320,4
50468,2024-03-08,Hyderabad,45-54,Friend,Android,130,2
50469,2024-03-08,Kochi,25-34,Friend,iOS,290,4
50470,2024-03-09,Chennai,18-24,Campus event,Android,510,2
50471,2024-03-10,Pune,45-54,Instagram,Android,560,3
50472,2024-03-10,Bangalore,25-34,Google,iOS,230,1
50473,2024-03-10,Hyderabad,25-34,Instagram,Android,200,1
50474,2024-03-10,Pune,18-24,Instagram,Android,380,1
50475,2024-03-10,bangalore,18-24,Friend,iOS,160,6
50476,2024-03-10,Mumbai,45-54,Campus event,Android,470,3
50477,2024-03-10,Delhi,18-24,Google,Android,480,3
50478,2024-03-10,Bengaluru,25-34,Friend,iOS,330,2
50479,2024-03-11,Bangalore,45-54,Instagram,Android,170,3
50480,2024-03-11,Hyderabad,25-34,Instagram,iOS,110,4
50481,2024-03-11,Chennai,45-54,Google,Android,340,3
50482,2024-03-11,bangalore,25-34,Campus event,Android,210,3
50483,2024-03-11,Hyderabad,55+,Instagram,Android,500,3
50484,2024-03-11,Bengaluru,25-34,Campus event,Android,320,2
50485,2024-03-11,bangalore,25-34,Campus event,Android,450,3
50486,2024-03-11,Hyderabad,18-24,Instagram,Android,300,1
50487,2024-03-12,Pune,45-54,Instagram,Android,290,5
50488,2024-03-12,Pune,18-24,Campus event,Android,240,2
50489,2024-03-12,Delhi,25-34,Instagram,Android,190,0
50490,2024-03-12,Hyderabad,18-24,Google,iOS,420,6
50491,2024-03-12,Kochi,55+,Instagram,Android,230,2
50492,2024-03-13,BLR,25-34,Campus event,Android,270,0
50493,2024-03-13,Mumbai,18-24,Google,Android,250,2
50494,2024-03-13,Jaipur,18-24,Google,iOS,130,1
50495,2024-03-13,Delhi,25-34,Google,Android,360,2
50496,2024-03-13,Hyderabad,25-34,Google,iOS,270,2
50497,2024-03-13,Jaipur,18-24,Google,Android,430,2
50498,2024-03-13,Delhi,25-34,Other,iOS,210,3
50499,2024-03-14,Ahmedabad,35-44,Instagram,Android,540,3
50500,2024-03-14,Mumbai,25-34,Friend,Android,630,2
50501,2024-03-14,Chennai,18-24,Friend,Android,320,1
50502,2024-03-14,Mumbai,35-44,Friend,Android,280,4
50503,2024-03-14,Kochi,35-44,Friend,Android,100,1
50504,2024-03-14,bangalore,18-24,Friend,iOS,340,0
50505,2024-03-15,BLR,25-34,Instagram,iOS,150,3
50506,2024-03-15,Delhi,25-34,Instagram,Android,100,2
50507,2024-03-15,Bengaluru,18-24,Friend,Android,360,0
50508,2024-03-15,Pune,25-34,Instagram,Android,390,3
50509,2024-03-15,Mumbai,45-54,Google,Android,350,2
50510,2024-03-15,Kochi,55+,Campus event,iOS,310,1
50511,2024-03-16,Kochi,35-44,Instagram,Android,300,1
50512,2024-03-16,Pune,35-44,Instagram,Android,250,3
50513,2024-03-16,Bangalore,45-54,Campus event,iOS,500,0
50514,2024-03-16,Bengaluru,55+,Other,Android,490,3
50515,2024-03-16,Delhi,35-44,Friend,Android,480,1
50516,2024-03-16,Bangalore,25-34,Google,Android,350,1
50517,2024-03-16,Pune,25-34,Other,iOS,350,1
50518,2024-03-16,Pune,25-34,Instagram,Android,640,1
50519,2024-03-17,Bengaluru,18-24,Instagram,Android,160,1
50520,2024-03-17,Jaipur,35-44,Campus event,Android,350,4
50521,2024-03-17,Bengaluru,18-24,Instagram,Android,130,2
50522,2024-03-17,Ahmedabad,18-24,Google,iOS,210,3
50523,2024-03-17,Mumbai,25-34,Instagram,Android,310,0
50524,2024-03-17,Hyderabad,25-34,Instagram,Android,510,1
50525,2024-03-17,Chennai,25-34,Google,Android,480,2
50526,2024-03-18,Banglore,18-24,Instagram,Android,140,0
50527,2024-03-18,Hyderabad,45-54,Google,Android,250,0
50528,2024-03-18,Mumbai,18-24,Friend,iOS,240,2
50529,2024-03-18,Mumbai,35-44,Instagram,Android,200,2
50530,2024-03-18,Kochi,45-54,Campus event,iOS,120,5
50531,2024-03-18,Delhi,35-44,Friend,Android,160,0
50532,2024-03-18,Delhi,18-24,Google,iOS,410,6
50533,2024-03-18,Delhi,25-34,Friend,iOS,360,1
50534,2024-03-18,Chennai,25-34,Friend,Android,310,1
50535,2024-03-19,Hyderabad,25-34,Friend,Android,200,3
50536,2024-03-19,Delhi,35-44,Instagram,Android,520,1
50537,2024-03-19,Mumbai,25-34,Friend,Android,360,2
50538,2024-03-19,bangalore,18-24,Friend,iOS,260,6
50539,2024-03-19,Delhi,55+,Campus event,Android,230,1
50540,2024-03-19,Hyderabad,18-24,Instagram,Android,240,0
50541,2024-03-19,Delhi,18-24,Other,Android,220,3
50542,2024-03-19,Bengaluru,18-24,Instagram,Android,500,1
50543,2024-03-20,Hyderabad,35-44,Instagram,Android,250,3
50544,2024-03-20,Chennai,35-44,Campus event,Android,250,2
50545,2024-03-20,Bengaluru,25-34,Instagram,Android,380,3
50546,2024-03-21,Mumbai,25-34,Friend,Android,250,3
50547,2024-03-21,Ahmedabad,18-24,Google,Android,260,2
50548,2024-03-21,bangalore,35-44,Instagram,Android,220,0
50549,2024-03-21,bangalore,25-34,Friend,Android,140,5
50550,2024-03-21,Mumbai,18-24,Instagram,Android,180,1
50551,2024-03-21,Bengaluru,25-34,Friend,Android,250,2
50552,2024-03-21,Jaipur,18-24,Campus event,iOS,310,3
50553,2024-03-21,Delhi,35-44,Friend,Android,370,2
50554,2024-03-21,Mumbai,35-44,Instagram,Android,260,0
50555,2024-03-21,Mumbai,25-34,Friend,iOS,300,5
50556,2024-03-21,Pune,18-24,Instagram,Android,690,3
50557,2024-03-21,Pune,25-34,Friend,iOS,120,2
50558,2024-03-21,Hyderabad,35-44,Instagram,Android,280,5
50559,2024-03-21,Kochi,18-24,Instagram,iOS,300,5
50560,2024-03-21,Pune,25-34,Google,Android,100,3
50561,2024-03-22,Bangalore,25-34,Campus event,Android,380,4
50562,2024-03-22,bangalore,35-44,Campus event,Android,320,3
50563,2024-03-22,Pune,18-24,Campus event,Android,230,1
50564,2024-03-22,Hyderabad,35-44,Google,iOS,560,3
50565,2024-03-22,Mumbai,45-54,Google,iOS,390,5
50566,2024-03-22,Ahmedabad,25-34,Instagram,Android,790,1
50567,2024-03-23,BLR,18-24,Friend,iOS,130,5
50568,2024-03-23,Bengaluru,25-34,Other,Android,290,2
50569,2024-03-23,Pune,35-44,Friend,iOS,350,3
50570,2024-03-23,Pune,18-24,Instagram,iOS,450,5
50571,2024-03-24,Pune,35-44,Google,Android,540,3
50572,2024-03-24,Pune,35-44,Campus event,iOS,240,4
50573,2024-03-24,Pune,18-24,Other,Android,300,3
50574,2024-03-24,BLR,35-44,Google,Android,330,0
50575,2024-03-24,Bengaluru,55+,Google,iOS,270,1
50576,2024-03-24,Bengaluru,18-24,Other,iOS,390,3
50577,2024-03-24,Kochi,45-54,Instagram,Android,220,2
50578,2024-03-24,Bangalore,35-44,Friend,Android,400,1
50579,2024-03-24,Kochi,35-44,Instagram,Android,280,3
50580,2024-03-25,Hyderabad,18-24,Friend,Android,220,5
50581,2024-03-25,Bengaluru,25-34,Other,Android,520,1
50582,2024-03-25,Delhi,45-54,Instagram,Android,270,3
50583,2024-03-25,Pune,35-44,Friend,iOS,210,3
50584,2024-03-25,Pune,18-24,Instagram,Android,170,2
50585,2024-03-26,Pune,25-34,Google,Android,460,2
50586,2024-03-26,bangalore,18-24,Friend,Android,240,2
50587,2024-03-26,Pune,25-34,Google,iOS,480,5
50588,2024-03-26,Pune,25-34,Google,iOS,450,2
50589,2024-03-26,Delhi,35-44,Google,iOS,560,3
50590,2024-03-26,Mumbai,18-24,Friend,iOS,450,4
50591,2024-03-27,Kochi,18-24,Friend,Android,620,2
50592,2024-03-27,Hyderabad,45-54,Instagram,Android,160,1
50593,2024-03-27,Chennai,18-24,Other,Android,630,1
50594,2024-03-27,Bangalore,18-24,Campus event,iOS,530,0
50595,2024-03-27,bangalore,25-34,Instagram,Android,230,1
50596,2024-03-28,Bangalore,55+,Friend,iOS,330,3
50597,2024-03-28,Bangalore,18-24,Other,Android,310,2
50598,2024-03-28,Pune,18-24,Other,Android,120,1
50599,2024-03-28,Delhi,45-54,Instagram,Android,330,1
50600,2024-03-28,Ahmedabad,25-34,Campus event,Android,440,1
50601,2024-03-28,Bangalore,35-44,Other,Android,240,2
50602,2024-03-28,Kochi,18-24,Friend,Android,140,1
50603,2024-03-28,Hyderabad,25-34,Google,iOS,250,4
50604,2024-03-29,Bangalore,45-54,Instagram,Android,630,1
50605,2024-03-29,Pune,18-24,Other,Android,370,3
50606,2024-03-29,Pune,45-54,Google,iOS,130,8
50607,2024-03-29,Pune,45-54,Friend,iOS,450,3
50608,2024-03-29,Mumbai,25-34,Google,Android,340,3
50609,2024-03-30,Kochi,55+,Friend,Android,500,1
50610,2024-03-30,Chennai,45-54,Other,iOS,250,1
50611,2024-03-30,Pune,18-24,Friend,Android,290,3
50612,2024-03-31,Kochi,35-44,Instagram,iOS,390,1
50613,2024-03-31,Pune,18-24,Instagram,Android,490,3
50614,2024-03-31,Bengaluru,18-24,Friend,Android,150,2
50615,2024-03-31,Bengaluru,25-34,Instagram,iOS,210,4
50616,2024-03-31,Delhi,18-24,Friend,Android,410,0
50617,2024-03-31,Hyderabad,25-34,Friend,Android,330,4
50618,2024-03-31,Hyderabad,25-34,Instagram,Android,110,1
50619,2024-03-31,bangalore,18-24,Instagram,Android,250,1
50620,2024-03-31,Chennai,18-24,Campus event,Android,180,1
50621,2024-03-31,Bengaluru,18-24,Other,Android,500,4
50622,2024-03-31,Pune,25-34,Friend,iOS,350,4
50623,2024-03-31,Mumbai,18-24,Campus event,Android,520,2
50624,2024-04-01,Mumbai,18-24,Campus event,Android,230,2
50625,2024-04-01,Pune,55+,Instagram,iOS,230,3
50626,2024-04-01,Chennai,35-44,Google,Android,300,2
50627,2024-04-01,Mumbai,25-34,Instagram,Android,240,0
50628,2024-04-01,Pune,25-34,Google,Android,250,1
50629,2024-04-02,Mumbai,25-34,Campus event,iOS,470,7
50630,2024-04-02,Kochi,25-34,Google,Android,300,3
50631,2024-04-02,bangalore,18-24,Instagram,iOS,90,5
50632,2024-04-02,Bangalore,18-24,Instagram,iOS,160,2
50633,2024-04-02,BLR,35-44,Campus event,Android,290,4
50634,2024-04-02,Mumbai,45-54,Google,Android,150,3
50635,2024-04-02,Pune,25-34,Friend,Android,410,2
50636,2024-04-02,Bangalore,25-34,Instagram,Android,840,0
50637,2024-04-03,Kochi,18-24,Campus event,Android,340,4
50638,2024-04-03,Bengaluru,25-34,Campus event,Android,540,2
50639,2024-04-03,Pune,25-34,Friend,Android,300,4
50640,2024-04-04,Banglore,25-34,Instagram,iOS,320,4
50641,2024-04-04,Pune,45-54,Friend,Android,240,2
50642,2024-04-04,Chennai,35-44,Campus event,Android,390,0
50643,2024-04-04,Bengaluru,25-34,Friend,iOS,400,3
50644,2024-04-04,Pune,18-24,Instagram,Android,340,1
50645,2024-04-05,Delhi,25-34,Instagram,Android,230,1
50646,2024-04-05,Pune,35-44,Other,Android,170,2
50647,2024-04-05,Bengaluru,35-44,Instagram,iOS,150,5
50648,2024-04-05,Bangalore,35-44,Friend,Android,870,2
50649,2024-04-05,Pune,25-34,Instagram,Android,380,3
50650,2024-04-05,Delhi,18-24,Google,Android,200,2
50651,2024-04-05,Delhi,35-44,Friend,Android,240,2
50652,2024-04-05,Pune,25-34,Instagram,iOS,280,2
50653,2024-04-06,Mumbai,35-44,Instagram,Android,220,2
50654,2024-04-06,Mumbai,25-34,Other,Android,110,1
50655,2024-04-06,Hyderabad,25-34,Instagram,iOS,150,5
50656,2024-04-06,Mumbai,18-24,Instagram,Android,270,0
50657,2024-04-06,Chennai,18-24,Instagram,iOS,280,5
50658,2024-04-06,Bangalore,25-34,Friend,iOS,160,2
50659,2024-04-06,Hyderabad,25-34,Friend,Android,630,4
50660,2024-04-06,Ahmedabad,25-34,Friend,iOS,190,3
50661,2024-04-06,Delhi,25-34,Instagram,iOS,90,1
50662,2024-04-06,BLR,18-24,Instagram,Android,550,3
50663,2024-04-07,bangalore,25-34,Instagram,Android,210,2
50664,2024-04-07,BLR,25-34,Other,Android,400,0
50665,2024-04-07,Pune,45-54,Instagram,Android,260,7
50666,2024-04-07,Chennai,25-34,Google,iOS,420,3
50667,2024-04-07,Pune,18-24,Instagram,Android,230,3
50668,2024-04-07,Mumbai,55+,Google,Android,370,5
50669,2024-04-07,Pune,18-24,Instagram,Android,200,2
50670,2024-04-08,Pune,35-44,Other,Android,490,3
50671,2024-04-08,Hyderabad,55+,Google,Android,240,1
50672,2024-04-08,Pune,25-34,Campus event,Android,290,0
50673,2024-04-08,Pune,25-34,Instagram,Android,340,0
50674,2024-04-08,Bangalore,55+,Campus event,Android,340,3
50675,2024-04-08,Pune,25-34,Google,iOS,220,2
50676,2024-04-08,Bengaluru,25-34,Instagram,Android,230,2
50677,2024-04-08,Mumbai,18-24,Other,Android,270,1
50678,2024-04-08,Chennai,35-44,Friend,Android,270,2
50679,2024-04-08,Bangalore,45-54,Campus event,Android,200,3
50680,2024-04-08,Bengaluru,18-24,Google,iOS,420,4
50681,2024-04-08,Chennai,25-34,Other,iOS,190,3
50682,2024-04-09,Mumbai,25-34,Instagram,Android,140,3
50683,2024-04-09,Banglore,18-24,Friend,Android,250,1
50684,2024-04-09,BLR,35-44,Instagram,Android,630,2
50685,2024-04-09,Bengaluru,45-54,Friend,Android,540,3
50686,2024-04-10,Hyderabad,18-24,Friend,Android,170,0
50687,2024-04-10,Bengaluru,25-34,Google,Android,360,2
50688,2024-04-10,Delhi,18-24,Google,Android,290,4
50689,2024-04-11,Bengaluru,18-24,Friend,iOS,160,4
50690,2024-04-11,Delhi,45-54,Instagram,Android,430,5
50691,2024-04-11,Kochi,55+,Google,Android,230,4
50692,2024-04-11,Delhi,18-24,Instagram,Android,350,3
50693,2024-04-11,Bangalore,35-44,Campus event,Android,160,3
50694,2024-04-12,Bangalore,35-44,Campus event,Android,290,3
50695,2024-04-12,Bengaluru,35-44,Friend,iOS,360,3
50696,2024-04-12,Delhi,25-34,Friend,iOS,290,5
50697,2024-04-12,Jaipur,25-34,Other,Android,260,0
50698,2024-04-12,Pune,25-34,Friend,iOS,100,1
50699,2024-04-12,Pune,18-24,Friend,Android,260,0
50700,2024-04-12,Hyderabad,35-44,Friend,Android,270,5
50701,2024-04-12,Kochi,18-24,Campus event,Android,730,5
50702,2024-04-13,Pune,18-24,Google,Android,430,5
50703,2024-04-13,Delhi,45-54,Other,iOS,140,7
50704,2024-04-13,Pune,45-54,Instagram,Android,150,1
50705,2024-04-13,Bengaluru,18-24,Instagram,Android,360,3
50706,2024-04-13,Chennai,25-34,Friend,Android,220,6
50707,2024-04-14,Chennai,25-34,Friend,iOS,330,1
50708,2024-04-14,Pune,18-24,Friend,Android,200,2
50709,2024-04-14,Bengaluru,25-34,Friend,Android,200,0
50710,2024-04-14,Bengaluru,18-24,Campus event,Android,240,3
50711,2024-04-14,Delhi,35-44,Instagram,iOS,130,3
50712,2024-04-14,Mumbai,45-54,Google,Android,350,1
50713,2024-04-14,Bangalore,25-34,Friend,iOS,160,2
50714,2024-04-14,Chennai,25-34,Friend,Android,370,1
50715,2024-04-14,Ahmedabad,25-34,Google,Android,290,0
50716,2024-04-15,Mumbai,25-34,Friend,iOS,140,3
50717,2024-04-15,bangalore,25-34,Campus event,Android,290,3
50718,2024-04-15,Pune,25-34,Other,Android,230,3
50719,2024-04-15,bangalore,35-44,Instagram,Android,200,3
50720,2024-04-15,Delhi,18-24,Campus event,Android,150,2
50721,2024-04-15,Bangalore,35-44,Google,Android,350,3
50722,2024-04-15,Ahmedabad,35-44,Other,iOS,280,3
50723,2024-04-15,bangalore,35-44,Friend,Android,280,1
50724,2024-04-15,Kochi,25-34,Google,Android,330,1
50725,2024-04-16,Delhi,35-44,Campus event,Android,540,1
50726,2024-04-16,Hyderabad,25-34,Instagram,iOS,150,2
50727,2024-04-16,Hyderabad,35-44,Instagram,iOS,90,3
50728,2024-04-16,Pune,25-34,Instagram,Android,280,5
50729,2024-04-16,Ahmedabad,35-44,Friend,Android,620,5
50730,2024-04-17,Banglore,25-34,Instagram,iOS,440,3
50731,2024-04-17,Bangalore,55+,Campus event,Android,330,1
50732,2024-04-17,BLR,18-24,Instagram,Android,340,2
50733,2024-04-17,Chennai,18-24,Other,Android,320,2
50734,2024-04-17,Pune,25-34,Campus event,Android,190,1
50735,2024-04-18,bangalore,18-24,Instagram,Android,400,1
50736,2024-04-18,bangalore,18-24,Instagram,iOS,180,5
50737,2024-04-18,Pune,25-34,Instagram,Android,170,2
50738,2024-04-18,Mumbai,25-34,Campus event,iOS,460,3
50739,2024-04-18,Ahmedabad,18-24,Campus event,Android,190,2
50740,2024-04-18,Delhi,18-24,Friend,Android,530,2
50741,2024-04-18,Pune,25-34,Friend,iOS,240,4
50742,2024-04-18,Delhi,18-24,Friend,Android,390,1
50743,2024-04-18,Banglore,25-34,Campus event,Android,280,2
50744,2024-04-19,Chennai,25-34,Campus event,Android,320,1
50745,2024-04-19,Chennai,45-54,Google,Android,150,1
50746,2024-04-19,Chennai,18-24,Friend,Android,240,2
50747,2024-04-19,BLR,25-34,Instagram,iOS,330,0
50748,2024-04-19,Pune,18-24,Instagram,Android,160,4
50749,2024-04-19,Bangalore,25-34,Google,Android,280,1
50750,2024-04-19,Bangalore,25-34,Instagram,Android,200,2
50751,2024-04-19,Hyderabad,25-34,Google,Android,250,2
50752,2024-04-19,Delhi,18-24,Instagram,Android,210,2
50753,2024-04-19,Kochi,25-34,Instagram,Android,570,1
50754,2024-04-19,Bangalore,18-24,Friend,Android,560,3
50755,2024-04-19,Chennai,25-34,Instagram,Android,320,1
50756,2024-04-19,Pune,18-24,Instagram,iOS,170,3
50757,2024-04-20,Chennai,25-34,Google,Android,420,1
50758,2024-04-20,Chennai,25-34,Friend,Android,230,5
50759,2024-04-20,Pune,35-44,Instagram,iOS,180,2
50760,2024-04-20,Mumbai,55+,Other,Android,220,1
50761,2024-04-20,bangalore,25-34,Campus event,Android,580,3
50762,2024-04-20,Hyderabad,25-34,Campus event,Android,170,3
50763,2024-04-20,Delhi,18-24,Google,Android,230,1
50764,2024-04-20,Pune,18-24,Friend,Android,360,3
50765,2024-04-20,Delhi,18-24,Instagram,Android,190,2
50766,2024-04-21,Bangalore,18-24,Instagram,Android,430,1
50767,2024-04-21,Mumbai,35-44,Campus event,iOS,240,4
50768,2024-04-21,Hyderabad,45-54,Campus event,Android,280,1
50769,2024-04-21,Bangalore,25-34,Instagram,iOS,260,3
50770,2024-04-21,Chennai,25-34,Instagram,Android,210,1
50771,2024-04-21,Pune,18-24,Google,iOS,220,2
50772,2024-04-21,Pune,18-24,Friend,Android,220,3
50773,2024-04-21,Jaipur,35-44,Instagram,iOS,110,4
50774,2024-04-21,Ahmedabad,18-24,Instagram,Android,240,3
50775,2024-04-21,Kochi,18-24,Instagram,Android,310,4
50776,2024-04-22,Jaipur,35-44,Instagram,Android,120,1
50777,2024-04-22,Delhi,25-34,Google,Android,290,1
50778,2024-04-22,Pune,25-34,Instagram,iOS,240,1
50779,2024-04-22,Jaipur,35-44,Google,iOS,270,2
50780,2024-04-22,Hyderabad,45-54,Google,iOS,220,5
50781,2024-04-22,Delhi,25-34,Instagram,Android,350,0
50782,2024-04-22,Hyderabad,18-24,Campus event,Android,500,3
50783,2024-04-22,Hyderabad,55+,Friend,Android,200,2
50784,2024-04-23,Bengaluru,35-44,Friend,Android,260,0
50785,2024-04-23,Bengaluru,25-34,Google,Android,160,5
50786,2024-04-23,Delhi,35-44,Instagram,Android,410,3
50787,2024-04-23,BLR,18-24,Other,Android,320,0
50788,2024-04-23,Bangalore,18-24,Instagram,iOS,110,2
50789,2024-04-23,Mumbai,45-54,Instagram,Android,310,1
50790,2024-04-24,Pune,25-34,Google,Android,140,2
50791,2024-04-24,Chennai,18-24,Google,iOS,180,6
50792,2024-04-24,Hyderabad,25-34,Friend,Android,220,4
50793,2024-04-24,Chennai,45-54,Instagram,Android,540,2
50794,2024-04-24,Jaipur,25-34,Google,Android,480,3
50795,2024-04-24,Delhi,25-34,Google,Android,330,4
50796,2024-04-24,Bangalore,18-24,Instagram,iOS,330,3
50797,2024-04-25,Bengaluru,25-34,Friend,iOS,730,2
50798,2024-04-25,Kochi,18-24,Friend,iOS,390,2
50799,2024-04-25,Chennai,45-54,Friend,iOS,180,1
50800,2024-04-25,Bangalore,25-34,Instagram,iOS,270,5
50801,2024-04-25,Mumbai,25-34,Instagram,iOS,370,2
50802,2024-04-26,Jaipur,18-24,Google,Android,410,2
50803,2024-04-26,Mumbai,45-54,Friend,Android,400,1
50804,2024-04-26,bangalore,35-44,Instagram,Android,200,2
50805,2024-04-27,Mumbai,35-44,Instagram,Android,350,4
50806,2024-04-27,Pune,25-34,Friend,Android,190,0
50807,2024-04-27,Banglore,35-44,Campus event,Android,170,1
50808,2024-04-27,Pune,45-54,Friend,Android,180,1
50809,2024-04-27,Mumbai,35-44,Instagram,Android,250,1
50810,2024-04-27,bangalore,25-34,Google,Android,200,2
50811,2024-04-28,Delhi,18-24,Instagram,Android,220,4
50812,2024-04-28,Bangalore,35-44,Friend,Android,230,1
50813,2024-04-28,Bengaluru,25-34,Campus event,Android,170,3
50814,2024-04-28,Kochi,45-54,Campus event,Android,420,2
50815,2024-04-28,Pune,25-34,Google,Android,200,4
50816,2024-04-28,Chennai,25-34,Instagram,Android,340,3
50817,2024-04-28,Kochi,45-54,Campus event,Android,970,4
50818,2024-04-28,bangalore,35-44,Instagram,Android,300,3
50819,2024-04-28,Bangalore,18-24,Other,Android,220,3
50820,2024-04-28,Mumbai,25-34,Google,Android,150,2
50821,2024-04-28,Chennai,35-44,Instagram,iOS,340,3
50822,2024-04-29,Hyderabad,18-24,Friend,Android,210,2
50823,2024-04-29,Mumbai,25-34,Instagram,iOS,660,3
50824,2024-04-29,Hyderabad,55+,Friend,iOS,250,2
50825,2024-04-29,Pune,35-44,Campus event,Android,230,3
50826,2024-04-29,Mumbai,18-24,Friend,Android,330,4
50827,2024-04-29,Pune,35-44,Campus event,Android,180,1
50828,2024-04-29,Mumbai,18-24,Friend,Android,180,1
50829,2024-04-30,Bengaluru,25-34,Instagram,Android,450,0
50830,2024-04-30,Delhi,55+,Friend,Android,230,3
50831,2024-04-30,bangalore,25-34,Campus event,iOS,410,5
50832,2024-04-30,Kochi,18-24,Google,Android,110,3
50833,2024-04-30,Mumbai,18-24,Campus event,Android,400,2
50834,2024-04-30,Kochi,18-24,Google,Android,310,5
50835,2024-05-01,Mumbai,18-24,Instagram,Android,390,0
50836,2024-05-01,Hyderabad,25-34,Google,Android,240,3
50837,2024-05-01,Bengaluru,25-34,Friend,Android,430,3
50838,2024-05-01,Jaipur,25-34,Friend,Android,120,3
50839,2024-05-01,Mumbai,18-24,Friend,iOS,330,2
50840,2024-05-01,Pune,25-34,Friend,Android,210,1
50841,2024-05-01,Bengaluru,18-24,Other,Android,870,4
50842,2024-05-02,Kochi,45-54,Campus event,Android,310,2
50843,2024-05-02,Banglore,18-24,Friend,iOS,220,1
50844,2024-05-02,Chennai,25-34,Friend,Android,180,0
50845,2024-05-02,Pune,35-44,Other,Android,310,3
50846,2024-05-03,Hyderabad,35-44,Google,Android,450,3
50847,2024-05-03,Chennai,45-54,Friend,Android,240,3
50848,2024-05-03,BLR,18-24,Instagram,Android,290,2
50849,2024-05-03,Delhi,25-34,Google,iOS,500,4
50850,2024-05-04,Mumbai,25-34,Campus event,Android,320,2
50851,2024-05-04,Hyderabad,25-34,Google,iOS,210,3
50852,2024-05-04,Pune,25-34,Friend,Android,540,2
50853,2024-05-04,Mumbai,25-34,Instagram,Android,300,4
50854,2024-05-04,Banglore,35-44,Campus event,iOS,330,2
50855,2024-05-04,Chennai,35-44,Instagram,Android,330,0
50856,2024-05-04,Bengaluru,18-24,Instagram,Android,380,3
50857,2024-05-04,Chennai,18-24,Google,Android,350,2
50858,2024-05-05,Chennai,25-34,Google,iOS,450,2
50859,2024-05-05,Mumbai,18-24,Campus event,iOS,480,3
50860,2024-05-05,Hyderabad,45-54,Campus event,Android,310,2
50861,2024-05-05,Mumbai,35-44,Google,Android,200,5
50862,2024-05-05,Mumbai,25-34,Campus event,Android,180,1
50863,2024-05-05,Bangalore,25-34,Instagram,Android,380,2
50864,2024-05-06,Hyderabad,18-24,Friend,Android,290,1
50865,2024-05-06,Pune,18-24,Other,iOS,270,3
50866,2024-05-06,Kochi,25-34,Instagram,Android,400,2
50867,2024-05-06,Bangalore,18-24,Google,iOS,370,3
50868,2024-05-06,Mumbai,25-34,Campus event,iOS,130,3
50869,2024-05-06,Jaipur,18-24,Google,Android,190,1
50870,2024-05-06,Bengaluru,18-24,Instagram,Android,350,1
50871,2024-05-07,Delhi,45-54,Google,Android,550,4
50872,2024-05-07,Banglore,25-34,Friend,Android,180,2
50873,2024-05-07,Hyderabad,18-24,Instagram,Android,200,1
50874,2024-05-07,Delhi,18-24,Other,Android,240,1
50875,2024-05-07,Chennai,25-34,Friend,Android,410,4
50876,2024-05-07,Pune,35-44,Instagram,iOS,260,2
50877,2024-05-08,Mumbai,35-44,Campus event,Android,580,1
50878,2024-05-08,Delhi,25-34,Google,Android,110,2
50879,2024-05-08,Mumbai,35-44,Friend,Android,290,7
50880,2024-05-08,Pune,35-44,Friend,iOS,360,3
50881,2024-05-08,Mumbai,25-34,Friend,Android,170,4
50882,2024-05-09,Bengaluru,25-34,Instagram,Android,260,4
50883,2024-05-09,Delhi,25-34,Google,Android,310,3
50884,2024-05-09,Ahmedabad,25-34,Friend,Android,370,4
50885,2024-05-09,Pune,25-34,Instagram,iOS,540,1
50886,2024-05-10,Chennai,35-44,Friend,Android,320,1
50887,2024-05-10,Pune,18-24,Instagram,Android,230,2
50888,2024-05-10,Pune,18-24,Instagram,Android,250,1
50889,2024-05-10,Mumbai,25-34,Google,Android,260,3
50890,2024-05-11,Bengaluru,35-44,Campus event,Android,500,4
50891,2024-05-11,Delhi,18-24,Google,iOS,460,4
50892,2024-05-11,Pune,18-24,Friend,Android,480,3
50893,2024-05-11,bangalore,35-44,Friend,Android,330,1
50894,2024-05-11,Delhi,18-24,Instagram,iOS,210,4
50895,2024-05-11,Delhi,18-24,Instagram,Android,230,1
50896,2024-05-11,Bengaluru,35-44,Google,Android,230,3
50897,2024-05-12,Kochi,18-24,Instagram,Android,330,4
50898,2024-05-12,Mumbai,18-24,Instagram,iOS,330,5
50899,2024-05-12,Bangalore,18-24,Instagram,iOS,280,1
50900,2024-05-12,Mumbai,35-44,Instagram,Android,300,2
50901,2024-05-12,Bengaluru,35-44,Friend,Android,290,2
50902,2024-05-12,Kochi,25-34,Other,iOS,130,2
50903,2024-05-12,bangalore,18-24,Friend,Android,320,2
50904,2024-05-12,Bengaluru,35-44,Campus event,Android,350,3
50905,2024-05-12,Ahmedabad,35-44,Instagram,Android,280,4
50906,2024-05-12,Delhi,25-34,Other,iOS,340,5
50907,2024-05-12,Bangalore,18-24,Friend,Android,280,1
50908,2024-05-13,Kochi,18-24,Other,Android,140,1
50909,2024-05-13,Pune,18-24,Instagram,Android,100,3
50910,2024-05-13,Delhi,55+,Campus event,Android,90,0
50911,2024-05-13,Chennai,25-34,Campus event,iOS,180,3
50912,2024-05-13,Chennai,18-24,Friend,Android,240,3
50913,2024-05-13,Pune,25-34,Friend,Android,260,0
50914,2024-05-14,Bangalore,25-34,Instagram,Android,300,1
50915,2024-05-14,Chennai,18-24,Instagram,iOS,190,0
50916,2024-05-14,Hyderabad,55+,Campus event,Android,170,0
50917,2024-05-14,Bangalore,25-34,Friend,iOS,380,1
50918,2024-05-14,Bengaluru,18-24,Instagram,Android,280,3
50919,2024-05-14,Pune,25-34,Friend,iOS,210,4
50920,2024-05-14,Hyderabad,35-44,Google,iOS,400,4
50921,2024-05-14,Mumbai,35-44,Campus event,Android,190,4
50922,2024-05-14,Pune,25-34,Instagram,iOS,200,1
50923,2024-05-14,Chennai,18-24,Instagram,iOS,600,1
50924,2024-05-14,Bangalore,18-24,Google,Android,210,3
50925,2024-05-14,Pune,18-24,Friend,iOS,270,5
50926,2024-05-14,Bengaluru,25-34,Friend,Android,190,3
50927,2024-05-15,Bangalore,35-44,Other,iOS,240,2
50928,2024-05-15,Chennai,25-34,Instagram,Android,510,1
50929,2024-05-15,Chennai,18-24,Campus event,iOS,170,3
50930,2024-05-15,Ahmedabad,45-54,Google,Android,190,3
50931,2024-05-15,Pune,18-24,Friend,Android,140,1
50932,2024-05-16,Mumbai,35-44,Campus event,Android,310,0
50933,2024-05-16,bangalore,45-54,Friend,Android,240,4
50934,2024-05-16,Mumbai,45-54,Friend,Android,190,3
50935,2024-05-16,Pune,18-24,Friend,Android,240,0
50936,2024-05-16,Mumbai,18-24,Campus event,Android,310,5
50937,2024-05-17,Mumbai,25-34,Instagram,Android,150,2
50938,2024-05-17,Hyderabad,25-34,Google,Android,420,1
50939,2024-05-17,Bangalore,25-34,Instagram,Android,410,4
50940,2024-05-17,Pune,55+,Campus event,Android,350,4
50941,2024-05-17,Banglore,18-24,Instagram,Android,120,0
50942,2024-05-17,Delhi,18-24,Google,iOS,90,4
50943,2024-05-18,Bangalore,25-34,Campus event,Android,210,6
50944,2024-05-18,Bangalore,18-24,Campus event,Android,360,5
50945,2024-05-18,Jaipur,18-24,Friend,Android,260,2
50946,2024-05-18,Bengaluru,25-34,Other,Android,820,2
50947,2024-05-18,Jaipur,25-34,Campus event,Android,260,1
50948,2024-05-19,Bangalore,35-44,Instagram,Android,110,1
50949,2024-05-19,Hyderabad,18-24,Google,Android,260,0
50950,2024-05-19,Ahmedabad,35-44,Other,Android,660,3
50951,2024-05-20,Kochi,18-24,Other,Android,340,0
50952,2024-05-20,Delhi,45-54,Instagram,Android,550,1
50953,2024-05-20,Chennai,25-34,Instagram,Android,280,3
50954,2024-05-20,bangalore,25-34,Friend,iOS,480,2
50955,2024-05-21,Bengaluru,45-54,Friend,Android,250,1
50956,2024-05-21,Bengaluru,45-54,Campus event,Android,180,2
50957,2024-05-21,Pune,45-54,Instagram,Android,270,1
50958,2024-05-21,Chennai,18-24,Friend,Android,320,1
50959,2024-05-21,Hyderabad,35-44,Instagram,Android,110,2
50960,2024-05-21,Delhi,18-24,Friend,Android,260,4
50961,2024-05-21,Hyderabad,18-24,Other,Android,1110,1
50962,2024-05-21,Hyderabad,25-34,Instagram,iOS,220,7
50963,2024-05-22,Chennai,18-24,Instagram,Android,160,4
50964,2024-05-22,Pune,25-34,Google,iOS,160,2
50965,2024-05-22,Hyderabad,55+,Campus event,Android,280,1
50966,2024-05-22,Chennai,18-24,Friend,Android,260,1
50967,2024-05-22,Bengaluru,25-34,Friend,Android,360,1
50968,2024-05-22,Ahmedabad,18-24,Friend,Android,260,3
50969,2024-05-22,Jaipur,18-24,Instagram,Android,90,3
50970,2024-05-23,Bengaluru,45-54,Instagram,Android,280,3
50971,2024-05-23,Hyderabad,45-54,Instagram,iOS,370,5
50972,2024-05-23,Jaipur,25-34,Friend,Android,170,3
50973,2024-05-23,Bangalore,18-24,Google,iOS,370,2
50974,2024-05-23,Chennai,25-34,Friend,Android,280,0
50975,2024-05-23,Bangalore,25-34,Friend,Android,360,3
50976,2024-05-23,Pune,25-34,Other,Android,430,1
50977,2024-05-23,Bangalore,25-34,Instagram,iOS,140,1
50978,2024-05-23,Jaipur,18-24,Friend,Android,220,4
50979,2024-05-23,Kochi,45-54,Instagram,Android,550,0
50980,2024-05-24,Mumbai,25-34,Instagram,Android,440,1
50981,2024-05-24,Bengaluru,35-44,Instagram,Android,270,4
50982,2024-05-25,Pune,25-34,Campus event,Android,280,1
50983,2024-05-25,Delhi,25-34,Instagram,Android,430,1
50984,2024-05-25,Kochi,45-54,Instagram,iOS,200,1
50985,2024-05-25,Chennai,35-44,Instagram,Android,290,3
50986,2024-05-25,Mumbai,18-24,Google,iOS,210,2
50987,2024-05-25,Bangalore,18-24,Campus event,iOS,90,3
50988,2024-05-25,Jaipur,18-24,Instagram,Android,150,2
50989,2024-05-25,Bengaluru,25-34,Other,Android,240,1
50990,2024-05-25,Ahmedabad,18-24,Instagram,Android,290,3
50991,2024-05-25,bangalore,18-24,Friend,Android,180,2
50992,2024-05-25,Hyderabad,45-54,Friend,Android,230,2
50993,2024-05-26,Hyderabad,18-24,Friend,iOS,90,3
50994,2024-05-26,Hyderabad,25-34,Instagram,iOS,390,4
50995,2024-05-26,Delhi,55+,Instagram,iOS,570,0
50996,2024-05-26,Chennai,25-34,Campus event,iOS,280,0
50997,2024-05-26,Banglore,25-34,Friend,Android,300,2
50998,2024-05-27,Pune,45-54,Google,iOS,200,5
50999,2024-05-27,Bengaluru,25-34,Instagram,Android,200,3
51000,2024-05-27,Bengaluru,25-34,Instagram,iOS,130,2
51001,2024-05-27,bangalore,18-24,Friend,Android,300,1
51002,2024-05-27,Chennai,35-44,Google,Android,400,2
51003,2024-05-27,bangalore,18-24,Campus event,Android,320,2
51004,2024-05-27,Mumbai,18-24,Friend,iOS,250,2
51005,2024-05-27,Hyderabad,45-54,Google,Android,530,2
51006,2024-05-27,Hyderabad,25-34,Other,iOS,140,2
51007,2024-05-27,Delhi,18-24,Instagram,Android,450,2
51008,2024-05-27,Hyderabad,25-34,Campus event,Android,280,0
51009,2024-05-27,Mumbai,35-44,Friend,Android,240,2
51010,2024-05-28,Banglore,25-34,Instagram,Android,320,1
51011,2024-05-28,Chennai,18-24,Google,Android,240,2
51012,2024-05-28,Bengaluru,18-24,Campus event,Android,310,1
51013,2024-05-28,Bangalore,25-34,Friend,Android,190,0
51014,2024-05-28,Hyderabad,25-34,Instagram,Android,530,3
51015,2024-05-29,Mumbai,45-54,Instagram,iOS,90,4
51016,2024-05-29,Chennai,25-34,Friend,Android,320,4
51017,2024-05-29,Kochi,18-24,Instagram,Android,270,2
51018,2024-05-29,Jaipur,45-54,Friend,Android,290,1
51019,2024-05-30,Mumbai,18-24,Campus event,iOS,350,1
51020,2024-05-30,Bangalore,45-54,Campus event,Android,450,4
51021,2024-05-30,Bangalore,45-54,Campus event,Android,410,0
51022,2024-05-30,Delhi,18-24,Google,Android,430,1
51023,2024-05-30,Bengaluru,25-34,Campus event,Android,220,4
51024,2024-05-31,Bengaluru,18-24,Friend,Android,530,3
51025,2024-05-31,Chennai,18-24,Friend,Android,330,0
51026,2024-06-01,Bengaluru,18-24,Instagram,iOS,280,2
51027,2024-06-01,Chennai,18-24,Instagram,Android,280,3
51028,2024-06-01,Ahmedabad,25-34,Friend,Android,260,1
51029,2024-06-01,Delhi,45-54,Campus event,Android,500,3
51030,2024-06-01,bangalore,35-44,Campus event,Android,220,2
51031,2024-06-01,Bengaluru,55+,Campus event,Android,340,0
51032,2024-06-01,Mumbai,18-24,Instagram,Android,110,4
51033,2024-06-01,Mumbai,18-24,Campus event,Android,350,0
51034,2024-06-01,Pune,55+,Friend,Android,540,2
51035,2024-06-01,Hyderabad,25-34,Friend,iOS,180,4
51036,2024-06-01,Delhi,18-24,Google,iOS,560,2
51037,2024-06-01,Kochi,18-24,Google,iOS,280,6
51038,2024-06-01,Kochi,25-34,Instagram,Android,280,3
51039,2024-06-02,Mumbai,18-24,Friend,Android,420,3
51040,2024-06-02,Chennai,18-24,Instagram,Android,320,1
51041,2024-06-02,Mumbai,18-24,Instagram,Android,290,3
51042,2024-06-02,Hyderabad,25-34,Instagram,Android,300,1
51043,2024-06-03,Chennai,35-44,Instagram,Android,260,1
51044,2024-06-03,Mumbai,18-24,Other,Android,320,3
51045,2024-06-03,BLR,18-24,Google,Android,270,2
51046,2024-06-03,Delhi,25-34,Google,Android,540,1
51047,2024-06-03,Pune,18-24,Google,iOS,390,3
51048,2024-06-04,Hyderabad,18-24,Instagram,iOS,310,4
51049,2024-06-04,Kochi,35-44,Friend,iOS,270,1
51050,2024-06-04,Bengaluru,18-24,Friend,Android,240,1
51051,2024-06-05,Mumbai,35-44,Instagram,Android,190,1
51052,2024-06-05,Hyderabad,25-34,Instagram,iOS,150,1
51053,2024-06-05,Kochi,55+,Friend,Android,270,0
51054,2024-06-05,Mumbai,25-34,Instagram,Android,190,0
51055,2024-06-05,Mumbai,45-54,Friend,Android,90,2
51056,2024-06-05,Chennai,18-24,Instagram,Android,210,2
51057,2024-06-05,Mumbai,25-34,Instagram,Android,210,2
51058,2024-06-06,Hyderabad,35-44,Instagram,Android,210,3
51059,2024-06-06,Ahmedabad,25-34,Other,Android,270,1
51060,2024-06-06,Mumbai,35-44,Instagram,Android,300,5
51061,2024-06-06,Mumbai,18-24,Instagram,Android,200,1
51062,2024-06-06,Delhi,25-34,Other,Android,200,1
51063,2024-06-06,Pune,25-34,Google,Android,240,0
51064,2024-06-06,Pune,35-44,Friend,Android,230,2
51065,2024-06-06,Hyderabad,25-34,Friend,Android,530,0
51066,2024-06-06,Hyderabad,18-24,Other,Android,230,1
51067,2024-06-06,Pune,35-44,Friend,Android,310,5
51068,2024-06-06,Bengaluru,18-24,Friend,Android,430,2
51069,2024-06-07,Pune,25-34,Instagram,Android,270,3
51070,2024-06-07,Delhi,55+,Friend,Android,180,0
51071,2024-06-07,Hyderabad,18-24,Google,iOS,360,8
51072,2024-06-07,Mumbai,18-24,Friend,Android,130,2
51073,2024-06-08,Bangalore,18-24,Friend,Android,170,1
51074,2024-06-08,Kochi,55+,Friend,iOS,200,3
51075,2024-06-08,Banglore,25-34,Instagram,Android,740,2
51076,2024-06-08,Kochi,35-44,Other,Android,240,2
51077,2024-06-08,Pune,25-34,Friend,Android,350,6
51078,2024-06-09,Chennai,25-34,Other,iOS,260,2
51079,2024-06-09,Delhi,18-24,Campus event,Android,290,0
51080,2024-06-09,Mumbai,35-44,Instagram,Android,490,1
51081,2024-06-09,Hyderabad,55+,Instagram,iOS,320,7
51082,2024-06-09,Mumbai,55+,Friend,Android,210,2
51083,2024-06-09,Delhi,25-34,Friend,Android,450,3
51084,2024-06-09,Pune,45-54,Instagram,Android,280,7
51085,2024-06-10,Jaipur,35-44,Friend,Android,720,3
51086,2024-06-10,Delhi,25-34,Instagram,iOS,340,2
51087,2024-06-10,Hyderabad,25-34,Instagram,Android,220,5
51088,2024-06-10,Jaipur,25-34,Instagram,Android,180,1
51089,2024-06-11,Chennai,35-44,Instagram,iOS,610,2
51090,2024-06-11,Bengaluru,25-34,Instagram,Android,280,1
51091,2024-06-11,Pune,25-34,Instagram,iOS,130,6
51092,2024-06-11,BLR,25-34,Instagram,Android,160,5
51093,2024-06-11,Chennai,18-24,Instagram,iOS,260,3
51094,2024-06-12,bangalore,25-34,Google,Android,170,6
51095,2024-06-12,Chennai,18-24,Google,Android,440,1
51096,2024-06-12,Mumbai,35-44,Other,Android,360,5
51097,2024-06-12,Hyderabad,35-44,Instagram,Android,110,1
51098,2024-06-13,Bangalore,18-24,Friend,Android,890,0
51099,2024-06-13,Mumbai,35-44,Campus event,Android,520,2
51100,2024-06-13,Banglore,25-34,Friend,Android,410,3
51101,2024-06-13,Chennai,35-44,Instagram,Android,220,1
51102,2024-06-13,BLR,25-34,Instagram,Android,200,3
51103,2024-06-13,Hyderabad,18-24,Instagram,Android,800,1
51104,2024-06-13,Ahmedabad,18-24,Instagram,Android,260,1
51105,2024-06-13,Kochi,18-24,Campus event,iOS,300,5
51106,2024-06-14,Bangalore,45-54,Instagram,iOS,190,2
51107,2024-06-14,Chennai,18-24,Google,Android,410,2
51108,2024-06-14,Pune,18-24,Google,Android,470,1
51109,2024-06-15,Pune,25-34,Friend,Android,120,1
51110,2024-06-15,Pune,18-24,Instagram,Android,180,2
51111,2024-06-15,Mumbai,35-44,Friend,iOS,170,6
51112,2024-06-15,Delhi,35-44,Google,Android,330,2
51113,2024-06-15,Kochi,18-24,Instagram,Android,560,2
51114,2024-06-15,Hyderabad,35-44,Instagram,iOS,200,4
51115,2024-06-15,Pune,18-24,Instagram,Android,340,3
51116,2024-06-15,Mumbai,55+,Friend,Android,220,3
51117,2024-06-15,Banglore,25-34,Instagram,Android,230,1
51118,2024-06-15,Bangalore,18-24,Google,Android,190,2
51119,2024-06-15,Chennai,25-34,Instagram,iOS,280,4
51120,2024-06-16,BLR,18-24,Friend,Android,300,2
51121,2024-06-16,Delhi,18-24,Other,Android,360,2
51122,2024-06-16,Bangalore,18-24,Campus event,Android,230,3
51123,2024-06-16,Hyderabad,25-34,Instagram,Android,300,2
51124,2024-06-16,Ahmedabad,18-24,Friend,iOS,160,2
51125,2024-06-16,Ahmedabad,25-34,Friend,Android,430,1
51126,2024-06-16,Chennai,35-44,Instagram,Android,440,2
51127,2024-06-16,Pune,35-44,Other,Android,210,2
51128,2024-06-16,Kochi,25-34,Friend,iOS,200,5
51129,2024-06-17,Banglore,18-24,Campus event,iOS,320,6
51130,2024-06-17,Hyderabad,18-24,Instagram,iOS,290,2
51131,2024-06-17,Chennai,25-34,Google,iOS,210,4
51132,2024-06-17,Chennai,25-34,Other,Android,300,1
51133,2024-06-17,Chennai,25-34,Campus event,iOS,530,2
51134,2024-06-18,Bengaluru,35-44,Friend,Android,250,1
51135,2024-06-18,Mumbai,35-44,Friend,Android,550,0
51136,2024-06-18,Delhi,25-34,Instagram,Android,340,3
51137,2024-06-18,Hyderabad,25-34,Friend,Android,200,3
51138,2024-06-18,Delhi,18-24,Friend,iOS,440,3
51139,2024-06-19,Hyderabad,25-34,Instagram,Android,130,0
51140,2024-06-19,BLR,18-24,Other,Android,110,4
51141,2024-06-19,Ahmedabad,35-44,Other,Android,300,2
51142,2024-06-19,Mumbai,25-34,Other,Android,250,0
51143,2024-06-19,Pune,25-34,Campus event,Android,380,1
51144,2024-06-19,Banglore,18-24,Friend,Android,240,0
51145,2024-06-19,Pune,18-24,Google,Android,250,1
51146,2024-06-20,Hyderabad,25-34,Instagram,iOS,400,2
51147,2024-06-20,Delhi,35-44,Friend,iOS,240,1
51148,2024-06-20,Delhi,35-44,Campus event,iOS,420,1
51149,2024-06-20,Kochi,35-44,Campus event,Android,90,4
51150,2024-06-20,Hyderabad,35-44,Friend,Android,120,2
51151,2024-06-20,Hyderabad,25-34,Google,Android,350,2
51152,2024-06-20,Chennai,35-44,Instagram,Android,410,1
51153,2024-06-20,Hyderabad,25-34,Instagram,Android,240,2
51154,2024-06-20,bangalore,25-34,Friend,Android,230,3
51155,2024-06-21,Bengaluru,35-44,Friend,Android,520,2
51156,2024-06-22,Kochi,25-34,Instagram,Android,630,2
51157,2024-06-22,Delhi,18-24,Other,Android,480,4
51158,2024-06-22,Mumbai,45-54,Google,Android,380,1
51159,2024-06-22,Delhi,18-24,Campus event,Android,310,3
51160,2024-06-22,bangalore,45-54,Instagram,Android,370,1
51161,2024-06-22,Hyderabad,45-54,Instagram,Android,270,1
51162,2024-06-22,Mumbai,45-54,Instagram,Android,190,5
51163,2024-06-22,Jaipur,45-54,Instagram,Android,360,3
51164,2024-06-22,Bengaluru,18-24,Google,Android,130,1
51165,2024-06-22,Mumbai,45-54,Instagram,iOS,670,2
51166,2024-06-22,Pune,25-34,Google,Android,270,1
51167,2024-06-22,BLR,18-24,Google,Android,210,0
51168,2024-06-23,Hyderabad,25-34,Friend,Android,240,0
51169,2024-06-23,Chennai,25-34,Instagram,iOS,290,6
51170,2024-06-24,Hyderabad,35-44,Google,Android,130,2
51171,2024-06-24,Bengaluru,55+,Friend,Android,200,1
51172,2024-06-24,Bengaluru,25-34,Instagram,Android,140,3
51173,2024-06-24,Bengaluru,55+,Friend,Android,250,3
51174,2024-06-24,Bangalore,25-34,Instagram,Android,130,4
51175,2024-06-24,Chennai,35-44,Instagram,Android,90,1
51176,2024-06-25,Bengaluru,45-54,Friend,iOS,250,3
51177,2024-06-25,Chennai,18-24,Google,iOS,870,4
51178,2024-06-25,Delhi,25-34,Friend,iOS,190,4
51179,2024-06-26,Bangalore,18-24,Campus event,iOS,220,1
51180,2024-06-26,Hyderabad,45-54,Other,Android,450,1
51181,2024-06-26,Hyderabad,25-34,Friend,Android,330,4
51182,2024-06-26,Kochi,18-24,Instagram,Android,340,2
51183,2024-06-26,Hyderabad,55+,Friend,Android,250,2
51184,2024-06-26,Hyderabad,25-34,Friend,Android,340,0
51185,2024-06-26,Hyderabad,25-34,Campus event,Android,530,3
51186,2024-06-26,Mumbai,25-34,Instagram,Android,320,0
51187,2024-06-27,Kochi,18-24,Instagram,Android,340,3
51188,2024-06-27,Ahmedabad,25-34,Instagram,Android,270,2
51189,2024-06-27,BLR,25-34,Google,Android,230,2
51190,2024-06-27,Bangalore,18-24,Google,Android,190,5
51191,2024-06-27,Pune,25-34,Instagram,Android,190,0
51192,2024-06-28,Ahmedabad,25-34,Friend,Android,270,2
51193,2024-06-28,bangalore,35-44,Friend,iOS,100,1
51194,2024-06-28,Mumbai,25-34,Friend,iOS,310,4
51195,2024-06-28,Pune,18-24,Friend,Android,230,2
51196,2024-06-28,Hyderabad,55+,Campus event,Android,190,3
51197,2024-06-28,Chennai,18-24,Friend,Android,240,4
51198,2024-06-28,Ahmedabad,25-34,Instagram,Android,680,2
51199,2024-06-28,Bangalore,35-44,Friend,iOS,340,1
51200,2024-06-28,Mumbai,18-24,Instagram,iOS,390,4
51201,2024-06-28,Chennai,25-34,Instagram,Android,360,3
51202,2024-06-29,Hyderabad,18-24,Friend,Android,280,4
51203,2024-06-29,Pune,18-24,Friend,Android,340,5
51204,2024-06-29,Hyderabad,18-24,Friend,iOS,180,2
51205,2024-06-29,Bangalore,25-34,Instagram,Android,490,0
51206,2024-06-29,Bengaluru,35-44,Friend,Android,230,1
51207,2024-06-29,Ahmedabad,25-34,Friend,Android,170,1
51208,2024-06-29,Kochi,25-34,Google,Android,480,2
51209,2024-06-30,Bangalore,18-24,Instagram,iOS,290,4
51210,2024-06-30,Pune,35-44,Instagram,iOS,170,5
51211,2024-06-30,Delhi,18-24,Other,Android,560,1
51212,2024-06-30,Chennai,18-24,Google,Android,180,3
51213,2024-06-30,Banglore,45-54,Google,Android,380,3
51214,2024-06-30,Mumbai,18-24,Instagram,iOS,220,0
51215,2024-07-01,Bengaluru,55+,Campus event,Android,170,2
51216,2024-07-01,Delhi,18-24,Instagram,Android,380,1
51217,2024-07-01,Mumbai,35-44,Friend,Android,270,2
51218,2024-07-02,Hyderabad,25-34,Google,Android,380,1
51219,2024-07-02,Mumbai,25-34,Campus event,Android,290,3
51220,2024-07-02,Mumbai,18-24,Google,Android,190,2
51221,2024-07-02,Mumbai,35-44,Campus event,Android,430,2
51222,2024-07-02,Pune,25-34,Google,Android,540,4
51223,2024-07-02,Mumbai,18-24,Instagram,iOS,270,4
51224,2024-07-02,Jaipur,25-34,Instagram,Android,270,2
51225,2024-07-03,Delhi,25-34,Instagram,Android,350,1
51226,2024-07-03,Jaipur,35-44,Campus event,iOS,620,2
51227,2024-07-03,Mumbai,25-34,Google,Android,330,2
51228,2024-07-03,Chennai,45-54,Google,iOS,210,2
51229,2024-07-03,bangalore,25-34,Friend,Android,160,1
51230,2024-07-03,BLR,25-34,Google,Android,300,4
51231,2024-07-03,Hyderabad,25-34,Instagram,Android,330,4
51232,2024-07-04,BLR,18-24,Campus event,Android,130,3
51233,2024-07-04,Bengaluru,25-34,Other,Android,280,0
51234,2024-07-04,Bengaluru,35-44,Other,iOS,370,6
51235,2024-07-04,Mumbai,18-24,Other,Android,250,0
51236,2024-07-04,Kochi,18-24,Google,Android,150,2
51237,2024-07-04,Chennai,18-24,Instagram,Android,210,1
51238,2024-07-04,Mumbai,25-34,Google,Android,320,4
51239,2024-07-05,Bengaluru,18-24,Friend,Android,350,2
51240,2024-07-05,Bangalore,35-44,Instagram,Android,460,1
51241,2024-07-05,Bengaluru,18-24,Campus event,Android,290,2
51242,2024-07-05,Jaipur,45-54,Friend,Android,120,2
51243,2024-07-06,BLR,25-34,Instagram,iOS,270,3
51244,2024-07-06,Bengaluru,25-34,Google,iOS,340,0
51245,2024-07-06,Bangalore,25-34,Friend,Android,90,2
51246,2024-07-06,Hyderabad,45-54,Instagram,iOS,260,2
51247,2024-07-06,Jaipur,45-54,Google,iOS,220,4
51248,2024-07-06,Pune,35-44,Other,Android,320,3
51249,2024-07-06,Kochi,18-24,Instagram,Android,90,2
51250,2024-07-06,Chennai,25-34,Campus event,Android,260,2
51251,2024-07-06,Mumbai,35-44,Campus event,iOS,160,4
51252,2024-07-07,bangalore,25-34,Instagram,iOS,270,3
51253,2024-07-07,Hyderabad,18-24,Friend,Android,430,3
51254,2024-07-07,Chennai,35-44,Google,Android,390,1
51255,2024-07-07,BLR,35-44,Instagram,Android,190,3
51256,2024-07-07,Bangalore,18-24,Google,Android,270,7
51257,2024-07-07,Ahmedabad,18-24,Friend,Android,200,2
51258,2024-07-07,Bangalore,45-54,Instagram,Android,350,2
51259,2024-07-07,Mumbai,25-34,Instagram,Android,360,0
51260,2024-07-08,Bengaluru,55+,Friend,Android,300,6
51261,2024-07-08,Bengaluru,25-34,Friend,Android,350,4
51262,2024-07-08,Chennai,18-24,Instagram,Android,390,1
51263,2024-07-08,Banglore,45-54,Instagram,iOS,430,4
51264,2024-07-09,Bengaluru,25-34,Friend,Android,180,3
51265,2024-07-09,Pune,25-34,Friend,Android,540,2
51266,2024-07-09,Delhi,45-54,Instagram,Android,480,0
51267,2024-07-10,Pune,18-24,Instagram,Android,260,0
51268,2024-07-10,Mumbai,35-44,Friend,Android,300,3
51269,2024-07-10,Ahmedabad,25-34,Google,Android,140,0
51270,2024-07-10,Banglore,45-54,Google,Android,310,2
51271,2024-07-10,Hyderabad,18-24,Other,iOS,170,3
51272,2024-07-11,Bangalore,18-24,Instagram,iOS,240,10
51273,2024-07-11,Pune,18-24,Campus event,Android,320,4
51274,2024-07-11,Bengaluru,35-44,Instagram,Android,310,1
51275,2024-07-11,Bangalore,25-34,Google,Android,370,2
51276,2024-07-11,Chennai,55+,Instagram,Android,90,3
51277,2024-07-11,Chennai,18-24,Campus event,Android,380,1
51278,2024-07-11,Jaipur,18-24,Friend,Android,260,4
51279,2024-07-11,Hyderabad,18-24,Instagram,iOS,630,4
51280,2024-07-12,Mumbai,18-24,Campus event,Android,230,2
51281,2024-07-12,Hyderabad,35-44,Friend,Android,710,1
51282,2024-07-12,Mumbai,18-24,Instagram,iOS,270,2
51283,2024-07-12,Hyderabad,18-24,Friend,Android,260,4
51284,2024-07-12,Mumbai,45-54,Campus event,Android,190,4
51285,2024-07-12,Pune,18-24,Friend,iOS,330,3
51286,2024-07-13,Mumbai,18-24,Other,Android,170,2
51287,2024-07-13,Banglore,18-24,Friend,Android,230,3
51288,2024-07-13,Bengaluru,25-34,Instagram,Android,240,2
51289,2024-07-13,Mumbai,45-54,Campus event,Android,200,3
51290,2024-07-13,bangalore,25-34,Instagram,Android,270,2
51291,2024-07-13,Mumbai,45-54,Instagram,Android,430,2
51292,2024-07-13,Jaipur,25-34,Instagram,Android,260,2
51293,2024-07-13,BLR,45-54,Google,Android,210,2
51294,2024-07-13,bangalore,35-44,Instagram,Android,170,1
51295,2024-07-14,Mumbai,25-34,Google,Android,200,1
51296,2024-07-14,Pune,18-24,Instagram,Android,170,1
51297,2024-07-14,BLR,35-44,Google,Android,320,2
51298,2024-07-14,Pune,35-44,Google,Android,360,3
51299,2024-07-14,BLR,18-24,Instagram,iOS,220,3
51300,2024-07-14,Delhi,25-34,Friend,iOS,330,3
51301,2024-07-14,Chennai,18-24,Campus event,Android,280,1
51302,2024-07-15,Pune,18-24,Google,Android,620,0
51303,2024-07-15,Hyderabad,25-34,Instagram,iOS,300,6
51304,2024-07-15,Hyderabad,18-24,Google,Android,270,1
51305,2024-07-15,Kochi,35-44,Campus event,Android,300,3
51306,2024-07-15,Pune,35-44,Friend,Android,480,1
51307,2024-07-15,Pune,25-34,Campus event,Android,360,0
51308,2024-07-15,Pune,25-34,Instagram,Android,310,2
51309,2024-07-15,Hyderabad,18-24,Campus event,Android,420,1
51310,2024-07-15,Hyderabad,55+,Campus event,Android,170,4
51311,2024-07-16,Hyderabad,55+,Friend,iOS,160,3
51312,2024-07-16,Bangalore,18-24,Google,Android,250,4
51313,2024-07-16,Kochi,25-34,Friend,Android,550,1
51314,2024-07-16,Bengaluru,55+,Campus event,Android,260,3
51315,2024-07-16,Mumbai,18-24,Friend,Android,430,2
51316,2024-07-16,Bangalore,25-34,Google,iOS,420,5
51317,2024-07-17,Ahmedabad,25-34,Campus event,iOS,410,3
51318,2024-07-17,Mumbai,25-34,Friend,Android,470,2
51319,2024-07-17,Pune,18-24,Friend,Android,370,3
51320,2024-07-17,Pune,25-34,Google,Android,250,4
51321,2024-07-17,Delhi,25-34,Instagram,Android,300,1
51322,2024-07-17,Hyderabad,25-34,Google,Android,410,0
51323,2024-07-17,Mumbai,35-44,Friend,iOS,420,5
51324,2024-07-17,Bangalore,25-34,Campus event,Android,210,1
51325,2024-07-18,Bangalore,25-34,Google,Android,230,3
51326,2024-07-18,Hyderabad,25-34,Campus event,iOS,220,1
51327,2024-07-18,Ahmedabad,45-54,Instagram,Android,230,2
51328,2024-07-18,Pune,35-44,Friend,Android,280,1
51329,2024-07-18,Chennai,25-34,Friend,Android,230,3
51330,2024-07-18,Pune,25-34,Instagram,iOS,190,4
51331,2024-07-19,Kochi,25-34,Instagram,Android,310,0
51332,2024-07-19,Mumbai,25-34,Friend,Android,240,3
51333,2024-07-19,Kochi,25-34,Friend,iOS,190,1
51334,2024-07-19,Pune,18-24,Other,Android,270,4
51335,2024-07-19,Bangalore,25-34,Instagram,Android,150,3
51336,2024-07-19,Pune,25-34,Campus event,Android,580,0
51337,2024-07-20,Delhi,45-54,Instagram,Android,150,4
51338,2024-07-20,Hyderabad,18-24,Instagram,Android,340,4
51339,2024-07-21,Kochi,25-34,Instagram,iOS,150,0
51340,2024-07-21,Bangalore,18-24,Friend,iOS,160,2
51341,2024-07-21,Chennai,18-24,Google,Android,390,4
51342,2024-07-21,Chennai,55+,Instagram,iOS,310,4
51343,2024-07-21,Chennai,25-34,Instagram,Android,170,0
51344,2024-07-21,bangalore,25-34,Google,Android,270,1
51345,2024-07-21,Mumbai,35-44,Google,Android,330,3
51346,2024-07-21,Ahmedabad,45-54,Friend,Android,220,6
51347,2024-07-21,Chennai,18-24,Google,iOS,370,5
51348,2024-07-21,Hyderabad,18-24,Google,iOS,170,4
51349,2024-07-21,Delhi,18-24,Google,Android,170,0
51350,2024-07-21,Hyderabad,25-34,Campus event,Android,420,2
51351,2024-07-22,Delhi,25-34,Google,Android,170,3
51352,2024-07-22,Hyderabad,18-24,Instagram,Android,380,1
51353,2024-07-23,Chennai,18-24,Campus event,Android,150,1
51354,2024-07-23,Pune,25-34,Friend,Android,230,2
51355,2024-07-23,Hyderabad,18-24,Campus event,Android,180,1
51356,2024-07-23,Jaipur,35-44,Other,iOS,380,3
51357,2024-07-23,Pune,25-34,Instagram,Android,190,2
51358,2024-07-24,Chennai,35-44,Google,Android,640,3
51359,2024-07-24,Mumbai,18-24,Friend,Android,230,4
51360,2024-07-24,Banglore,35-44,Campus event,Android,550,5
51361,2024-07-24,Chennai,18-24,Instagram,Android,350,3
51362,2024-07-24,Hyderabad,25-34,Instagram,Android,150,0
51363,2024-07-24,Mumbai,35-44,Google,Android,320,9
51364,2024-07-24,Jaipur,25-34,Instagram,Android,500,2
51365,2024-07-24,Mumbai,45-54,Google,Android,220,2
51366,2024-07-24,Chennai,55+,Instagram,Android,230,5
51367,2024-07-24,Hyderabad,18-24,Campus event,Android,430,1
51368,2024-07-24,Bangalore,18-24,Google,iOS,190,1
51369,2024-07-24,Mumbai,55+,Instagram,iOS,260,4
51370,2024-07-25,Jaipur,25-34,Instagram,Android,190,2
51371,2024-07-25,Kochi,35-44,Friend,iOS,180,3
51372,2024-07-25,Kochi,45-54,Friend,iOS,200,2
51373,2024-07-25,Pune,25-34,Instagram,Android,340,2
51374,2024-07-26,Chennai,35-44,Instagram,Android,190,3
51375,2024-07-26,Bangalore,25-34,Google,iOS,920,9
51376,2024-07-26,Ahmedabad,25-34,Instagram,iOS,260,3
51377,2024-07-26,Delhi,18-24,Google,Android,250,1
51378,2024-07-26,Hyderabad,18-24,Google,Android,250,2
51379,2024-07-26,Pune,25-34,Instagram,iOS,560,1
51380,2024-07-27,BLR,45-54,Instagram,Android,340,1
51381,2024-07-27,Chennai,25-34,Friend,Android,360,1
51382,2024-07-27,Pune,18-24,Instagram,Android,280,2
51383,2024-07-27,Delhi,18-24,Instagram,iOS,300,6
51384,2024-07-27,Jaipur,35-44,Friend,Android,290,2
51385,2024-07-27,Mumbai,18-24,Instagram,iOS,230,1
51386,2024-07-28,Kochi,18-24,Instagram,iOS,700,2
51387,2024-07-28,Bengaluru,18-24,Other,iOS,430,2
51388,2024-07-28,Kochi,55+,Friend,Android,240,1
51389,2024-07-28,Chennai,18-24,Campus event,Android,530,4
51390,2024-07-28,Ahmedabad,25-34,Friend,iOS,180,3
51391,2024-07-28,Kochi,25-34,Google,Android,420,1
51392,2024-07-28,Bangalore,18-24,Instagram,Android,300,5
51393,2024-07-28,Delhi,25-34,Friend,iOS,190,5
51394,2024-07-28,Chennai,25-34,Friend,Android,270,1
51395,2024-07-28,Kochi,35-44,Friend,Android,390,3
51396,2024-07-28,Pune,18-24,Other,Android,750,4
51397,2024-07-28,Delhi,18-24,Instagram,Android,350,3
51398,2024-07-29,Delhi,35-44,Instagram,iOS,440,2
51399,2024-07-29,Jaipur,35-44,Google,iOS,370,4
51400,2024-07-29,Bengaluru,35-44,Instagram,iOS,280,3
51401,2024-07-29,Mumbai,25-34,Google,Android,300,2
51402,2024-07-29,Delhi,18-24,Instagram,iOS,350,2
51403,2024-07-29,Pune,18-24,Friend,Android,320,1
51404,2024-07-29,bangalore,18-24,Campus event,Android,460,1
51405,2024-07-30,Jaipur,35-44,Campus event,Android,200,3
51406,2024-07-30,Hyderabad,25-34,Friend,Android,580,2
51407,2024-07-30,Hyderabad,45-54,Instagram,Android,90,3
51408,2024-07-30,Banglore,45-54,Instagram,Android,250,2
51409,2024-07-30,Mumbai,18-24,Friend,iOS,260,4
51410,2024-07-30,Hyderabad,35-44,Google,iOS,250,0
51411,2024-07-30,Bangalore,35-44,Instagram,iOS,170,2
51412,2024-07-31,Delhi,35-44,Campus event,iOS,250,2
51413,2024-07-31,Hyderabad,25-34,Friend,Android,170,3
51414,2024-07-31,Chennai,18-24,Other,iOS,340,2
51415,2024-07-31,Bangalore,18-24,Campus event,Android,210,5
51416,2024-07-31,Hyderabad,25-34,Campus event,iOS,180,1
51417,2024-07-31,Banglore,18-24,Other,Android,180,2
51418,2024-07-31,Chennai,25-34,Instagram,Android,230,1
51419,2024-08-01,Hyderabad,18-24,Friend,Android,590,0
51420,2024-08-01,Bengaluru,18-24,Instagram,Android,300,3
51421,2024-08-01,Mumbai,18-24,Friend,Android,320,2
51422,2024-08-01,Hyderabad,18-24,Other,Android,430,3
51423,2024-08-01,Jaipur,18-24,Campus event,iOS,420,4
51424,2024-08-01,Kochi,25-34,Campus event,Android,200,1
51425,2024-08-02,Pune,25-34,Campus event,Android,170,1
51426,2024-08-02,Bangalore,25-34,Friend,Android,300,3
51427,2024-08-02,Chennai,25-34,Instagram,Android,280,0
51428,2024-08-02,Bengaluru,18-24,Friend,Android,800,1
51429,2024-08-02,Kochi,25-34,Google,Android,230,4
51430,2024-08-02,Delhi,18-24,Campus event,Android,240,1
51431,2024-08-02,Jaipur,55+,Friend,iOS,130,1
51432,2024-08-02,Bengaluru,18-24,Instagram,Android,270,2
51433,2024-08-03,Hyderabad,55+,Google,iOS,390,6
51434,2024-08-03,Delhi,35-44,Instagram,iOS,230,3
51435,2024-08-03,Hyderabad,25-34,Friend,Android,530,1
51436,2024-08-04,Mumbai,35-44,Google,iOS,250,4
51437,2024-08-04,Hyderabad,45-54,Instagram,Android,320,3
51438,2024-08-04,Delhi,45-54,Instagram,Android,400,1
51439,2024-08-04,Mumbai,55+,Google,Android,210,3
51440,2024-08-04,Mumbai,35-44,Instagram,Android,320,0
51441,2024-08-04,Hyderabad,25-34,Instagram,Android,400,4
51442,2024-08-04,Bengaluru,25-34,Campus event,Android,170,0
51443,2024-08-05,Bengaluru,18-24,Instagram,Android,270,4
51444,2024-08-05,Ahmedabad,25-34,Campus event,iOS,380,2
51445,2024-08-05,Delhi,25-34,Friend,Android,290,5
51446,2024-08-05,Mumbai,35-44,Friend,Android,240,1
51447,2024-08-05,Chennai,25-34,Instagram,Android,250,0
51448,2024-08-05,Banglore,18-24,Friend,Android,560,1
51449,2024-08-05,Pune,45-54,Instagram,Android,110,5
51450,2024-08-06,Pune,35-44,Other,Android,400,1
51451,2024-08-06,Bengaluru,55+,Google,Android,160,1
51452,2024-08-06,Hyderabad,25-34,Friend,iOS,320,3
51453,2024-08-06,Bengaluru,25-34,Instagram,Android,260,4
51454,2024-08-06,Pune,35-44,Friend,iOS,300,1
51455,2024-08-06,Bangalore,35-44,Other,Android,170,3
51456,2024-08-06,Bangalore,18-24,Instagram,Android,560,1
51457,2024-08-07,Pune,45-54,Other,Android,230,2
51458,2024-08-07,Mumbai,18-24,Google,Android,460,3
51459,2024-08-07,BLR,45-54,Friend,Android,250,0
51460,2024-08-07,Chennai,18-24,Instagram,iOS,250,6
51461,2024-08-07,Hyderabad,18-24,Instagram,Android,260,2
51462,2024-08-07,Pune,35-44,Instagram,iOS,230,3
51463,2024-08-08,Jaipur,45-54,Other,Android,290,3
51464,2024-08-08,Mumbai,35-44,Instagram,Android,430,1
51465,2024-08-08,Bengaluru,25-34,Instagram,iOS,130,3
51466,2024-08-08,Pune,55+,Friend,Android,430,3
51467,2024-08-08,bangalore,35-44,Friend,Android,430,1
51468,2024-08-08,Mumbai,25-34,Campus event,iOS,300,3
51469,2024-08-08,Hyderabad,18-24,Instagram,Android,250,1
51470,2024-08-08,Pune,25-34,Friend,Android,190,1
51471,2024-08-09,Bengaluru,55+,Instagram,iOS,330,2
51472,2024-08-09,Hyderabad,18-24,Google,Android,240,1
51473,2024-08-09,Mumbai,18-24,Other,Android,680,1
51474,2024-08-09,Hyderabad,35-44,Other,Android,240,5
51475,2024-08-09,Jaipur,25-34,Google,Android,430,2
51476,2024-08-10,Mumbai,18-24,Instagram,Android,160,6
51477,2024-08-10,Bengaluru,25-34,Google,Android,180,4
51478,2024-08-10,Hyderabad,18-24,Instagram,iOS,760,7
51479,2024-08-10,Delhi,25-34,Friend,Android,160,5
51480,2024-08-10,Jaipur,45-54,Instagram,iOS,550,4
51481,2024-08-10,Chennai,35-44,Instagram,Android,230,2
51482,2024-08-11,Delhi,18-24,Instagram,iOS,260,7
51483,2024-08-11,Pune,25-34,Google,Android,240,1
51484,2024-08-11,Ahmedabad,35-44,Instagram,Android,770,4
51485,2024-08-11,Mumbai,35-44,Google,Android,350,2
51486,2024-08-12,Jaipur,18-24,Instagram,Android,150,4
51487,2024-08-12,Hyderabad,25-34,Friend,iOS,240,1
51488,2024-08-12,Delhi,25-34,Friend,Android,400,4
51489,2024-08-12,Kochi,25-34,Instagram,Android,330,1
51490,2024-08-12,Chennai,18-24,Instagram,Android,210,3
51491,2024-08-12,Pune,18-24,Google,Android,280,3
51492,2024-08-12,Bengaluru,25-34,Campus event,Android,190,1
51493,2024-08-12,Hyderabad,25-34,Instagram,iOS,500,3
51494,2024-08-12,Kochi,35-44,Instagram,Android,230,5
51495,2024-08-13,Hyderabad,35-44,Friend,Android,420,2
51496,2024-08-13,Hyderabad,25-34,Google,Android,250,3
51497,2024-08-14,Delhi,18-24,Campus event,iOS,190,3
51498,2024-08-14,Delhi,25-34,Campus event,Android,1050,0
51499,2024-08-14,Bangalore,18-24,Instagram,Android,440,3
51500,2024-08-14,Bangalore,18-24,Friend,Android,140,4
51501,2024-08-14,Jaipur,18-24,Instagram,Android,310,4
51502,2024-08-14,Pune,18-24,Instagram,Android,290,2
51503,2024-08-14,Hyderabad,55+,Google,iOS,260,4
51504,2024-08-14,Delhi,18-24,Instagram,Android,320,3
51505,2024-08-14,Chennai,18-24,Instagram,Android,280,4
51506,2024-08-15,bangalore,25-34,Other,iOS,150,3
51507,2024-08-15,Kochi,18-24,Friend,Android,100,1
51508,2024-08-15,bangalore,18-24,Instagram,Android,270,3
51509,2024-08-15,Bangalore,35-44,Friend,iOS,240,1
51510,2024-08-15,Chennai,25-34,Instagram,Android,130,5
51511,2024-08-15,Pune,25-34,Friend,Android,180,1
51512,2024-08-16,Jaipur,35-44,Google,iOS,430,4
51513,2024-08-16,Kochi,25-34,Google,iOS,150,2
51514,2024-08-16,Pune,25-34,Campus event,Android,130,3
51515,2024-08-16,Ahmedabad,18-24,Friend,Android,190,1
51516,2024-08-16,Bengaluru,25-34,Google,Android,200,0
51517,2024-08-16,Delhi,25-34,Instagram,Android,160,2
51518,2024-08-16,Jaipur,25-34,Instagram,iOS,310,2
51519,2024-08-16,Mumbai,35-44,Campus event,Android,270,1
51520,2024-08-17,Chennai,18-24,Friend,Android,320,5
51521,2024-08-17,Hyderabad,25-34,Instagram,Android,270,3
51522,2024-08-17,Hyderabad,25-34,Instagram,Android,340,4
51523,2024-08-17,Chennai,25-34,Instagram,iOS,200,2
51524,2024-08-17,Mumbai,18-24,Friend,Android,280,1
51525,2024-08-18,Pune,18-24,Campus event,Android,270,4
51526,2024-08-18,Bengaluru,18-24,Instagram,Android,580,4
51527,2024-08-18,Mumbai,35-44,Google,Android,300,4
51528,2024-08-18,Ahmedabad,35-44,Other,Android,220,2
51529,2024-08-19,Mumbai,25-34,Instagram,iOS,90,1
51530,2024-08-19,Jaipur,25-34,Other,Android,220,2
51531,2024-08-19,BLR,35-44,Google,iOS,490,2
51532,2024-08-19,Hyderabad,18-24,Friend,iOS,220,1
51533,2024-08-19,Mumbai,55+,Campus event,Android,230,3
51534,2024-08-19,Pune,25-34,Instagram,Android,400,4
51535,2024-08-19,BLR,35-44,Google,iOS,400,3
51536,2024-08-19,Mumbai,18-24,Friend,Android,220,1
51537,2024-08-20,Pune,25-34,Friend,iOS,140,3
51538,2024-08-20,Bengaluru,45-54,Instagram,iOS,120,3
51539,2024-08-20,Delhi,45-54,Campus event,Android,300,3
51540,2024-08-20,Hyderabad,25-34,Friend,iOS,170,4
51541,2024-08-20,Bangalore,45-54,Instagram,Android,190,2
51542,2024-08-20,Hyderabad,18-24,Friend,Android,190,2
51543,2024-08-20,Delhi,25-34,Friend,Android,490,0
51544,2024-08-20,Bangalore,18-24,Google,iOS,330,3
51545,2024-08-21,Jaipur,35-44,Instagram,Android,280,0
51546,2024-08-21,Jaipur,25-34,Other,Android,510,3
51547,2024-08-21,Bengaluru,45-54,Campus event,Android,100,2
51548,2024-08-21,Delhi,18-24,Other,Android,260,4
51549,2024-08-21,BLR,35-44,Instagram,Android,190,2
51550,2024-08-22,Bengaluru,25-34,Campus event,Android,280,2
51551,2024-08-22,Pune,25-34,Friend,Android,240,1
51552,2024-08-22,Bangalore,18-24,Campus event,Android,300,0
51553,2024-08-22,Bengaluru,18-24,Friend,Android,190,1
51554,2024-08-22,Hyderabad,18-24,Friend,iOS,320,4
51555,2024-08-23,Kochi,25-34,Google,Android,120,2
51556,2024-08-23,Ahmedabad,35-44,Friend,Android,450,3
51557,2024-08-23,Mumbai,35-44,Instagram,Android,720,1
51558,2024-08-23,Mumbai,25-34,Campus event,iOS,240,3
51559,2024-08-23,Bangalore,55+,Google,Android,150,3
51560,2024-08-23,Mumbai,18-24,Instagram,iOS,400,3
51561,2024-08-23,Mumbai,25-34,Other,iOS,300,3
51562,2024-08-24,Hyderabad,45-54,Instagram,Android,550,5
51563,2024-08-24,Delhi,25-34,Google,iOS,200,6
51564,2024-08-24,Pune,18-24,Instagram,iOS,290,3
51565,2024-08-24,Chennai,55+,Instagram,iOS,510,2
51566,2024-08-25,Pune,25-34,Instagram,Android,600,0
51567,2024-08-25,Ahmedabad,35-44,Instagram,iOS,420,8
51568,2024-08-25,Jaipur,18-24,Campus event,iOS,310,1
51569,2024-08-26,Hyderabad,35-44,Google,iOS,290,1
51570,2024-08-26,Ahmedabad,25-34,Friend,Android,150,4
51571,2024-08-26,Pune,18-24,Friend,Android,180,2
51572,2024-08-26,Bangalore,25-34,Instagram,iOS,340,2
51573,2024-08-26,Ahmedabad,55+,Instagram,Android,220,1
51574,2024-08-27,Hyderabad,18-24,Instagram,Android,380,3
51575,2024-08-27,Banglore,18-24,Friend,iOS,260,3
51576,2024-08-27,Delhi,18-24,Instagram,Android,260,4
51577,2024-08-27,Delhi,18-24,Instagram,Android,200,1
51578,2024-08-27,Chennai,25-34,Other,Android,620,3
51579,2024-08-27,Pune,18-24,Friend,Android,580,0
51580,2024-08-27,Mumbai,18-24,Other,Android,110,5
51581,2024-08-28,Chennai,25-34,Friend,Android,310,3
51582,2024-08-28,Pune,35-44,Friend,Android,130,1
51583,2024-08-28,Pune,18-24,Campus event,Android,270,1
51584,2024-08-28,Hyderabad,35-44,Friend,Android,240,0
51585,2024-08-28,Pune,18-24,Instagram,Android,160,2
51586,2024-08-28,Bangalore,35-44,Instagram,Android,170,0
51587,2024-08-29,Bangalore,25-34,Friend,iOS,300,4
51588,2024-08-29,Mumbai,18-24,Instagram,Android,500,5
51589,2024-08-29,Hyderabad,25-34,Instagram,Android,290,3
51590,2024-08-29,Pune,25-34,Instagram,Android,440,4
51591,2024-08-29,Delhi,18-24,Friend,Android,380,3
51592,2024-08-29,Chennai,25-34,Other,Android,190,2
51593,2024-08-29,Pune,35-44,Instagram,Android,240,1
51594,2024-08-29,Hyderabad,55+,Google,Android,170,0
51595,2024-08-29,Pune,25-34,Campus event,Android,250,1
51596,2024-08-30,Mumbai,18-24,Google,iOS,270,2
51597,2024-08-30,Hyderabad,25-34,Google,Android,590,5
51598,2024-08-30,Kochi,25-34,Instagram,Android,340,1
51599,2024-08-30,Bengaluru,45-54,Instagram,Android,250,3
51600,2024-08-31,Banglore,55+,Friend,Android,660,1
51601,2024-08-31,Pune,18-24,Friend,Android,180,0
51602,2024-08-31,Bengaluru,25-34,Instagram,Android,460,1
51603,2024-08-31,Chennai,25-34,Friend,iOS,390,1
51604,2024-08-31,Hyderabad,35-44,Campus event,Android,320,5
51605,2024-08-31,Pune,18-24,Instagram,iOS,340,1
51606,2024-08-31,Mumbai,18-24,Friend,Android,210,2
51607,2024-09-01,Pune,25-34,Campus event,Android,240,3
51608,2024-09-01,Mumbai,18-24,Google,Android,340,4
51609,2024-09-01,Chennai,18-24,Instagram,iOS,400,3
51610,2024-09-01,Hyderabad,18-24,Instagram,Android,370,4
51611,2024-09-01,Mumbai,55+,Google,Android,240,1
51612,2024-09-01,Mumbai,35-44,Instagram,Android,360,2
51613,2024-09-01,Delhi,25-34,Campus event,Android,470,2
51614,2024-09-02,Pune,35-44,Instagram,Android,130,2
51615,2024-09-02,Delhi,25-34,Other,Android,320,2
51616,2024-09-02,Banglore,18-24,Campus event,iOS,200,3
51617,2024-09-02,Delhi,25-34,Friend,Android,180,2
51618,2024-09-02,Hyderabad,25-34,Friend,iOS,660,2
51619,2024-09-03,Delhi,18-24,Google,Android,530,2
51620,2024-09-03,Pune,55+,Instagram,Android,180,4
51621,2024-09-03,Hyderabad,55+,Other,iOS,530,2
51622,2024-09-03,Banglore,25-34,Campus event,Android,190,3
51623,2024-09-03,Bengaluru,18-24,Instagram,Android,230,4
51624,2024-09-03,Delhi,18-24,Instagram,Android,430,0
51625,2024-09-03,Mumbai,25-34,Friend,Android,370,1
51626,2024-09-03,Hyderabad,25-34,Friend,iOS,290,1
51627,2024-09-03,Bengaluru,45-54,Friend,Android,540,0
51628,2024-09-04,Ahmedabad,18-24,Friend,iOS,130,6
51629,2024-09-04,Mumbai,18-24,Friend,Android,230,1
51630,2024-09-04,bangalore,18-24,Google,Android,270,3
51631,2024-09-04,Mumbai,25-34,Instagram,Android,180,2
51632,2024-09-04,bangalore,35-44,Instagram,Android,130,4
51633,2024-09-04,Pune,25-34,Instagram,Android,250,2
51634,2024-09-04,Pune,35-44,Other,Android,190,0
51635,2024-09-04,Bangalore,25-34,Campus event,Android,510,3
51636,2024-09-04,Ahmedabad,25-34,Instagram,Android,280,2
51637,2024-09-05,Hyderabad,25-34,Campus event,Android,360,1
51638,2024-09-05,Chennai,18-24,Friend,Android,210,4
51639,2024-09-05,Delhi,25-34,Friend,Android,510,3
51640,2024-09-05,Pune,25-34,Instagram,iOS,260,5
51641,2024-09-05,Pune,45-54,Instagram,Android,390,2
51642,2024-09-05,Hyderabad,35-44,Google,Android,300,3
51643,2024-09-05,Delhi,18-24,Instagram,Android,410,2
51644,2024-09-05,Pune,35-44,Instagram,iOS,250,1
51645,2024-09-05,Delhi,18-24,Friend,Android,160,3
51646,2024-09-05,Bangalore,18-24,Friend,iOS,350,1
51647,2024-09-06,Bengaluru,25-34,Instagram,iOS,830,1
51648,2024-09-06,Pune,25-34,Google,Android,400,3
51649,2024-09-06,Pune,18-24,Instagram,Android,110,2
51650,2024-09-06,Chennai,25-34,Friend,iOS,250,2
51651,2024-09-06,Chennai,25-34,Campus event,Android,280,5
51652,2024-09-06,Bangalore,18-24,Friend,Android,320,3
51653,2024-09-06,Hyderabad,25-34,Campus event,Android,170,0
51654,2024-09-07,BLR,35-44,Friend,Android,240,1
51655,2024-09-07,bangalore,35-44,Other,iOS,180,4
51656,2024-09-07,Ahmedabad,35-44,Google,Android,290,1
51657,2024-09-07,Pune,25-34,Google,Android,350,4
51658,2024-09-07,Hyderabad,25-34,Instagram,iOS,420,2
51659,2024-09-08,Chennai,18-24,Instagram,iOS,150,2
51660,2024-09-08,Delhi,25-34,Instagram,Android,100,3
51661,2024-09-08,Jaipur,45-54,Instagram,Android,330,3
51662,2024-09-08,Jaipur,18-24,Friend,Android,230,1
51663,2024-09-08,Banglore,55+,Friend,Android,430,4
51664,2024-09-08,Bengaluru,25-34,Other,Android,370,2
51665,2024-09-08,Pune,18-24,Instagram,Android,320,0
51666,2024-09-09,Ahmedabad,18-24,Friend,Android,440,1
51667,2024-09-09,Ahmedabad,25-34,Other,iOS,260,4
51668,2024-09-09,Chennai,18-24,Instagram,iOS,130,3
51669,2024-09-09,Pune,18-24,Google,Android,350,2
51670,2024-09-09,Mumbai,18-24,Google,Android,460,3
51671,2024-09-09,Pune,18-24,Campus event,Android,460,4
51672,2024-09-09,Delhi,35-44,Google,Android,460,1
51673,2024-09-09,Hyderabad,18-24,Google,Android,160,2
51674,2024-09-09,Hyderabad,18-24,Other,Android,370,1
51675,2024-09-10,Pune,35-44,Google,Android,170,5
51676,2024-09-10,Kochi,55+,Campus event,iOS,180,3
51677,2024-09-10,Kochi,35-44,Campus event,iOS,130,2
51678,2024-09-10,Hyderabad,25-34,Other,iOS,220,7
51679,2024-09-10,Pune,25-34,Google,Android,170,1
51680,2024-09-11,Hyderabad,35-44,Friend,iOS,620,3
51681,2024-09-11,bangalore,25-34,Friend,Android,140,3
51682,2024-09-11,Bangalore,35-44,Campus event,Android,370,4
51683,2024-09-11,Delhi,35-44,Instagram,Android,240,0
51684,2024-09-11,Mumbai,18-24,Friend,Android,350,2
51685,2024-09-11,Kochi,25-34,Friend,Android,280,0
51686,2024-09-11,Pune,35-44,Other,Android,200,5
51687,2024-09-11,Hyderabad,25-34,Campus event,Android,210,5
51688,2024-09-11,Pune,35-44,Friend,iOS,450,4
51689,2024-09-11,Jaipur,25-34,Friend,Android,110,3
51690,2024-09-12,Hyderabad,18-24,Instagram,Android,500,3
51691,2024-09-12,Ahmedabad,45-54,Google,Android,410,3
51692,2024-09-12,Bengaluru,45-54,Google,Android,340,1
51693,2024-09-12,Pune,18-24,Other,Android,210,1
51694,2024-09-12,Bangalore,25-34,Friend,Android,460,1
51695,2024-09-12,Bangalore,45-54,Friend,iOS,320,5
51696,2024-09-13,Hyderabad,25-34,Friend,Android,210,2
51697,2024-09-13,Pune,25-34,Campus event,Android,140,3
51698,2024-09-14,Chennai,18-24,Instagram,Android,620,1
51699,2024-09-14,Pune,18-24,Friend,Android,360,2
51700,2024-09-14,Mumbai,25-34,Google,Android,180,2
51701,2024-09-14,Chennai,18-24,Google,Android,230,0
51702,2024-09-14,Pune,35-44,Friend,Android,450,3
51703,2024-09-14,Bengaluru,35-44,Other,Android,290,1
51704,2024-09-14,Hyderabad,35-44,Friend,iOS,180,4
51705,2024-09-15,Mumbai,35-44,Instagram,Android,200,1
51706,2024-09-15,Ahmedabad,18-24,Friend,iOS,200,4
51707,2024-09-15,Mumbai,25-34,Google,Android,280,2
51708,2024-09-15,Bengaluru,25-34,Campus event,Android,170,1
51709,2024-09-15,Hyderabad,18-24,Instagram,Android,160,5
51710,2024-09-15,Pune,45-54,Friend,iOS,90,1
51711,2024-09-15,Pune,45-54,Instagram,Android,130,0
51712,2024-09-15,Banglore,18-24,Campus event,iOS,250,6
51713,2024-09-16,Bangalore,35-44,Campus event,Android,230,2
51714,2024-09-16,Kochi,18-24,Google,iOS,190,5
51715,2024-09-16,Delhi,25-34,Friend,Android,130,3
51716,2024-09-16,Bangalore,18-24,Instagram,Android,340,6
51717,2024-09-16,Bengaluru,35-44,Friend,Android,160,4
51718,2024-09-16,Kochi,45-54,Instagram,iOS,270,4
51719,2024-09-17,Hyderabad,25-34,Friend,Android,280,5
51720,2024-09-17,Mumbai,18-24,Friend,Android,760,1
51721,2024-09-17,Hyderabad,18-24,Campus event,Android,160,1
51722,2024-09-18,Jaipur,18-24,Instagram,Android,220,2
51723,2024-09-18,Bangalore,45-54,Friend,Android,180,2
51724,2024-09-18,BLR,18-24,Instagram,iOS,150,6
51725,2024-09-18,Delhi,18-24,Friend,Android,380,2
51726,2024-09-18,Pune,35-44,Other,iOS,160,3
51727,2024-09-18,Mumbai,35-44,Campus event,Android,500,1
51728,2024-09-18,Pune,25-34,Instagram,Android,110,2
51729,2024-09-18,Pune,18-24,Instagram,Android,430,4
51730,2024-09-19,Mumbai,18-24,Campus event,iOS,260,3
51731,2024-09-19,Pune,35-44,Friend,Android,250,2
51732,2024-09-20,Pune,18-24,Google,Android,230,6
51733,2024-09-20,Hyderabad,25-34,Instagram,Android,320,2
51734,2024-09-20,Pune,18-24,Friend,iOS,300,4
51735,2024-09-20,Bengaluru,45-54,Instagram,Android,230,2
51736,2024-09-20,Banglore,55+,Other,Android,180,0
51737,2024-09-20,Pune,25-34,Instagram,Android,130,4
51738,2024-09-20,Pune,18-24,Instagram,Android,270,2
51739,2024-09-20,Hyderabad,18-24,Other,Android,210,0
51740,2024-09-20,Bangalore,25-34,Campus event,iOS,180,3
51741,2024-09-20,Chennai,18-24,Other,Android,160,1
51742,2024-09-21,Chennai,45-54,Other,Android,140,2
51743,2024-09-21,Banglore,35-44,Instagram,Android,460,3
51744,2024-09-21,Chennai,25-34,Instagram,iOS,270,1
51745,2024-09-21,Bangalore,18-24,Campus event,Android,150,2
51746,2024-09-21,Bengaluru,25-34,Instagram,iOS,90,4
51747,2024-09-22,Pune,25-34,Friend,Android,240,3
51748,2024-09-22,Hyderabad,18-24,Google,iOS,190,3
51749,2024-09-23,Bangalore,18-24,Campus event,Android,210,2
51750,2024-09-23,Chennai,25-34,Friend,Android,400,2
51751,2024-09-23,Pune,25-34,Friend,iOS,150,3
51752,2024-09-23,Chennai,18-24,Instagram,iOS,270,1
51753,2024-09-23,Pune,45-54,Google,Android,430,3
51754,2024-09-23,Chennai,18-24,Instagram,Android,310,2
51755,2024-09-23,Mumbai,25-34,Friend,Android,150,3
51756,2024-09-23,Kochi,18-24,Google,Android,360,3
51757,2024-09-24,Chennai,18-24,Other,iOS,200,5
51758,2024-09-24,bangalore,18-24,Other,Android,290,3
51759,2024-09-24,Bengaluru,25-34,Friend,Android,170,4
51760,2024-09-24,Mumbai,55+,Google,iOS,310,6
51761,2024-09-24,Delhi,25-34,Other,iOS,300,9
51762,2024-09-24,Banglore,45-54,Friend,iOS,370,6
51763,2024-09-24,Pune,45-54,Google,Android,500,3
51764,2024-09-24,Mumbai,25-34,Other,Android,120,1
51765,2024-09-25,Pune,25-34,Google,Android,240,2
51766,2024-09-25,Chennai,35-44,Instagram,Android,200,4
51767,2024-09-25,Hyderabad,35-44,Google,Android,590,3
51768,2024-09-25,Bangalore,25-34,Instagram,Android,300,2
51769,2024-09-25,Delhi,18-24,Friend,Android,170,1
51770,2024-09-26,Bengaluru,25-34,Friend,Android,260,4
51771,2024-09-26,Hyderabad,25-34,Instagram,Android,300,3
51772,2024-09-26,Hyderabad,18-24,Other,Android,290,2
51773,2024-09-26,Delhi,55+,Other,iOS,310,5
51774,2024-09-26,Pune,25-34,Instagram,Android,200,3
51775,2024-09-27,Chennai,18-24,Google,Android,230,2
51776,2024-09-27,Delhi,35-44,Instagram,Android,320,7
51777,2024-09-27,Hyderabad,25-34,Friend,Android,230,0
51778,2024-09-28,Chennai,18-24,Friend,Android,290,2
51779,2024-09-28,Hyderabad,25-34,Friend,Android,230,1
51780,2024-09-28,Bangalore,18-24,Campus event,Android,280,2
51781,2024-09-28,Mumbai,25-34,Instagram,Android,640,2
51782,2024-09-28,Hyderabad,35-44,Instagram,Android,180,3
51783,2024-09-28,Kochi,25-34,Friend,Android,390,2
51784,2024-09-28,Mumbai,25-34,Campus event,iOS,180,0
51785,2024-09-28,Delhi,25-34,Instagram,Android,270,4
51786,2024-09-28,Delhi,25-34,Google,Android,480,2
51787,2024-09-28,Bengaluru,25-34,Instagram,Android,220,2
51788,2024-09-29,Chennai,18-24,Instagram,Android,290,3
51789,2024-09-29,Banglore,25-34,Friend,Android,300,3
51790,2024-09-29,Mumbai,25-34,Other,iOS,240,5
51791,2024-09-29,Chennai,25-34,Other,Android,360,1
51792,2024-09-29,Pune,18-24,Other,Android,170,0
51793,2024-09-29,Mumbai,18-24,Instagram,Android,310,1
51794,2024-09-29,Hyderabad,18-24,Friend,iOS,90,2
51795,2024-09-29,Mumbai,18-24,Instagram,iOS,160,6
51796,2024-09-29,Bengaluru,25-34,Instagram,iOS,170,0
51797,2024-09-29,Kochi,35-44,Campus event,Android,190,2
51798,2024-09-29,Hyderabad,18-24,Campus event,Android,200,3
51799,2024-09-29,Hyderabad,18-24,Google,Android,260,2
51800,2024-09-30,Pune,35-44,Google,Android,380,2
