reading_id,timestamp,fridge,main_probe_c,backup_probe_f,ambient_c,door_open_s,compressor_duty_pct
1,2025-01-06 00:00,F1,4.4,39.9,19.0,0,26.3
2,2025-01-06 00:00,F2,5.0,41.0,19.0,0,25.2
3,2025-01-06 00:00,F3,4.2,39.6,18.1,0,25.8
4,2025-01-06 01:00,F1,4.5,40.1,18.1,0,23.3
5,2025-01-06 01:00,F2,4.6,40.3,19.6,0,30.6
6,2025-01-06 01:00,F3,4.0,39.2,18.4,4,22.3
7,2025-01-06 02:00,F1,4.7,40.5,18.4,0,21.7
8,2025-01-06 02:00,F2,4.5,40.1,19.2,0,24.9
9,2025-01-06 02:00,F3,4.0,39.2,19.2,0,26.2
10,2025-01-06 03:00,F1,4.5,40.1,18.7,0,25.2
11,2025-01-06 03:00,F2,4.8,40.6,17.3,0,21.6
12,2025-01-06 03:00,F3,4.0,39.2,18.0,9,19.8
13,2025-01-06 04:00,F1,4.6,40.3,18.3,0,20.4
14,2025-01-06 04:00,F2,5.1,41.2,18.6,0,27.9
15,2025-01-06 04:00,F3,4.0,39.2,18.5,0,27.1
16,2025-01-06 05:00,F1,4.5,40.1,19.6,0,26.8
17,2025-01-06 05:00,F2,5.5,41.9,19.2,0,31.5
18,2025-01-06 05:00,F3,4.1,39.4,18.5,11,24.9
19,2025-01-06 06:00,F1,4.5,40.1,18.8,6,28.3
20,2025-01-06 06:00,F2,5.5,41.9,19.2,0,25.9
21,2025-01-06 06:00,F3,4.1,39.4,19.5,0,27.8
22,2025-01-06 07:00,F1,4.4,39.9,19.6,0,29.4
23,2025-01-06 07:00,F2,5.5,41.9,20.9,0,29.3
24,2025-01-06 07:00,F3,4.1,39.4,20.0,0,29.7
25,2025-01-06 08:00,F1,5.1,41.2,20.2,26,29.4
26,2025-01-06 08:00,F2,6.0,42.8,20.1,40,31.2
27,2025-01-06 08:00,F3,4.3,39.7,20.0,10,28.5
28,2025-01-06 09:00,F1,5.2,41.4,20.9,24,31.2
29,2025-01-06 09:00,F2,5.8,42.4,20.7,45,30.5
30,2025-01-06 09:00,F3,4.1,39.4,21.2,8,31.4
31,2025-01-06 10:00,F1,5.0,41.0,21.4,10,36.2
32,2025-01-06 10:00,F2,5.2,41.4,22.3,15,33.3
33,2025-01-06 10:00,F3,4.1,39.4,22.5,11,31.8
34,2025-01-06 11:00,F1,6.4,43.5,22.7,114,41.7
35,2025-01-06 11:00,F2,5.4,41.7,21.4,51,35.5
36,2025-01-06 11:00,F3,4.5,40.1,21.9,17,33.3
37,2025-01-06 12:00,F1,5.4,41.7,22.9,36,37.8
38,2025-01-06 12:00,F2,4.9,40.8,22.3,30,34.1
39,2025-01-06 12:00,F3,5.0,41.0,23.3,72,34.8
40,2025-01-06 13:00,F1,5.5,41.9,23.6,20,36.4
41,2025-01-06 13:00,F2,4.6,40.3,23.2,15,36.3
42,2025-01-06 13:00,F3,4.3,39.7,22.6,0,35.0
43,2025-01-06 14:00,F1,6.0,42.8,23.5,60,40.1
44,2025-01-06 14:00,F2,4.6,40.3,23.6,0,39.0
45,2025-01-06 14:00,F3,5.1,41.2,23.3,64,40.5
46,2025-01-06 15:00,F1,5.4,41.7,22.5,0,34.8
47,2025-01-06 15:00,F2,5.6,42.1,22.4,40,35.2
48,2025-01-06 15:00,F3,4.5,40.1,22.7,14,32.5
49,2025-01-06 16:00,F1,5.6,42.1,23.0,24,40.8
50,2025-01-06 16:00,F2,5.3,41.5,23.5,10,38.9
51,2025-01-06 16:00,F3,4.9,40.8,23.6,6,41.1
52,2025-01-06 17:00,F1,5.2,41.4,23.5,16,40.0
53,2025-01-06 17:00,F2,5.6,42.1,22.6,42,32.3
54,2025-01-06 17:00,F3,4.7,40.5,22.4,30,37.8
55,2025-01-06 18:00,F1,5.7,42.3,23.1,60,36.6
56,2025-01-06 18:00,F2,5.3,41.5,22.2,19,36.3
57,2025-01-06 18:00,F3,4.7,40.5,24.0,24,36.7
58,2025-01-06 19:00,F1,5.0,41.0,22.3,0,31.5
59,2025-01-06 19:00,F2,5.6,42.1,22.4,19,38.2
60,2025-01-06 19:00,F3,4.4,39.9,22.5,0,35.1
61,2025-01-06 20:00,F1,4.8,40.6,22.3,0,32.9
62,2025-01-06 20:00,F2,5.3,41.5,21.8,0,35.0
63,2025-01-06 20:00,F3,4.2,39.6,21.7,5,36.3
64,2025-01-06 21:00,F1,4.7,40.5,21.5,0,36.6
65,2025-01-06 21:00,F2,5.0,41.0,20.6,0,26.8
66,2025-01-06 21:00,F3,4.0,39.2,21.2,0,25.8
67,2025-01-06 22:00,F1,4.6,40.3,20.3,0,29.7
68,2025-01-06 22:00,F2,5.3,41.5,21.1,0,30.9
69,2025-01-06 22:00,F3,4.2,39.6,19.6,0,25.9
70,2025-01-06 23:00,F1,4.8,40.6,19.6,0,30.8
71,2025-01-06 23:00,F2,5.2,41.4,20.1,0,29.6
72,2025-01-06 23:00,F3,4.3,39.7,20.3,0,24.2
73,2025-01-07 00:00,F1,4.8,40.6,19.7,0,26.8
74,2025-01-07 00:00,F2,4.8,40.6,19.3,0,26.0
75,2025-01-07 00:00,F3,4.1,39.4,19.7,0,26.4
76,2025-01-07 01:00,F1,4.5,40.1,19.1,0,30.6
77,2025-01-07 01:00,F2,4.5,40.1,18.2,0,25.1
78,2025-01-07 01:00,F3,4.4,39.9,19.4,0,25.0
79,2025-01-07 02:00,F1,5.0,41.0,18.9,21,26.0
80,2025-01-07 02:00,F2,4.6,40.3,18.3,0,22.3
81,2025-01-07 02:00,F3,4.3,39.7,18.5,0,25.1
82,2025-01-07 03:00,F1,4.7,40.5,18.6,0,22.5
83,2025-01-07 03:00,F2,4.5,40.1,19.0,0,28.3
84,2025-01-07 03:00,F3,4.1,39.4,17.8,0,24.0
85,2025-01-07 04:00,F1,4.8,40.6,18.6,0,19.3
86,2025-01-07 04:00,F2,4.8,40.6,18.7,0,26.3
87,2025-01-07 04:00,F3,4.3,39.7,17.9,14,25.5
88,2025-01-07 05:00,F1,4.5,40.1,18.7,0,26.4
89,2025-01-07 05:00,F2,4.9,40.8,18.8,0,22.5
90,2025-01-07 05:00,F3,4.1,39.4,19.5,0,24.6
91,2025-01-07 06:00,F1,4.4,39.9,18.9,0,23.8
92,2025-01-07 06:00,F2,4.9,40.8,19.2,0,27.2
93,2025-01-07 06:00,F3,4.2,39.6,19.1,0,33.9
94,2025-01-07 07:00,F1,4.3,39.7,19.9,0,29.2
95,2025-01-07 07:00,F2,5.0,41.0,19.6,0,24.7
96,2025-01-07 07:00,F3,4.7,40.5,19.5,7,25.8
97,2025-01-07 08:00,F1,4.8,40.6,20.9,8,32.0
98,2025-01-07 08:00,F2,5.4,41.7,20.4,15,31.6
99,2025-01-07 08:00,F3,4.8,40.6,20.3,16,28.3
100,2025-01-07 09:00,F1,5.2,41.4,20.2,20,29.8
101,2025-01-07 09:00,F2,5.1,41.2,20.8,0,26.4
102,2025-01-07 09:00,F3,5.4,41.7,20.4,64,34.0
103,2025-01-07 10:00,F1,5.3,41.5,22.6,18,40.8
104,2025-01-07 10:00,F2,5.4,41.7,21.1,19,32.9
105,2025-01-07 10:00,F3,5.1,41.2,22.7,16,37.9
106,2025-01-07 11:00,F1,5.1,41.2,23.5,20,36.7
107,2025-01-07 11:00,F2,5.5,41.9,23.4,24,37.6
108,2025-01-07 11:00,F3,4.8,40.6,22.4,18,35.4
109,2025-01-07 12:00,F1,4.7,40.5,23.0,7,37.1
110,2025-01-07 12:00,F2,5.5,41.9,22.9,26,37.5
111,2025-01-07 12:00,F3,4.9,40.8,23.4,13,39.5
112,2025-01-07 13:00,F1,5.1,41.2,22.6,34,42.1
113,2025-01-07 13:00,F2,5.7,42.3,22.4,42,43.7
114,2025-01-07 13:00,F3,5.2,41.4,24.1,42,43.2
115,2025-01-07 14:00,F1,5.5,41.9,23.2,85,37.8
116,2025-01-07 14:00,F2,5.9,42.6,23.3,68,45.6
117,2025-01-07 14:00,F3,5.2,41.4,23.6,38,41.8
118,2025-01-07 15:00,F1,4.8,40.6,22.5,8,37.5
119,2025-01-07 15:00,F2,5.3,41.5,22.9,15,40.4
120,2025-01-07 15:00,F3,4.4,39.9,22.1,18,39.2
121,2025-01-07 16:00,F1,5.2,41.4,24.2,20,44.6
122,2025-01-07 16:00,F2,5.1,41.2,23.3,19,35.8
123,2025-01-07 16:00,F3,5.0,41.0,24.3,63,40.0
124,2025-01-07 17:00,F1,4.8,40.6,22.2,4,28.7
125,2025-01-07 17:00,F2,5.5,41.9,23.1,16,36.8
126,2025-01-07 17:00,F3,5.1,41.2,23.5,84,43.7
127,2025-01-07 18:00,F1,5.2,41.4,22.8,34,41.0
128,2025-01-07 18:00,F2,5.5,41.9,22.3,19,31.0
129,2025-01-07 18:00,F3,4.5,40.1,22.0,18,31.1
130,2025-01-07 19:00,F1,4.9,40.8,22.2,0,34.8
131,2025-01-07 19:00,F2,5.6,42.1,22.5,0,36.4
132,2025-01-07 19:00,F3,4.3,39.7,22.1,0,33.6
133,2025-01-07 20:00,F1,4.8,40.6,21.4,14,33.8
134,2025-01-07 20:00,F2,5.3,41.5,21.0,0,30.4
135,2025-01-07 20:00,F3,4.1,39.4,20.9,0,31.8
136,2025-01-07 21:00,F1,4.1,39.4,21.5,0,28.5
137,2025-01-07 21:00,F2,5.3,41.5,20.3,0,29.0
138,2025-01-07 21:00,F3,4.1,39.4,20.1,8,28.8
139,2025-01-07 22:00,F1,4.3,39.7,20.7,21,31.3
140,2025-01-07 22:00,F2,5.7,42.3,21.5,0,31.2
141,2025-01-07 22:00,F3,4.0,39.2,20.3,0,32.7
142,2025-01-07 23:00,F1,4.1,39.4,19.6,0,26.2
143,2025-01-07 23:00,F2,5.5,41.9,19.9,0,27.4
144,2025-01-07 23:00,F3,3.6,38.5,20.1,0,28.1
145,2025-01-08 00:00,F1,3.9,39.0,18.2,0,25.2
146,2025-01-08 00:00,F2,5.2,41.4,20.4,0,29.6
147,2025-01-08 00:00,F3,3.7,38.7,20.1,0,27.0
148,2025-01-08 01:00,F1,4.3,39.7,19.1,0,24.4
149,2025-01-08 01:00,F2,4.8,40.6,18.1,0,25.0
150,2025-01-08 01:00,F3,3.9,39.0,19.1,0,26.5
151,2025-01-08 02:00,F1,4.6,40.3,17.4,0,25.2
152,2025-01-08 02:00,F2,5.0,41.0,18.4,18,22.3
153,2025-01-08 02:00,F3,4.1,39.4,19.6,0,27.7
154,2025-01-08 03:00,F1,4.8,40.6,18.2,0,23.5
155,2025-01-08 03:00,F2,4.9,40.8,18.2,0,23.8
156,2025-01-08 03:00,F3,4.2,39.6,18.6,0,17.7
157,2025-01-08 04:00,F1,4.5,40.1,17.8,0,23.3
158,2025-01-08 04:00,F2,4.8,40.6,17.9,0,18.7
159,2025-01-08 04:00,F3,3.7,38.7,18.6,0,22.3
160,2025-01-08 05:00,F1,4.7,40.5,18.2,0,23.7
161,2025-01-08 05:00,F2,5.0,41.0,18.9,0,29.2
162,2025-01-08 05:00,F3,3.8,38.8,19.1,0,22.5
163,2025-01-08 06:00,F1,4.7,40.5,19.7,0,28.6
164,2025-01-08 06:00,F2,4.8,40.6,18.3,0,24.5
165,2025-01-08 06:00,F3,3.8,38.8,20.4,0,24.6
166,2025-01-08 07:00,F1,4.5,40.1,20.0,0,31.7
167,2025-01-08 07:00,F2,5.1,41.2,20.9,0,28.9
168,2025-01-08 07:00,F3,3.9,39.0,19.9,0,31.5
169,2025-01-08 08:00,F1,4.7,40.5,20.1,30,31.1
170,2025-01-08 08:00,F2,5.4,41.7,20.8,44,33.1
171,2025-01-08 08:00,F3,4.2,39.6,20.3,25,27.4
172,2025-01-08 09:00,F1,4.3,39.7,21.4,4,32.3
173,2025-01-08 09:00,F2,5.4,41.7,20.0,20,25.3
174,2025-01-08 09:00,F3,4.1,39.4,21.5,0,34.8
175,2025-01-08 10:00,F1,5.6,42.1,21.8,95,39.6
176,2025-01-08 10:00,F2,5.4,41.7,22.4,12,27.0
177,2025-01-08 10:00,F3,4.3,39.7,22.1,22,29.1
178,2025-01-08 11:00,F1,4.8,40.6,21.9,12,33.8
179,2025-01-08 11:00,F2,6.4,43.5,22.0,84,36.2
180,2025-01-08 11:00,F3,4.5,40.1,21.2,21,31.4
181,2025-01-08 12:00,F1,4.9,40.8,22.5,42,38.1
182,2025-01-08 12:00,F2,5.2,41.4,23.2,12,34.5
183,2025-01-08 12:00,F3,4.5,40.1,22.8,27,33.7
184,2025-01-08 13:00,F1,4.6,40.3,23.2,33,37.9
185,2025-01-08 13:00,F2,5.3,41.5,22.3,39,31.2
186,2025-01-08 13:00,F3,4.2,39.6,23.4,7,33.1
187,2025-01-08 14:00,F1,5.0,41.0,22.9,10,35.1
188,2025-01-08 14:00,F2,5.5,41.9,23.5,48,37.9
189,2025-01-08 14:00,F3,4.5,40.1,22.7,8,34.3
190,2025-01-08 15:00,F1,5.6,42.1,24.9,32,38.6
191,2025-01-08 15:00,F2,5.6,42.1,23.7,32,36.5
192,2025-01-08 15:00,F3,4.9,40.8,24.2,36,39.0
193,2025-01-08 16:00,F1,5.0,41.0,22.7,12,34.0
194,2025-01-08 16:00,F2,5.5,41.9,24.7,34,40.3
195,2025-01-08 16:00,F3,4.8,40.6,22.9,20,37.3
196,2025-01-08 17:00,F1,4.7,40.5,22.6,9,37.4
197,2025-01-08 17:00,F2,5.0,41.0,23.1,8,37.9
198,2025-01-08 17:00,F3,4.8,40.6,22.6,32,37.3
199,2025-01-08 18:00,F1,4.4,39.9,22.8,6,44.2
200,2025-01-08 18:00,F2,5.9,42.6,23.3,54,43.6
201,2025-01-08 18:00,F3,4.4,39.9,21.7,12,38.1
202,2025-01-08 19:00,F1,4.3,39.7,22.3,0,38.9
203,2025-01-08 19:00,F2,5.0,41.0,23.1,0,35.8
204,2025-01-08 19:00,F3,4.3,39.7,21.3,0,35.7
205,2025-01-08 20:00,F1,4.2,39.6,22.4,0,38.3
206,2025-01-08 20:00,F2,5.1,41.2,21.6,0,31.2
207,2025-01-08 20:00,F3,4.4,39.9,21.5,0,31.7
208,2025-01-08 21:00,F1,4.3,39.7,20.6,0,33.9
209,2025-01-08 21:00,F2,4.8,40.6,20.9,0,30.5
210,2025-01-08 21:00,F3,4.7,40.5,20.9,0,35.3
211,2025-01-08 22:00,F1,4.2,39.6,20.3,0,31.5
212,2025-01-08 22:00,F2,4.9,40.8,19.8,0,24.8
213,2025-01-08 22:00,F3,4.4,39.9,20.7,0,28.2
214,2025-01-08 23:00,F1,4.3,39.7,18.9,0,22.9
215,2025-01-08 23:00,F2,5.0,41.0,18.9,0,23.5
216,2025-01-08 23:00,F3,4.3,39.7,19.3,0,26.2
217,2025-01-09 00:00,F1,4.1,39.4,19.0,0,29.9
218,2025-01-09 00:00,F2,4.9,40.8,18.9,0,24.5
219,2025-01-09 00:00,F3,4.3,39.7,20.0,0,27.9
220,2025-01-09 01:00,F1,4.4,39.9,19.6,0,27.3
221,2025-01-09 01:00,F2,5.2,41.4,18.6,0,25.4
222,2025-01-09 01:00,F3,4.1,39.4,20.1,21,29.8
223,2025-01-09 02:00,F1,4.4,39.9,18.5,0,26.1
224,2025-01-09 02:00,F2,5.0,41.0,18.3,0,24.9
225,2025-01-09 02:00,F3,4.2,39.6,17.7,0,24.7
226,2025-01-09 03:00,F1,4.5,40.1,18.5,0,24.7
227,2025-01-09 03:00,F2,5.1,41.2,17.8,15,23.5
228,2025-01-09 03:00,F3,4.8,40.6,18.4,21,20.1
229,2025-01-09 04:00,F1,4.5,40.1,19.1,0,22.3
230,2025-01-09 04:00,F2,4.6,40.3,18.7,0,23.0
231,2025-01-09 04:00,F3,4.2,39.6,18.5,0,25.6
232,2025-01-09 05:00,F1,4.4,39.9,19.8,10,26.1
233,2025-01-09 05:00,F2,4.6,40.3,20.0,0,26.4
234,2025-01-09 05:00,F3,4.0,39.2,18.3,0,20.6
235,2025-01-09 06:00,F1,4.1,39.4,19.7,0,26.4
236,2025-01-09 06:00,F2,4.7,40.5,19.0,28,26.9
237,2025-01-09 06:00,F3,4.1,39.4,19.3,0,21.3
238,2025-01-09 07:00,F1,4.3,39.7,20.2,0,27.0
239,2025-01-09 07:00,F2,4.4,39.9,20.1,0,25.2
240,2025-01-09 07:00,F3,4.3,39.7,20.0,0,24.4
241,2025-01-09 08:00,F1,4.2,39.6,20.7,0,34.9
242,2025-01-09 08:00,F2,4.5,40.1,19.8,0,29.0
243,2025-01-09 08:00,F3,4.2,39.6,19.4,6,27.4
244,2025-01-09 09:00,F1,4.4,39.9,20.7,42,35.8
245,2025-01-09 09:00,F2,4.9,40.8,21.3,12,33.3
246,2025-01-09 09:00,F3,4.8,40.6,20.9,40,38.7
247,2025-01-09 10:00,F1,4.4,39.9,22.4,5,38.7
248,2025-01-09 10:00,F2,5.2,41.4,22.0,24,31.5
249,2025-01-09 10:00,F3,4.4,39.9,21.3,12,28.4
250,2025-01-09 11:00,F1,4.4,39.9,22.2,4,31.2
251,2025-01-09 11:00,F2,5.0,41.0,22.9,0,39.6
252,2025-01-09 11:00,F3,4.3,39.7,21.6,5,32.8
253,2025-01-09 12:00,F1,4.5,40.1,22.3,0,34.5
254,2025-01-09 12:00,F2,5.3,41.5,23.5,27,38.8
255,2025-01-09 12:00,F3,4.4,39.9,21.5,30,28.5
256,2025-01-09 13:00,F1,5.0,41.0,22.7,27,32.9
257,2025-01-09 13:00,F2,4.7,40.5,22.5,5,35.1
258,2025-01-09 13:00,F3,4.0,39.2,23.4,10,37.2
259,2025-01-09 14:00,F1,5.0,41.0,24.0,52,43.5
260,2025-01-09 14:00,F2,5.2,41.4,23.4,39,46.4
261,2025-01-09 14:00,F3,4.2,39.6,23.3,4,37.2
262,2025-01-09 15:00,F1,4.5,40.1,24.6,20,33.1
263,2025-01-09 15:00,F2,4.9,40.8,23.0,0,37.1
264,2025-01-09 15:00,F3,5.1,41.2,22.4,48,36.9
265,2025-01-09 16:00,F1,4.5,40.1,22.8,33,43.3
266,2025-01-09 16:00,F2,4.6,40.3,23.0,4,36.0
267,2025-01-09 16:00,F3,4.7,40.5,22.8,30,41.2
268,2025-01-09 17:00,F1,4.2,39.6,22.9,20,36.9
269,2025-01-09 17:00,F2,4.8,40.6,23.5,4,36.1
270,2025-01-09 17:00,F3,4.1,39.4,23.2,8,37.3
271,2025-01-09 18:00,F1,4.8,40.6,23.6,36,40.0
272,2025-01-09 18:00,F2,4.9,40.8,24.2,6,35.5
273,2025-01-09 18:00,F3,4.7,40.5,21.7,60,39.3
274,2025-01-09 19:00,F1,4.7,40.5,22.4,0,34.2
275,2025-01-09 19:00,F2,4.9,40.8,22.7,0,36.5
276,2025-01-09 19:00,F3,4.5,40.1,22.8,0,38.6
277,2025-01-09 20:00,F1,4.3,39.7,21.6,0,27.3
278,2025-01-09 20:00,F2,5.1,41.2,22.0,0,36.0
279,2025-01-09 20:00,F3,4.1,39.4,21.3,0,36.0
280,2025-01-09 21:00,F1,4.6,40.3,21.6,0,31.9
281,2025-01-09 21:00,F2,5.1,41.2,20.6,0,25.0
282,2025-01-09 21:00,F3,3.7,38.7,21.1,0,28.1
283,2025-01-09 22:00,F1,4.5,40.1,20.7,0,29.9
284,2025-01-09 22:00,F2,5.2,41.4,19.6,0,32.0
285,2025-01-09 22:00,F3,4.1,39.4,20.7,14,32.5
286,2025-01-09 23:00,F1,4.7,40.5,20.0,0,30.2
287,2025-01-09 23:00,F2,5.5,41.9,20.5,0,34.8
288,2025-01-09 23:00,F3,4.0,39.2,19.6,0,29.2
289,2025-01-10 00:00,F1,4.7,40.5,19.1,0,29.0
290,2025-01-10 00:00,F2,5.2,41.4,19.5,0,30.7
291,2025-01-10 00:00,F3,4.1,39.4,19.9,0,25.4
292,2025-01-10 01:00,F1,4.5,40.1,18.8,0,28.9
293,2025-01-10 01:00,F2,4.6,40.3,18.3,0,20.9
294,2025-01-10 01:00,F3,4.0,39.2,18.6,0,20.4
295,2025-01-10 02:00,F1,4.6,40.3,19.4,0,24.8
296,2025-01-10 02:00,F2,5.2,41.4,18.8,36,20.2
297,2025-01-10 02:00,F3,4.3,39.7,18.1,13,25.9
298,2025-01-10 03:00,F1,4.8,40.6,18.6,0,18.3
299,2025-01-10 03:00,F2,5.0,41.0,18.5,0,21.7
300,2025-01-10 03:00,F3,3.9,39.0,18.4,0,24.7
301,2025-01-10 04:00,F1,4.6,40.3,17.6,0,18.5
302,2025-01-10 04:00,F2,4.7,40.5,19.4,8,27.5
303,2025-01-10 04:00,F3,4.0,39.2,18.6,0,22.5
304,2025-01-10 05:00,F1,4.9,40.8,18.7,20,24.5
305,2025-01-10 05:00,F2,4.8,40.6,19.4,0,30.2
306,2025-01-10 05:00,F3,4.2,39.6,20.1,10,28.6
307,2025-01-10 06:00,F1,4.5,40.1,19.5,0,21.0
308,2025-01-10 06:00,F2,4.9,40.8,18.4,17,24.8
309,2025-01-10 06:00,F3,4.4,39.9,19.0,0,23.5
310,2025-01-10 07:00,F1,4.7,40.5,19.1,0,28.5
311,2025-01-10 07:00,F2,4.9,40.8,19.5,19,25.6
312,2025-01-10 07:00,F3,4.2,39.6,19.4,0,24.7
313,2025-01-10 08:00,F1,4.6,40.3,19.6,20,32.1
314,2025-01-10 08:00,F2,5.2,41.4,21.0,9,33.0
315,2025-01-10 08:00,F3,4.6,40.3,20.4,40,33.7
316,2025-01-10 09:00,F1,4.5,40.1,21.0,12,33.4
317,2025-01-10 09:00,F2,5.2,41.4,20.7,0,32.8
318,2025-01-10 09:00,F3,5.1,41.2,21.3,64,33.8
319,2025-01-10 10:00,F1,4.8,40.6,21.0,15,30.9
320,2025-01-10 10:00,F2,6.2,43.2,21.6,56,36.9
321,2025-01-10 10:00,F3,4.5,40.1,22.5,0,39.6
322,2025-01-10 11:00,F1,4.9,40.8,22.6,60,35.1
323,2025-01-10 11:00,F2,5.9,42.6,22.1,42,37.3
324,2025-01-10 11:00,F3,4.5,40.1,21.1,20,37.6
325,2025-01-10 12:00,F1,5.0,41.0,22.0,22,36.9
326,2025-01-10 12:00,F2,5.4,41.7,23.8,12,40.6
327,2025-01-10 12:00,F3,4.3,39.7,22.2,8,36.7
328,2025-01-10 13:00,F1,4.7,40.5,24.0,7,42.4
329,2025-01-10 13:00,F2,5.6,42.1,23.4,6,37.9
330,2025-01-10 13:00,F3,4.7,40.5,23.6,36,43.2
331,2025-01-10 14:00,F1,4.9,40.8,24.2,17,39.1
332,2025-01-10 14:00,F2,5.5,41.9,23.4,24,37.5
333,2025-01-10 14:00,F3,4.3,39.7,22.3,0,36.1
334,2025-01-10 15:00,F1,4.3,39.7,24.1,0,42.1
335,2025-01-10 15:00,F2,5.2,41.4,23.3,9,39.2
336,2025-01-10 15:00,F3,4.7,40.5,23.0,48,37.0
337,2025-01-10 16:00,F1,5.0,41.0,24.4,6,39.7
338,2025-01-10 16:00,F2,5.7,42.3,23.9,51,45.1
339,2025-01-10 16:00,F3,5.3,41.5,23.5,70,41.3
340,2025-01-10 17:00,F1,5.2,41.4,23.6,54,40.7
341,2025-01-10 17:00,F2,5.6,42.1,24.1,18,41.5
342,2025-01-10 17:00,F3,5.3,41.5,23.6,60,40.5
343,2025-01-10 18:00,F1,4.3,39.7,22.2,9,28.8
344,2025-01-10 18:00,F2,5.9,42.6,23.1,68,38.1
345,2025-01-10 18:00,F3,5.0,41.0,22.3,36,33.5
346,2025-01-10 19:00,F1,4.5,40.1,21.7,0,36.0
347,2025-01-10 19:00,F2,4.9,40.8,21.9,0,34.0
348,2025-01-10 19:00,F3,4.3,39.7,22.8,0,36.0
349,2025-01-10 20:00,F1,4.9,40.8,21.9,0,33.7
350,2025-01-10 20:00,F2,4.8,40.6,21.9,0,26.2
351,2025-01-10 20:00,F3,4.1,39.4,22.4,0,35.3
352,2025-01-10 21:00,F1,4.8,40.6,22.2,0,35.2
353,2025-01-10 21:00,F2,4.7,40.5,21.0,0,31.8
354,2025-01-10 21:00,F3,4.1,39.4,21.5,0,34.3
355,2025-01-10 22:00,F1,4.8,40.6,20.3,0,26.5
356,2025-01-10 22:00,F2,4.8,40.6,20.3,4,29.3
357,2025-01-10 22:00,F3,4.2,39.6,19.7,0,29.6
358,2025-01-10 23:00,F1,4.6,40.3,20.0,0,28.1
359,2025-01-10 23:00,F2,4.4,39.9,19.7,0,28.7
360,2025-01-10 23:00,F3,4.3,39.7,20.1,0,29.4
361,2025-01-11 00:00,F1,4.4,39.9,19.5,0,29.8
362,2025-01-11 00:00,F2,4.3,39.7,19.6,0,25.2
363,2025-01-11 00:00,F3,4.1,39.4,18.2,0,21.5
364,2025-01-11 01:00,F1,4.1,39.4,19.0,0,27.2
365,2025-01-11 01:00,F2,4.3,39.7,18.6,0,26.0
366,2025-01-11 01:00,F3,4.4,39.9,18.6,0,23.6
367,2025-01-11 02:00,F1,4.0,39.2,19.3,0,25.3
368,2025-01-11 02:00,F2,4.1,39.4,17.8,0,17.3
369,2025-01-11 02:00,F3,4.7,40.5,19.3,0,20.9
370,2025-01-11 03:00,F1,4.2,39.6,17.6,0,20.2
371,2025-01-11 03:00,F2,4.6,40.3,18.8,0,21.9
372,2025-01-11 03:00,F3,4.1,39.4,19.8,0,29.3
373,2025-01-11 04:00,F1,4.4,39.9,18.6,10,23.1
374,2025-01-11 04:00,F2,4.3,39.7,17.9,8,27.3
375,2025-01-11 04:00,F3,4.3,39.7,18.4,0,28.4
376,2025-01-11 05:00,F1,4.4,39.9,19.3,0,25.3
377,2025-01-11 05:00,F2,4.5,40.1,19.8,0,28.5
378,2025-01-11 05:00,F3,4.4,39.9,17.9,11,19.3
379,2025-01-11 06:00,F1,4.5,40.1,19.5,0,23.2
380,2025-01-11 06:00,F2,4.8,40.6,19.0,15,28.3
381,2025-01-11 06:00,F3,4.0,39.2,18.2,0,25.8
382,2025-01-11 07:00,F1,4.5,40.1,19.9,0,27.8
383,2025-01-11 07:00,F2,4.4,39.9,19.0,0,26.5
384,2025-01-11 07:00,F3,4.5,40.1,19.7,0,28.6
385,2025-01-11 08:00,F1,4.3,39.7,19.9,18,28.9
386,2025-01-11 08:00,F2,4.9,40.8,20.9,24,34.8
387,2025-01-11 08:00,F3,4.2,39.6,21.1,0,30.2
388,2025-01-11 09:00,F1,4.2,39.6,20.4,0,33.6
389,2025-01-11 09:00,F2,4.7,40.5,21.0,0,27.3
390,2025-01-11 09:00,F3,5.2,41.4,20.9,56,31.0
391,2025-01-11 10:00,F1,4.6,40.3,21.5,45,33.9
392,2025-01-11 10:00,F2,5.0,41.0,23.5,0,33.8
393,2025-01-11 10:00,F3,4.6,40.3,22.5,6,38.1
394,2025-01-11 11:00,F1,4.7,40.5,21.3,28,34.4
395,2025-01-11 11:00,F2,5.2,41.4,22.7,11,39.7
396,2025-01-11 11:00,F3,4.7,40.5,22.1,18,40.3
397,2025-01-11 12:00,F1,4.5,40.1,22.4,0,28.8
398,2025-01-11 12:00,F2,5.6,42.1,23.5,44,44.7
399,2025-01-11 12:00,F3,4.7,40.5,23.2,19,41.7
400,2025-01-11 13:00,F1,5.5,41.9,23.4,80,43.1
401,2025-01-11 13:00,F2,5.1,41.2,22.7,0,35.7
402,2025-01-11 13:00,F3,4.9,40.8,22.7,16,36.4
403,2025-01-11 14:00,F1,5.1,41.2,22.9,42,38.5
404,2025-01-11 14:00,F2,5.1,41.2,24.4,0,37.7
405,2025-01-11 14:00,F3,4.9,40.8,23.0,12,33.4
406,2025-01-11 15:00,F1,5.6,42.1,22.5,72,41.6
407,2025-01-11 15:00,F2,5.4,41.7,23.0,45,34.1
408,2025-01-11 15:00,F3,4.9,40.8,24.0,20,41.6
409,2025-01-11 16:00,F1,4.9,40.8,23.1,32,29.1
410,2025-01-11 16:00,F2,5.1,41.2,23.4,18,41.6
411,2025-01-11 16:00,F3,5.7,42.3,23.1,108,48.2
412,2025-01-11 17:00,F1,4.4,39.9,22.1,24,39.6
413,2025-01-11 17:00,F2,4.9,40.8,22.6,8,37.9
414,2025-01-11 17:00,F3,5.3,41.5,22.4,57,36.7
415,2025-01-11 18:00,F1,4.7,40.5,23.7,30,41.7
416,2025-01-11 18:00,F2,5.3,41.5,23.6,22,39.5
417,2025-01-11 18:00,F3,4.9,40.8,23.1,32,37.1
418,2025-01-11 19:00,F1,4.4,39.9,21.4,0,32.5
419,2025-01-11 19:00,F2,4.7,40.5,22.7,0,32.0
420,2025-01-11 19:00,F3,4.7,40.5,22.6,0,34.0
421,2025-01-11 20:00,F1,4.7,40.5,21.4,0,31.9
422,2025-01-11 20:00,F2,4.6,40.3,22.1,0,31.8
423,2025-01-11 20:00,F3,4.6,40.3,21.3,0,34.9
424,2025-01-11 21:00,F1,4.9,40.8,21.1,0,37.6
425,2025-01-11 21:00,F2,4.5,40.1,20.4,0,34.6
426,2025-01-11 21:00,F3,4.8,40.6,20.7,0,29.8
427,2025-01-11 22:00,F1,4.8,40.6,20.5,0,22.4
428,2025-01-11 22:00,F2,4.8,40.6,20.2,0,25.2
429,2025-01-11 22:00,F3,3.9,39.0,20.3,0,29.9
430,2025-01-11 23:00,F1,5.0,41.0,20.1,0,30.7
431,2025-01-11 23:00,F2,5.0,41.0,19.2,0,29.0
432,2025-01-11 23:00,F3,4.3,39.7,18.9,0,24.3
433,2025-01-12 00:00,F1,4.8,40.6,20.0,0,23.3
434,2025-01-12 00:00,F2,4.9,40.8,19.0,0,24.2
435,2025-01-12 00:00,F3,4.3,39.7,19.5,0,26.2
436,2025-01-12 01:00,F1,5.0,41.0,19.5,0,23.9
437,2025-01-12 01:00,F2,5.1,41.2,18.9,0,26.2
438,2025-01-12 01:00,F3,4.0,39.2,17.8,0,22.9
439,2025-01-12 02:00,F1,4.7,40.5,18.9,0,26.6
440,2025-01-12 02:00,F2,4.9,40.8,18.2,0,26.8
441,2025-01-12 02:00,F3,4.2,39.6,17.3,16,26.2
442,2025-01-12 03:00,F1,4.8,40.6,18.5,0,18.9
443,2025-01-12 03:00,F2,5.0,41.0,18.0,0,16.8
444,2025-01-12 03:00,F3,4.2,39.6,18.9,0,26.2
445,2025-01-12 04:00,F1,4.6,40.3,18.3,0,25.5
446,2025-01-12 04:00,F2,5.0,41.0,17.3,0,24.5
447,2025-01-12 04:00,F3,4.2,39.6,19.0,0,21.6
448,2025-01-12 05:00,F1,4.7,40.5,18.6,0,24.6
449,2025-01-12 05:00,F2,5.1,41.2,18.1,0,23.7
450,2025-01-12 05:00,F3,4.2,39.6,19.0,0,19.9
451,2025-01-12 06:00,F1,4.5,40.1,18.8,0,25.0
452,2025-01-12 06:00,F2,5.3,41.5,19.7,0,23.0
453,2025-01-12 06:00,F3,4.3,39.7,18.7,13,27.1
454,2025-01-12 07:00,F1,4.4,39.9,19.5,0,26.0
455,2025-01-12 07:00,F2,4.9,40.8,19.2,0,22.0
456,2025-01-12 07:00,F3,4.5,40.1,20.4,0,23.3
457,2025-01-12 08:00,F1,4.8,40.6,20.9,0,31.2
458,2025-01-12 08:00,F2,4.9,40.8,20.6,8,32.3
459,2025-01-12 08:00,F3,4.2,39.6,20.1,7,32.0
460,2025-01-12 09:00,F1,4.8,40.6,22.2,12,38.8
461,2025-01-12 09:00,F2,4.9,40.8,20.8,0,28.4
462,2025-01-12 09:00,F3,4.1,39.4,21.0,22,25.4
463,2025-01-12 10:00,F1,4.6,40.3,21.9,8,38.2
464,2025-01-12 10:00,F2,5.1,41.2,20.9,8,31.2
465,2025-01-12 10:00,F3,4.1,39.4,21.8,9,33.5
466,2025-01-12 11:00,F1,5.0,41.0,22.0,40,34.0
467,2025-01-12 11:00,F2,5.5,41.9,22.7,51,42.2
468,2025-01-12 11:00,F3,4.6,40.3,22.2,20,39.5
469,2025-01-12 12:00,F1,5.0,41.0,23.6,42,36.8
470,2025-01-12 12:00,F2,5.3,41.5,22.4,20,38.7
471,2025-01-12 12:00,F3,4.8,40.6,22.2,32,36.9
472,2025-01-12 13:00,F1,4.9,40.8,21.6,15,34.8
473,2025-01-12 13:00,F2,5.2,41.4,22.3,40,42.1
474,2025-01-12 13:00,F3,4.5,40.1,24.6,12,36.9
475,2025-01-12 14:00,F1,5.3,41.5,22.6,36,36.2
476,2025-01-12 14:00,F2,5.5,41.9,23.8,36,45.5
477,2025-01-12 14:00,F3,4.4,39.9,23.4,8,36.1
478,2025-01-12 15:00,F1,5.5,41.9,24.1,54,48.1
479,2025-01-12 15:00,F2,5.4,41.7,23.1,30,36.9
480,2025-01-12 15:00,F3,4.4,39.9,23.4,8,40.6
481,2025-01-12 16:00,F1,4.7,40.5,23.6,10,40.2
482,2025-01-12 16:00,F2,5.5,41.9,24.1,54,40.9
483,2025-01-12 16:00,F3,5.0,41.0,23.9,60,45.9
484,2025-01-12 17:00,F1,4.9,40.8,23.4,20,39.3
485,2025-01-12 17:00,F2,4.8,40.6,23.1,21,30.1
486,2025-01-12 17:00,F3,4.4,39.9,22.8,30,38.0
487,2025-01-12 18:00,F1,4.9,40.8,23.7,27,42.7
488,2025-01-12 18:00,F2,4.7,40.5,23.5,11,43.4
489,2025-01-12 18:00,F3,4.4,39.9,23.2,27,41.8
490,2025-01-12 19:00,F1,4.6,40.3,23.0,0,40.9
491,2025-01-12 19:00,F2,4.8,40.6,22.5,0,34.3
492,2025-01-12 19:00,F3,4.3,39.7,22.1,0,28.6
493,2025-01-12 20:00,F1,4.5,40.1,21.4,0,28.1
494,2025-01-12 20:00,F2,4.9,40.8,21.7,0,31.4
495,2025-01-12 20:00,F3,4.6,40.3,21.2,0,31.9
496,2025-01-12 21:00,F1,4.7,40.5,20.8,0,36.9
497,2025-01-12 21:00,F2,5.1,41.2,21.9,10,33.6
498,2025-01-12 21:00,F3,4.2,39.6,21.1,0,30.4
499,2025-01-12 22:00,F1,4.5,40.1,21.2,0,27.7
500,2025-01-12 22:00,F2,4.7,40.5,20.6,0,32.1
501,2025-01-12 22:00,F3,3.8,38.8,20.4,0,26.3
502,2025-01-12 23:00,F1,4.6,40.3,20.5,0,29.6
503,2025-01-12 23:00,F2,4.7,40.5,20.6,0,27.0
504,2025-01-12 23:00,F3,3.5,38.3,20.1,0,28.2
505,2025-01-13 00:00,F1,4.8,40.6,19.9,0,26.5
506,2025-01-13 00:00,F2,4.9,40.8,19.2,4,29.5
507,2025-01-13 00:00,F3,3.7,38.7,18.4,0,27.2
508,2025-01-13 01:00,F1,4.6,40.3,18.5,0,24.8
509,2025-01-13 01:00,F2,4.9,40.8,19.1,0,29.7
510,2025-01-13 01:00,F3,3.8,38.8,19.3,0,20.0
511,2025-01-13 02:00,F1,4.7,40.5,18.7,0,27.5
512,2025-01-13 02:00,F2,5.3,41.5,18.6,20,25.3
513,2025-01-13 02:00,F3,3.6,38.5,18.9,0,23.5
514,2025-01-13 03:00,F1,4.6,40.3,17.7,0,28.2
515,2025-01-13 03:00,F2,4.8,40.6,17.5,0,28.3
516,2025-01-13 03:00,F3,3.9,39.0,19.0,0,28.5
517,2025-01-13 04:00,F1,4.9,40.8,17.1,0,17.5
518,2025-01-13 04:00,F2,4.9,40.8,18.6,0,25.2
519,2025-01-13 04:00,F3,3.7,38.7,18.1,0,17.1
520,2025-01-13 05:00,F1,4.5,40.1,18.3,0,28.6
521,2025-01-13 05:00,F2,5.0,41.0,19.4,0,25.4
522,2025-01-13 05:00,F3,4.0,39.2,18.7,0,26.0
523,2025-01-13 06:00,F1,4.6,40.3,18.8,0,25.3
524,2025-01-13 06:00,F2,5.1,41.2,18.3,0,20.0
525,2025-01-13 06:00,F3,4.2,39.6,18.9,0,27.1
526,2025-01-13 07:00,F1,4.8,40.6,19.9,0,32.3
527,2025-01-13 07:00,F2,4.7,40.5,19.3,0,27.2
528,2025-01-13 07:00,F3,4.0,39.2,19.8,0,32.2
529,2025-01-13 08:00,F1,4.8,40.6,20.6,15,26.8
530,2025-01-13 08:00,F2,5.3,41.5,20.5,39,32.6
531,2025-01-13 08:00,F3,4.7,40.5,20.2,60,32.2
532,2025-01-13 09:00,F1,4.6,40.3,21.3,0,32.3
533,2025-01-13 09:00,F2,5.3,41.5,20.1,18,28.0
534,2025-01-13 09:00,F3,4.2,39.6,20.3,20,30.6
535,2025-01-13 10:00,F1,4.8,40.6,22.0,20,31.8
536,2025-01-13 10:00,F2,5.4,41.7,21.3,10,33.5
537,2025-01-13 10:00,F3,4.6,40.3,21.3,35,28.3
538,2025-01-13 11:00,F1,5.6,42.1,22.8,48,35.2
539,2025-01-13 11:00,F2,5.9,42.6,22.6,80,40.7
540,2025-01-13 11:00,F3,4.6,40.3,21.4,54,21.4
541,2025-01-13 12:00,F1,5.1,41.2,22.1,9,37.7
542,2025-01-13 12:00,F2,5.6,42.1,23.0,21,36.1
543,2025-01-13 12:00,F3,4.0,39.2,22.7,22,29.7
544,2025-01-13 13:00,F1,5.0,41.0,22.1,20,35.4
545,2025-01-13 13:00,F2,5.5,41.9,23.0,24,41.1
546,2025-01-13 13:00,F3,3.7,38.7,22.4,0,33.9
547,2025-01-13 14:00,F1,5.5,41.9,23.7,40,40.6
548,2025-01-13 14:00,F2,5.4,41.7,23.9,12,40.8
549,2025-01-13 14:00,F3,4.1,39.4,24.6,18,42.0
550,2025-01-13 15:00,F1,4.9,40.8,23.4,14,35.9
551,2025-01-13 15:00,F2,5.7,42.3,23.8,24,40.1
552,2025-01-13 15:00,F3,4.2,39.6,23.0,7,40.5
553,2025-01-13 16:00,F1,5.5,41.9,22.8,16,36.8
554,2025-01-13 16:00,F2,5.2,41.4,23.6,11,37.6
555,2025-01-13 16:00,F3,4.4,39.9,23.5,5,36.8
556,2025-01-13 17:00,F1,5.9,42.6,22.4,51,39.4
557,2025-01-13 17:00,F2,5.3,41.5,23.4,20,43.5
558,2025-01-13 17:00,F3,5.0,41.0,23.2,51,35.8
559,2025-01-13 18:00,F1,5.3,41.5,23.2,24,38.6
560,2025-01-13 18:00,F2,5.1,41.2,22.7,15,35.1
561,2025-01-13 18:00,F3,4.4,39.9,22.8,4,36.5
562,2025-01-13 19:00,F1,5.3,41.5,22.9,0,30.9
563,2025-01-13 19:00,F2,5.0,41.0,23.0,0,36.1
564,2025-01-13 19:00,F3,4.0,39.2,21.7,0,37.4
565,2025-01-13 20:00,F1,5.1,41.2,21.9,0,37.3
566,2025-01-13 20:00,F2,4.9,40.8,21.7,13,29.6
567,2025-01-13 20:00,F3,4.0,39.2,20.3,0,34.4
568,2025-01-13 21:00,F1,4.9,40.8,21.3,0,35.4
569,2025-01-13 21:00,F2,4.9,40.8,21.3,0,29.0
570,2025-01-13 21:00,F3,4.2,39.6,20.9,0,31.4
571,2025-01-13 22:00,F1,4.6,40.3,20.6,21,33.8
572,2025-01-13 22:00,F2,4.7,40.5,20.0,0,29.5
573,2025-01-13 22:00,F3,4.6,40.3,21.0,34,31.7
574,2025-01-13 23:00,F1,4.4,39.9,20.2,0,24.7
575,2025-01-13 23:00,F2,4.6,40.3,18.2,0,24.1
576,2025-01-13 23:00,F3,4.3,39.7,19.0,4,28.4
577,2025-01-14 00:00,F1,4.3,39.7,18.6,0,26.9
578,2025-01-14 00:00,F2,4.7,40.5,18.7,0,25.3
579,2025-01-14 00:00,F3,3.9,39.0,20.0,0,30.4
580,2025-01-14 01:00,F1,4.7,40.5,18.3,0,26.7
581,2025-01-14 01:00,F2,4.7,40.5,19.9,0,30.6
582,2025-01-14 01:00,F3,3.9,39.0,19.6,0,26.7
583,2025-01-14 02:00,F1,4.9,40.8,19.0,0,25.4
584,2025-01-14 02:00,F2,4.9,40.8,18.8,10,24.0
585,2025-01-14 02:00,F3,4.0,39.2,19.4,0,28.5
586,2025-01-14 03:00,F1,4.8,40.6,19.3,0,26.9
587,2025-01-14 03:00,F2,4.9,40.8,18.2,0,21.1
588,2025-01-14 03:00,F3,4.2,39.6,18.0,10,26.3
589,2025-01-14 04:00,F1,4.7,40.5,18.3,0,25.1
590,2025-01-14 04:00,F2,4.8,40.6,19.2,0,24.3
591,2025-01-14 04:00,F3,4.1,39.4,18.6,0,27.6
592,2025-01-14 05:00,F1,4.5,40.1,19.0,0,30.4
593,2025-01-14 05:00,F2,4.8,40.6,19.4,0,29.5
594,2025-01-14 05:00,F3,4.6,40.3,18.3,24,26.9
595,2025-01-14 06:00,F1,4.6,40.3,19.7,0,23.5
596,2025-01-14 06:00,F2,4.7,40.5,19.8,0,25.3
597,2025-01-14 06:00,F3,4.3,39.7,19.3,0,25.1
598,2025-01-14 07:00,F1,5.0,41.0,20.5,0,25.6
599,2025-01-14 07:00,F2,4.7,40.5,19.8,7,28.1
600,2025-01-14 07:00,F3,4.0,39.2,19.6,0,27.8
601,2025-01-14 08:00,F1,5.7,42.3,20.1,66,31.8
602,2025-01-14 08:00,F2,4.8,40.6,20.8,22,31.6
603,2025-01-14 08:00,F3,5.0,41.0,19.8,80,34.8
604,2025-01-14 09:00,F1,5.3,41.5,20.6,0,32.4
605,2025-01-14 09:00,F2,5.2,41.4,21.1,0,29.8
606,2025-01-14 09:00,F3,4.3,39.7,21.3,10,26.9
607,2025-01-14 10:00,F1,5.3,41.5,21.4,0,33.3
608,2025-01-14 10:00,F2,5.2,41.4,22.2,0,36.4
609,2025-01-14 10:00,F3,4.3,39.7,22.2,0,35.9
610,2025-01-14 11:00,F1,5.8,42.4,22.0,63,39.4
611,2025-01-14 11:00,F2,5.7,42.3,21.7,60,33.9
612,2025-01-14 11:00,F3,4.4,39.9,22.9,24,37.8
613,2025-01-14 12:00,F1,5.5,41.9,22.4,48,42.3
614,2025-01-14 12:00,F2,5.1,41.2,22.8,0,35.7
615,2025-01-14 12:00,F3,5.5,41.9,22.3,120,43.7
616,2025-01-14 13:00,F1,5.1,41.2,22.7,14,39.1
617,2025-01-14 13:00,F2,5.2,41.4,23.2,4,35.1
618,2025-01-14 13:00,F3,4.7,40.5,23.6,15,37.9
619,2025-01-14 14:00,F1,5.1,41.2,24.8,16,44.6
620,2025-01-14 14:00,F2,5.5,41.9,23.6,10,39.8
621,2025-01-14 14:00,F3,4.7,40.5,22.8,20,37.0
622,2025-01-14 15:00,F1,4.9,40.8,22.8,36,39.7
623,2025-01-14 15:00,F2,5.9,42.6,23.5,72,43.5
624,2025-01-14 15:00,F3,4.8,40.6,23.4,32,40.6
625,2025-01-14 16:00,F1,4.7,40.5,24.2,18,40.6
626,2025-01-14 16:00,F2,6.1,43.0,24.4,52,43.7
627,2025-01-14 16:00,F3,4.8,40.6,24.0,28,38.0
628,2025-01-14 17:00,F1,4.7,40.5,22.7,7,35.3
629,2025-01-14 17:00,F2,5.9,42.6,23.4,32,37.6
630,2025-01-14 17:00,F3,4.7,40.5,23.5,20,38.3
631,2025-01-14 18:00,F1,4.9,40.8,23.0,10,37.3
632,2025-01-14 18:00,F2,5.1,41.2,22.7,8,36.6
633,2025-01-14 18:00,F3,5.0,41.0,23.3,85,38.8
634,2025-01-14 19:00,F1,4.6,40.3,22.4,0,32.0
635,2025-01-14 19:00,F2,5.5,41.9,22.4,0,40.4
636,2025-01-14 19:00,F3,4.3,39.7,22.1,0,34.1
637,2025-01-14 20:00,F1,4.6,40.3,21.1,0,35.2
638,2025-01-14 20:00,F2,5.4,41.7,21.6,8,31.4
639,2025-01-14 20:00,F3,4.3,39.7,21.6,0,29.1
640,2025-01-14 21:00,F1,4.6,40.3,21.0,0,27.7
641,2025-01-14 21:00,F2,5.3,41.5,21.6,0,30.4
642,2025-01-14 21:00,F3,3.9,39.0,21.3,0,31.6
643,2025-01-14 22:00,F1,4.3,39.7,19.9,0,31.0
644,2025-01-14 22:00,F2,4.8,40.6,20.3,0,28.7
645,2025-01-14 22:00,F3,4.3,39.7,20.7,0,24.4
646,2025-01-14 23:00,F1,4.4,39.9,20.0,0,35.7
647,2025-01-14 23:00,F2,5.0,41.0,19.2,0,23.5
648,2025-01-14 23:00,F3,4.5,40.1,19.9,0,31.4
649,2025-01-15 00:00,F1,4.4,39.9,19.0,0,21.1
650,2025-01-15 00:00,F2,4.9,40.8,17.9,0,21.4
651,2025-01-15 00:00,F3,4.1,39.4,20.1,0,30.0
652,2025-01-15 01:00,F1,4.8,40.6,18.8,19,20.6
653,2025-01-15 01:00,F2,5.3,41.5,18.7,7,25.6
654,2025-01-15 01:00,F3,4.0,39.2,19.1,0,18.5
655,2025-01-15 02:00,F1,4.3,39.7,18.9,0,23.3
656,2025-01-15 02:00,F2,5.0,41.0,19.3,0,27.9
657,2025-01-15 02:00,F3,4.4,39.9,18.8,0,27.3
658,2025-01-15 03:00,F1,4.5,40.1,17.8,14,27.4
659,2025-01-15 03:00,F2,4.9,40.8,18.8,0,28.7
660,2025-01-15 03:00,F3,4.1,39.4,18.5,0,20.8
661,2025-01-15 04:00,F1,4.2,39.6,17.4,0,22.4
662,2025-01-15 04:00,F2,4.9,40.8,19.4,0,29.6
663,2025-01-15 04:00,F3,4.2,39.6,18.3,9,21.7
664,2025-01-15 05:00,F1,4.3,39.7,19.4,0,29.0
665,2025-01-15 05:00,F2,4.7,40.5,18.5,0,27.4
666,2025-01-15 05:00,F3,4.1,39.4,18.6,9,27.9
667,2025-01-15 06:00,F1,4.4,39.9,19.5,4,28.9
668,2025-01-15 06:00,F2,4.7,40.5,18.5,0,25.4
669,2025-01-15 06:00,F3,3.8,38.8,18.5,0,23.8
670,2025-01-15 07:00,F1,4.0,39.2,19.8,0,23.2
671,2025-01-15 07:00,F2,4.8,40.6,19.4,0,24.3
672,2025-01-15 07:00,F3,3.8,38.8,18.8,9,25.8
673,2025-01-15 08:00,F1,4.5,40.1,21.0,24,28.4
674,2025-01-15 08:00,F2,5.2,41.4,20.1,36,31.7
675,2025-01-15 08:00,F3,3.5,38.3,21.6,0,32.4
676,2025-01-15 09:00,F1,4.7,40.5,19.9,20,33.3
677,2025-01-15 09:00,F2,5.3,41.5,21.5,8,33.4
678,2025-01-15 09:00,F3,4.0,39.2,20.5,32,35.0
679,2025-01-15 10:00,F1,5.6,42.1,21.7,84,35.1
680,2025-01-15 10:00,F2,5.9,42.6,21.6,76,43.1
681,2025-01-15 10:00,F3,4.4,39.9,22.0,27,38.4
682,2025-01-15 11:00,F1,4.7,40.5,22.7,0,32.9
683,2025-01-15 11:00,F2,5.8,42.4,22.0,42,40.2
684,2025-01-15 11:00,F3,5.0,41.0,22.4,63,31.6
685,2025-01-15 12:00,F1,5.3,41.5,23.4,16,38.5
686,2025-01-15 12:00,F2,5.4,41.7,22.5,4,37.3
687,2025-01-15 12:00,F3,4.2,39.6,22.7,9,32.2
688,2025-01-15 13:00,F1,4.8,40.6,22.8,0,39.4
689,2025-01-15 13:00,F2,5.3,41.5,23.3,36,38.0
690,2025-01-15 13:00,F3,4.7,40.5,23.8,36,34.6
691,2025-01-15 14:00,F1,4.8,40.6,23.0,10,36.4
692,2025-01-15 14:00,F2,5.5,41.9,23.6,19,40.8
693,2025-01-15 14:00,F3,4.7,40.5,23.6,20,39.3
694,2025-01-15 15:00,F1,4.9,40.8,23.8,8,39.0
695,2025-01-15 15:00,F2,5.8,42.4,23.2,90,43.2
696,2025-01-15 15:00,F3,4.8,40.6,23.4,18,36.4
697,2025-01-15 16:00,F1,5.2,41.4,23.7,20,38.6
698,2025-01-15 16:00,F2,5.1,41.2,23.0,14,38.9
699,2025-01-15 16:00,F3,5.0,41.0,24.5,18,42.4
700,2025-01-15 17:00,F1,5.2,41.4,23.2,4,41.6
701,2025-01-15 17:00,F2,5.1,41.2,23.1,13,33.3
702,2025-01-15 17:00,F3,5.3,41.5,23.8,28,35.3
703,2025-01-15 18:00,F1,5.2,41.4,22.5,34,38.9
704,2025-01-15 18:00,F2,5.0,41.0,22.1,16,33.8
705,2025-01-15 18:00,F3,4.7,40.5,21.6,0,36.7
706,2025-01-15 19:00,F1,4.5,40.1,22.2,0,34.9
707,2025-01-15 19:00,F2,5.2,41.4,22.4,0,31.6
708,2025-01-15 19:00,F3,4.3,39.7,22.4,0,33.4
709,2025-01-15 20:00,F1,4.5,40.1,21.2,0,28.8
710,2025-01-15 20:00,F2,5.2,41.4,21.7,0,28.7
711,2025-01-15 20:00,F3,4.5,40.1,21.8,0,29.4
712,2025-01-15 21:00,F1,4.2,39.6,21.2,0,25.6
713,2025-01-15 21:00,F2,4.9,40.8,20.8,0,25.8
714,2025-01-15 21:00,F3,4.5,40.1,21.1,0,35.0
715,2025-01-15 22:00,F1,4.3,39.7,20.3,0,28.9
716,2025-01-15 22:00,F2,5.3,41.5,19.6,18,22.3
717,2025-01-15 22:00,F3,4.3,39.7,20.9,0,36.1
718,2025-01-15 23:00,F1,4.2,39.6,19.9,0,28.0
719,2025-01-15 23:00,F2,5.1,41.2,19.9,0,28.5
720,2025-01-15 23:00,F3,4.4,39.9,19.4,0,26.9
721,2025-01-16 00:00,F1,4.4,39.9,19.4,0,29.0
722,2025-01-16 00:00,F2,5.2,41.4,19.6,0,25.2
723,2025-01-16 00:00,F3,4.7,40.5,19.6,0,27.3
724,2025-01-16 01:00,F1,4.5,40.1,18.5,0,25.7
725,2025-01-16 01:00,F2,5.4,41.7,18.6,0,29.2
726,2025-01-16 01:00,F3,4.5,40.1,18.1,0,26.4
727,2025-01-16 02:00,F1,4.6,40.3,19.7,0,23.1
728,2025-01-16 02:00,F2,5.2,41.4,18.6,0,27.9
729,2025-01-16 02:00,F3,4.4,39.9,17.5,0,21.5
730,2025-01-16 03:00,F1,4.6,40.3,18.6,0,25.7
731,2025-01-16 03:00,F2,5.3,41.5,17.9,34,28.1
732,2025-01-16 03:00,F3,4.6,40.3,18.6,0,23.0
733,2025-01-16 04:00,F1,4.7,40.5,18.0,0,18.7
734,2025-01-16 04:00,F2,4.8,40.6,19.3,0,24.0
735,2025-01-16 04:00,F3,4.4,39.9,18.3,0,23.8
736,2025-01-16 05:00,F1,4.7,40.5,18.7,11,22.2
737,2025-01-16 05:00,F2,4.8,40.6,19.1,0,31.7
738,2025-01-16 05:00,F3,4.6,40.3,20.1,12,31.1
739,2025-01-16 06:00,F1,4.5,40.1,19.3,0,22.8
740,2025-01-16 06:00,F2,5.1,41.2,19.7,5,27.9
741,2025-01-16 06:00,F3,4.3,39.7,19.8,21,26.7
742,2025-01-16 07:00,F1,4.6,40.3,19.2,0,23.8
743,2025-01-16 07:00,F2,5.2,41.4,19.4,0,27.8
744,2025-01-16 07:00,F3,4.1,39.4,19.8,0,30.2
745,2025-01-16 08:00,F1,5.5,41.9,21.2,51,33.9
746,2025-01-16 08:00,F2,5.8,42.4,20.6,52,34.0
747,2025-01-16 08:00,F3,4.0,39.2,20.5,0,27.4
748,2025-01-16 09:00,F1,5.3,41.5,21.3,28,39.6
749,2025-01-16 09:00,F2,5.8,42.4,20.5,16,33.3
750,2025-01-16 09:00,F3,4.4,39.9,20.4,18,36.2
751,2025-01-16 10:00,F1,5.2,41.4,21.5,7,26.6
752,2025-01-16 10:00,F2,5.4,41.7,21.9,0,27.9
753,2025-01-16 10:00,F3,4.4,39.9,22.6,12,36.3
754,2025-01-16 11:00,F1,5.3,41.5,22.8,60,38.6
755,2025-01-16 11:00,F2,5.2,41.4,22.7,0,38.3
756,2025-01-16 11:00,F3,4.3,39.7,21.9,21,33.9
757,2025-01-16 12:00,F1,5.3,41.5,23.2,9,41.5
758,2025-01-16 12:00,F2,5.3,41.5,23.0,18,38.4
759,2025-01-16 12:00,F3,4.8,40.6,23.3,24,42.6
760,2025-01-16 13:00,F1,5.2,41.4,22.6,24,39.8
761,2025-01-16 13:00,F2,5.5,41.9,23.2,36,37.3
762,2025-01-16 13:00,F3,5.4,41.7,24.0,54,40.9
763,2025-01-16 14:00,F1,5.0,41.0,23.0,13,33.0
764,2025-01-16 14:00,F2,5.7,42.3,22.9,60,40.9
765,2025-01-16 14:00,F3,4.5,40.1,22.8,12,39.3
766,2025-01-16 15:00,F1,5.9,42.6,23.0,63,37.1
767,2025-01-16 15:00,F2,5.3,41.5,23.6,11,40.7
768,2025-01-16 15:00,F3,4.9,40.8,22.9,33,39.2
769,2025-01-16 16:00,F1,5.9,42.6,24.0,72,45.4
770,2025-01-16 16:00,F2,5.4,41.7,23.1,22,41.3
771,2025-01-16 16:00,F3,4.8,40.6,23.3,8,39.6
772,2025-01-16 17:00,F1,5.0,41.0,23.0,21,36.7
773,2025-01-16 17:00,F2,5.2,41.4,22.8,16,34.6
774,2025-01-16 17:00,F3,5.1,41.2,22.6,84,38.0
775,2025-01-16 18:00,F1,4.9,40.8,23.1,0,35.0
776,2025-01-16 18:00,F2,5.8,42.4,22.2,84,38.0
777,2025-01-16 18:00,F3,5.1,41.2,23.3,80,36.9
778,2025-01-16 19:00,F1,5.1,41.2,23.0,0,36.5
779,2025-01-16 19:00,F2,4.7,40.5,22.1,0,34.9
780,2025-01-16 19:00,F3,4.5,40.1,21.5,0,29.3
781,2025-01-16 20:00,F1,4.7,40.5,21.5,12,36.4
782,2025-01-16 20:00,F2,4.4,39.9,21.3,0,35.5
783,2025-01-16 20:00,F3,4.5,40.1,22.3,0,34.2
784,2025-01-16 21:00,F1,4.5,40.1,20.7,0,34.8
785,2025-01-16 21:00,F2,4.4,39.9,21.0,0,31.0
786,2025-01-16 21:00,F3,3.9,39.0,20.8,0,35.5
787,2025-01-16 22:00,F1,4.7,40.5,21.6,0,29.2
788,2025-01-16 22:00,F2,4.4,39.9,21.2,0,35.1
789,2025-01-16 22:00,F3,3.9,39.0,21.0,0,29.8
790,2025-01-16 23:00,F1,5.1,41.2,20.5,19,29.0
791,2025-01-16 23:00,F2,4.4,39.9,19.9,0,27.4
792,2025-01-16 23:00,F3,4.2,39.6,20.3,0,30.3
793,2025-01-17 00:00,F1,5.0,41.0,18.7,0,24.7
794,2025-01-17 00:00,F2,4.2,39.6,19.6,0,29.1
795,2025-01-17 00:00,F3,4.2,39.6,18.3,0,27.5
796,2025-01-17 01:00,F1,4.9,40.8,19.0,0,25.7
797,2025-01-17 01:00,F2,4.2,39.6,18.7,0,24.4
798,2025-01-17 01:00,F3,4.2,39.6,19.6,0,28.5
799,2025-01-17 02:00,F1,5.1,41.2,19.7,0,34.3
800,2025-01-17 02:00,F2,3.9,39.0,17.9,0,24.3
801,2025-01-17 02:00,F3,4.4,39.9,19.3,0,32.0
802,2025-01-17 03:00,F1,4.6,40.3,18.2,0,17.7
803,2025-01-17 03:00,F2,4.5,40.1,17.6,0,23.0
804,2025-01-17 03:00,F3,4.1,39.4,18.4,0,24.1
805,2025-01-17 04:00,F1,4.3,39.7,18.3,0,24.5
806,2025-01-17 04:00,F2,4.7,40.5,18.2,0,23.2
807,2025-01-17 04:00,F3,4.3,39.7,18.4,0,29.1
808,2025-01-17 05:00,F1,4.1,39.4,19.5,0,30.8
809,2025-01-17 05:00,F2,5.0,41.0,19.0,0,25.7
810,2025-01-17 05:00,F3,4.5,40.1,19.1,0,26.1
811,2025-01-17 06:00,F1,4.2,39.6,18.8,0,30.3
812,2025-01-17 06:00,F2,5.2,41.4,19.1,0,29.3
813,2025-01-17 06:00,F3,4.3,39.7,19.3,8,26.5
814,2025-01-17 07:00,F1,4.4,39.9,20.4,0,28.0
815,2025-01-17 07:00,F2,5.1,41.2,20.2,0,30.5
816,2025-01-17 07:00,F3,4.3,39.7,19.8,0,33.7
817,2025-01-17 08:00,F1,5.4,41.7,21.1,68,34.3
818,2025-01-17 08:00,F2,5.2,41.4,19.7,30,32.6
819,2025-01-17 08:00,F3,4.4,39.9,21.5,32,33.1
820,2025-01-17 09:00,F1,4.8,40.6,21.8,0,31.6
821,2025-01-17 09:00,F2,4.9,40.8,21.5,10,32.4
822,2025-01-17 09:00,F3,5.0,41.0,20.8,84,35.8
823,2025-01-17 10:00,F1,5.6,42.1,21.8,16,33.9
824,2025-01-17 10:00,F2,5.1,41.2,21.7,24,29.1
825,2025-01-17 10:00,F3,4.6,40.3,21.8,32,38.1
826,2025-01-17 11:00,F1,5.3,41.5,22.8,12,40.0
827,2025-01-17 11:00,F2,4.8,40.6,21.8,10,37.6
828,2025-01-17 11:00,F3,5.2,41.4,22.0,72,35.2
829,2025-01-17 12:00,F1,4.9,40.8,23.0,11,30.1
830,2025-01-17 12:00,F2,4.8,40.6,23.8,0,33.7
831,2025-01-17 12:00,F3,5.2,41.4,22.0,80,40.6
832,2025-01-17 13:00,F1,4.9,40.8,23.3,6,39.7
833,2025-01-17 13:00,F2,5.2,41.4,22.8,28,35.9
834,2025-01-17 13:00,F3,4.8,40.6,23.5,33,39.3
835,2025-01-17 14:00,F1,5.0,41.0,23.8,10,37.5
836,2025-01-17 14:00,F2,4.8,40.6,23.2,0,36.3
837,2025-01-17 14:00,F3,4.5,40.1,24.2,15,36.1
838,2025-01-17 15:00,F1,5.1,41.2,22.9,44,32.8
839,2025-01-17 15:00,F2,5.2,41.4,24.1,38,40.1
840,2025-01-17 15:00,F3,4.7,40.5,24.1,8,43.9
841,2025-01-17 16:00,F1,5.0,41.0,22.0,16,31.8
842,2025-01-17 16:00,F2,5.3,41.5,22.6,42,42.2
843,2025-01-17 16:00,F3,4.8,40.6,23.7,13,33.7
844,2025-01-17 17:00,F1,5.4,41.7,22.8,34,36.3
845,2025-01-17 17:00,F2,5.4,41.7,23.6,48,45.9
846,2025-01-17 17:00,F3,5.1,41.2,23.5,8,44.2
847,2025-01-17 18:00,F1,5.2,41.4,21.8,20,36.9
848,2025-01-17 18:00,F2,5.3,41.5,24.4,14,40.1
849,2025-01-17 18:00,F3,5.0,41.0,22.8,16,39.4
850,2025-01-17 19:00,F1,5.1,41.2,23.5,0,42.7
851,2025-01-17 19:00,F2,5.2,41.4,22.3,0,39.9
852,2025-01-17 19:00,F3,4.7,40.5,21.0,0,33.1
853,2025-01-17 20:00,F1,5.2,41.4,20.7,0,28.3
854,2025-01-17 20:00,F2,5.2,41.4,21.1,0,38.9
855,2025-01-17 20:00,F3,4.5,40.1,21.6,0,34.0
856,2025-01-17 21:00,F1,5.2,41.4,20.8,0,28.3
857,2025-01-17 21:00,F2,5.0,41.0,22.0,0,35.5
858,2025-01-17 21:00,F3,4.4,39.9,23.4,0,39.9
859,2025-01-17 22:00,F1,5.0,41.0,21.9,0,34.6
860,2025-01-17 22:00,F2,4.9,40.8,20.6,0,32.2
861,2025-01-17 22:00,F3,4.6,40.3,20.5,0,28.1
862,2025-01-17 23:00,F1,4.5,40.1,20.1,0,34.3
863,2025-01-17 23:00,F2,5.0,41.0,20.1,0,26.5
864,2025-01-17 23:00,F3,4.4,39.9,19.6,0,25.9
865,2025-01-18 00:00,F1,4.5,40.1,20.0,0,32.5
866,2025-01-18 00:00,F2,5.0,41.0,19.5,0,26.1
867,2025-01-18 00:00,F3,4.6,40.3,20.2,0,32.9
868,2025-01-18 01:00,F1,4.7,40.5,18.8,0,21.8
869,2025-01-18 01:00,F2,5.0,41.0,19.0,0,29.2
870,2025-01-18 01:00,F3,4.3,39.7,19.6,0,30.1
871,2025-01-18 02:00,F1,4.7,40.5,18.3,0,24.7
872,2025-01-18 02:00,F2,4.9,40.8,19.2,5,28.4
873,2025-01-18 02:00,F3,3.9,39.0,17.6,0,20.1
874,2025-01-18 03:00,F1,5.0,41.0,19.0,0,27.6
875,2025-01-18 03:00,F2,5.0,41.0,18.5,0,22.4
876,2025-01-18 03:00,F3,3.9,39.0,18.9,0,23.1
877,2025-01-18 04:00,F1,4.9,40.8,18.4,0,26.4
878,2025-01-18 04:00,F2,4.8,40.6,19.0,0,24.7
879,2025-01-18 04:00,F3,3.7,38.7,18.7,0,27.5
880,2025-01-18 05:00,F1,5.0,41.0,18.6,0,26.7
881,2025-01-18 05:00,F2,4.7,40.5,18.2,0,21.7
882,2025-01-18 05:00,F3,4.0,39.2,19.8,0,27.3
883,2025-01-18 06:00,F1,4.5,40.1,18.2,0,18.2
884,2025-01-18 06:00,F2,4.8,40.6,20.0,0,28.7
885,2025-01-18 06:00,F3,3.8,38.8,18.6,0,21.7
886,2025-01-18 07:00,F1,5.0,41.0,19.5,12,26.3
887,2025-01-18 07:00,F2,4.9,40.8,19.4,0,27.4
888,2025-01-18 07:00,F3,4.3,39.7,19.8,36,33.2
889,2025-01-18 08:00,F1,5.2,41.4,20.8,30,28.6
890,2025-01-18 08:00,F2,5.5,41.9,21.2,34,29.0
891,2025-01-18 08:00,F3,4.3,39.7,21.1,5,25.8
892,2025-01-18 09:00,F1,5.9,42.6,21.0,63,31.1
893,2025-01-18 09:00,F2,4.9,40.8,21.0,13,38.2
894,2025-01-18 09:00,F3,4.8,40.6,21.1,42,35.0
895,2025-01-18 10:00,F1,5.5,41.9,21.6,40,36.0
896,2025-01-18 10:00,F2,4.9,40.8,21.5,5,29.5
897,2025-01-18 10:00,F3,4.7,40.5,21.4,11,33.0
898,2025-01-18 11:00,F1,5.3,41.5,22.4,26,30.0
899,2025-01-18 11:00,F2,5.6,42.1,23.0,65,41.2
900,2025-01-18 11:00,F3,5.1,41.2,21.0,54,33.9
901,2025-01-18 12:00,F1,4.9,40.8,22.6,0,42.6
902,2025-01-18 12:00,F2,5.0,41.0,22.4,30,37.3
903,2025-01-18 12:00,F3,4.7,40.5,23.4,14,36.7
904,2025-01-18 13:00,F1,5.4,41.7,22.4,36,38.4
905,2025-01-18 13:00,F2,5.3,41.5,23.0,30,39.5
906,2025-01-18 13:00,F3,4.9,40.8,23.8,24,37.4
907,2025-01-18 14:00,F1,4.9,40.8,23.4,5,32.1
908,2025-01-18 14:00,F2,5.6,42.1,23.1,48,44.3
909,2025-01-18 14:00,F3,4.6,40.3,23.9,20,40.6
910,2025-01-18 15:00,F1,5.3,41.5,24.1,10,31.0
911,2025-01-18 15:00,F2,5.7,42.3,24.0,64,48.3
912,2025-01-18 15:00,F3,4.6,40.3,22.5,28,37.1
913,2025-01-18 16:00,F1,5.2,41.4,23.2,12,35.4
914,2025-01-18 16:00,F2,4.8,40.6,23.7,0,38.2
915,2025-01-18 16:00,F3,4.6,40.3,23.4,16,37.8
916,2025-01-18 17:00,F1,5.2,41.4,23.9,18,38.0
917,2025-01-18 17:00,F2,5.1,41.2,22.8,6,30.5
918,2025-01-18 17:00,F3,5.1,41.2,23.5,56,45.1
919,2025-01-18 18:00,F1,4.8,40.6,22.4,4,39.1
920,2025-01-18 18:00,F2,4.8,40.6,23.2,6,42.1
921,2025-01-18 18:00,F3,4.7,40.5,22.2,10,35.0
922,2025-01-18 19:00,F1,4.6,40.3,22.5,0,38.0
923,2025-01-18 19:00,F2,5.0,41.0,22.7,0,37.7
924,2025-01-18 19:00,F3,4.3,39.7,23.4,0,40.2
925,2025-01-18 20:00,F1,4.8,40.6,21.5,0,31.9
926,2025-01-18 20:00,F2,5.1,41.2,23.2,0,37.5
927,2025-01-18 20:00,F3,4.3,39.7,22.1,0,35.3
928,2025-01-18 21:00,F1,4.7,40.5,20.2,0,32.9
929,2025-01-18 21:00,F2,4.9,40.8,20.0,0,26.5
930,2025-01-18 21:00,F3,4.4,39.9,20.3,0,35.2
931,2025-01-18 22:00,F1,4.7,40.5,20.4,0,29.1
932,2025-01-18 22:00,F2,4.9,40.8,21.0,11,28.3
933,2025-01-18 22:00,F3,4.4,39.9,19.5,0,28.8
934,2025-01-18 23:00,F1,4.9,40.8,19.4,8,24.5
935,2025-01-18 23:00,F2,4.8,40.6,20.2,0,25.8
936,2025-01-18 23:00,F3,4.6,40.3,20.5,0,23.4
937,2025-01-19 00:00,F1,4.5,40.1,18.6,0,23.0
938,2025-01-19 00:00,F2,4.7,40.5,19.5,0,28.0
939,2025-01-19 00:00,F3,4.5,40.1,19.6,0,25.7
940,2025-01-19 01:00,F1,4.5,40.1,18.2,0,19.7
941,2025-01-19 01:00,F2,4.8,40.6,19.2,0,20.1
942,2025-01-19 01:00,F3,4.2,39.6,18.9,0,26.0
943,2025-01-19 02:00,F1,4.5,40.1,19.2,15,26.3
944,2025-01-19 02:00,F2,5.2,41.4,19.1,0,27.5
945,2025-01-19 02:00,F3,4.0,39.2,18.7,0,28.8
946,2025-01-19 03:00,F1,4.1,39.4,18.6,0,22.9
947,2025-01-19 03:00,F2,4.8,40.6,18.8,0,17.7
948,2025-01-19 03:00,F3,4.1,39.4,19.2,0,29.0
949,2025-01-19 04:00,F1,4.3,39.7,18.4,4,28.5
950,2025-01-19 04:00,F2,5.1,41.2,18.7,17,25.5
951,2025-01-19 04:00,F3,4.3,39.7,17.7,0,24.8
952,2025-01-19 05:00,F1,4.4,39.9,18.0,0,24.9
953,2025-01-19 05:00,F2,4.9,40.8,19.1,0,21.8
954,2025-01-19 05:00,F3,4.5,40.1,17.8,0,30.0
955,2025-01-19 06:00,F1,4.8,40.6,19.6,0,27.8
956,2025-01-19 06:00,F2,4.6,40.3,18.4,0,27.1
957,2025-01-19 06:00,F3,4.5,40.1,18.9,0,25.5
958,2025-01-19 07:00,F1,4.5,40.1,20.3,0,29.0
959,2025-01-19 07:00,F2,4.7,40.5,20.0,0,23.9
960,2025-01-19 07:00,F3,4.3,39.7,19.3,0,27.4
961,2025-01-19 08:00,F1,4.9,40.8,20.5,15,32.1
962,2025-01-19 08:00,F2,5.5,41.9,20.3,64,30.1
963,2025-01-19 08:00,F3,4.7,40.5,20.6,51,35.6
964,2025-01-19 09:00,F1,4.6,40.3,20.4,0,30.4
965,2025-01-19 09:00,F2,5.3,41.5,21.1,21,30.4
966,2025-01-19 09:00,F3,4.3,39.7,22.2,26,37.4
967,2025-01-19 10:00,F1,4.4,39.9,22.6,0,36.3
968,2025-01-19 10:00,F2,5.6,42.1,21.6,25,38.0
969,2025-01-19 10:00,F3,4.5,40.1,22.6,15,31.6
970,2025-01-19 11:00,F1,4.7,40.5,22.0,8,35.5
971,2025-01-19 11:00,F2,5.5,41.9,21.9,34,35.9
972,2025-01-19 11:00,F3,4.6,40.3,22.1,38,39.5
973,2025-01-19 12:00,F1,4.9,40.8,23.0,28,38.9
974,2025-01-19 12:00,F2,5.7,42.3,23.2,28,37.0
975,2025-01-19 12:00,F3,4.4,39.9,22.5,11,36.2
976,2025-01-19 13:00,F1,5.2,41.4,23.2,40,38.3
977,2025-01-19 13:00,F2,5.8,42.4,22.8,54,43.3
978,2025-01-19 13:00,F3,4.3,39.7,23.4,4,33.5
979,2025-01-19 14:00,F1,4.9,40.8,23.2,15,40.4
980,2025-01-19 14:00,F2,5.5,41.9,23.5,15,36.9
981,2025-01-19 14:00,F3,4.5,40.1,23.8,11,37.2
982,2025-01-19 15:00,F1,5.0,41.0,23.0,38,36.9
983,2025-01-19 15:00,F2,5.4,41.7,23.6,19,43.6
984,2025-01-19 15:00,F3,4.3,39.7,23.9,34,36.6
985,2025-01-19 16:00,F1,5.1,41.2,22.8,18,35.0
986,2025-01-19 16:00,F2,5.2,41.4,24.0,12,43.1
987,2025-01-19 16:00,F3,4.8,40.6,24.1,51,42.4
988,2025-01-19 17:00,F1,4.9,40.8,23.3,38,41.8
989,2025-01-19 17:00,F2,5.4,41.7,23.7,10,40.0
990,2025-01-19 17:00,F3,4.4,39.9,23.7,6,34.0
991,2025-01-19 18:00,F1,4.9,40.8,22.9,32,36.6
992,2025-01-19 18:00,F2,5.7,42.3,23.3,70,44.5
993,2025-01-19 18:00,F3,4.1,39.4,22.4,0,29.6
994,2025-01-19 19:00,F1,4.3,39.7,22.6,0,34.2
995,2025-01-19 19:00,F2,4.9,40.8,23.7,7,36.7
996,2025-01-19 19:00,F3,4.3,39.7,22.7,0,39.6
997,2025-01-19 20:00,F1,4.6,40.3,21.0,0,32.9
998,2025-01-19 20:00,F2,5.0,41.0,20.6,0,26.2
999,2025-01-19 20:00,F3,4.6,40.3,22.5,0,36.6
1000,2025-01-19 21:00,F1,4.6,40.3,20.8,0,35.8
1001,2025-01-19 21:00,F2,5.3,41.5,20.8,21,32.6
1002,2025-01-19 21:00,F3,4.2,39.6,20.8,0,34.1
1003,2025-01-19 22:00,F1,4.4,39.9,19.5,0,27.4
1004,2025-01-19 22:00,F2,4.7,40.5,20.2,0,29.7
1005,2025-01-19 22:00,F3,4.2,39.6,20.7,0,28.3
1006,2025-01-19 23:00,F1,4.8,40.6,19.7,0,35.2
1007,2025-01-19 23:00,F2,5.2,41.4,19.6,0,28.9
1008,2025-01-19 23:00,F3,4.2,39.6,19.6,0,26.7
1009,2025-01-20 00:00,F1,4.9,40.8,19.1,6,23.3
1010,2025-01-20 00:00,F2,4.9,40.8,19.8,0,26.4
1011,2025-01-20 00:00,F3,4.5,40.1,19.2,0,22.9
1012,2025-01-20 01:00,F1,4.5,40.1,19.1,0,24.4
1013,2025-01-20 01:00,F2,4.9,40.8,18.0,0,22.9
1014,2025-01-20 01:00,F3,4.5,40.1,18.8,0,28.5
1015,2025-01-20 02:00,F1,4.3,39.7,17.6,0,22.1
1016,2025-01-20 02:00,F2,4.9,40.8,18.7,0,25.3
1017,2025-01-20 02:00,F3,4.1,39.4,18.1,0,22.3
1018,2025-01-20 03:00,F1,4.4,39.9,18.7,0,25.8
1019,2025-01-20 03:00,F2,5.1,41.2,18.4,0,24.0
1020,2025-01-20 03:00,F3,4.2,39.6,18.5,0,19.1
1021,2025-01-20 04:00,F1,4.5,40.1,17.3,0,19.7
1022,2025-01-20 04:00,F2,4.9,40.8,19.0,0,24.7
1023,2025-01-20 04:00,F3,4.2,39.6,19.4,0,22.9
1024,2025-01-20 05:00,F1,4.6,40.3,19.7,0,28.7
1025,2025-01-20 05:00,F2,5.1,41.2,18.8,0,26.8
1026,2025-01-20 05:00,F3,4.3,39.7,19.1,0,25.4
1027,2025-01-20 06:00,F1,4.7,40.5,19.9,8,22.5
1028,2025-01-20 06:00,F2,5.1,41.2,19.7,0,27.7
1029,2025-01-20 06:00,F3,4.0,39.2,19.5,0,25.0
1030,2025-01-20 07:00,F1,4.4,39.9,20.0,0,28.7
1031,2025-01-20 07:00,F2,4.9,40.8,19.5,0,29.4
1032,2025-01-20 07:00,F3,4.1,39.4,20.0,0,26.1
1033,2025-01-20 08:00,F1,4.4,39.9,19.4,14,24.8
1034,2025-01-20 08:00,F2,4.8,40.6,21.1,0,28.1
1035,2025-01-20 08:00,F3,4.4,39.9,20.3,48,31.7
1036,2025-01-20 09:00,F1,4.6,40.3,20.5,16,32.8
1037,2025-01-20 09:00,F2,5.2,41.4,21.2,30,30.9
1038,2025-01-20 09:00,F3,4.1,39.4,21.0,26,29.2
1039,2025-01-20 10:00,F1,4.8,40.6,21.7,12,34.5
1040,2025-01-20 10:00,F2,5.2,41.4,21.0,0,33.0
1041,2025-01-20 10:00,F3,4.7,40.5,21.6,42,35.5
1042,2025-01-20 11:00,F1,4.7,40.5,22.8,35,35.4
1043,2025-01-20 11:00,F2,5.1,41.2,21.6,5,32.0
1044,2025-01-20 11:00,F3,4.4,39.9,21.8,34,40.3
1045,2025-01-20 12:00,F1,4.7,40.5,23.7,22,41.0
1046,2025-01-20 12:00,F2,5.5,41.9,23.0,18,35.6
1047,2025-01-20 12:00,F3,4.3,39.7,22.5,0,31.7
1048,2025-01-20 13:00,F1,5.1,41.2,23.1,36,33.9
1049,2025-01-20 13:00,F2,6.1,43.0,23.3,52,41.2
1050,2025-01-20 13:00,F3,4.6,40.3,22.3,26,34.8
1051,2025-01-20 14:00,F1,4.9,40.8,24.5,18,37.0
1052,2025-01-20 14:00,F2,6.0,42.8,22.4,60,40.4
1053,2025-01-20 14:00,F3,4.7,40.5,23.1,32,40.1
1054,2025-01-20 15:00,F1,5.9,42.6,24.0,68,42.7
1055,2025-01-20 15:00,F2,5.7,42.3,22.8,33,38.0
1056,2025-01-20 15:00,F3,4.5,40.1,23.1,17,35.1
1057,2025-01-20 16:00,F1,5.3,41.5,23.0,36,38.9
1058,2025-01-20 16:00,F2,5.8,42.4,23.3,63,41.5
1059,2025-01-20 16:00,F3,4.6,40.3,22.1,42,40.8
1060,2025-01-20 17:00,F1,5.1,41.2,22.6,60,41.6
1061,2025-01-20 17:00,F2,5.8,42.4,23.5,48,40.4
1062,2025-01-20 17:00,F3,4.5,40.1,24.0,0,42.0
1063,2025-01-20 18:00,F1,4.8,40.6,22.4,24,37.1
1064,2025-01-20 18:00,F2,5.6,42.1,23.1,26,39.8
1065,2025-01-20 18:00,F3,4.7,40.5,22.4,65,37.4
1066,2025-01-20 19:00,F1,4.8,40.6,21.9,0,37.1
1067,2025-01-20 19:00,F2,5.2,41.4,22.8,0,38.3
1068,2025-01-20 19:00,F3,4.2,39.6,22.7,0,29.6
1069,2025-01-20 20:00,F1,4.5,40.1,21.9,0,34.3
1070,2025-01-20 20:00,F2,5.0,41.0,22.6,0,36.8
1071,2025-01-20 20:00,F3,3.9,39.0,21.3,0,30.6
1072,2025-01-20 21:00,F1,4.5,40.1,22.0,0,27.7
1073,2025-01-20 21:00,F2,5.1,41.2,21.0,8,24.7
1074,2025-01-20 21:00,F3,3.8,38.8,21.0,0,30.7
1075,2025-01-20 22:00,F1,4.5,40.1,20.5,0,29.5
1076,2025-01-20 22:00,F2,5.2,41.4,20.1,18,32.1
1077,2025-01-20 22:00,F3,3.7,38.7,19.6,0,23.0
1078,2025-01-20 23:00,F1,4.4,39.9,19.1,13,23.1
1079,2025-01-20 23:00,F2,5.2,41.4,19.1,0,23.4
1080,2025-01-20 23:00,F3,3.8,38.8,18.9,0,26.3
1081,2025-01-21 00:00,F1,4.5,40.1,19.4,10,28.3
1082,2025-01-21 00:00,F2,5.4,41.7,19.2,0,28.3
1083,2025-01-21 00:00,F3,4.2,39.6,20.3,0,33.5
1084,2025-01-21 01:00,F1,4.2,39.6,17.7,0,20.8
1085,2025-01-21 01:00,F2,4.9,40.8,18.9,0,27.2
1086,2025-01-21 01:00,F3,3.9,39.0,19.5,0,23.6
1087,2025-01-21 02:00,F1,4.3,39.7,18.9,4,24.4
1088,2025-01-21 02:00,F2,4.8,40.6,19.4,0,28.7
1089,2025-01-21 02:00,F3,3.8,38.8,18.5,0,31.2
1090,2025-01-21 03:00,F1,4.4,39.9,18.6,13,25.4
1091,2025-01-21 03:00,F2,4.8,40.6,17.7,0,21.7
1092,2025-01-21 03:00,F3,4.0,39.2,18.0,0,19.6
1093,2025-01-21 04:00,F1,4.2,39.6,18.3,0,24.0
1094,2025-01-21 04:00,F2,5.0,41.0,18.0,0,24.4
1095,2025-01-21 04:00,F3,4.1,39.4,19.5,0,25.1
1096,2025-01-21 05:00,F1,4.5,40.1,18.9,0,30.6
1097,2025-01-21 05:00,F2,4.7,40.5,19.2,0,29.0
1098,2025-01-21 05:00,F3,4.2,39.6,18.5,0,18.1
1099,2025-01-21 06:00,F1,4.6,40.3,18.7,0,17.1
1100,2025-01-21 06:00,F2,4.8,40.6,19.3,0,24.2
1101,2025-01-21 06:00,F3,4.0,39.2,19.2,0,25.5
1102,2025-01-21 07:00,F1,4.6,40.3,20.0,0,28.2
1103,2025-01-21 07:00,F2,4.6,40.3,19.9,0,31.8
1104,2025-01-21 07:00,F3,4.4,39.9,20.1,4,28.1
1105,2025-01-21 08:00,F1,5.0,41.0,20.9,42,28.7
1106,2025-01-21 08:00,F2,4.9,40.8,20.2,14,32.6
1107,2025-01-21 08:00,F3,4.2,39.6,19.6,0,30.4
1108,2025-01-21 09:00,F1,5.6,42.1,21.0,80,33.9
1109,2025-01-21 09:00,F2,5.1,41.2,20.6,40,33.3
1110,2025-01-21 09:00,F3,4.4,39.9,21.5,20,28.8
1111,2025-01-21 10:00,F1,4.9,40.8,20.9,32,29.9
1112,2025-01-21 10:00,F2,5.2,41.4,21.5,22,33.5
1113,2025-01-21 10:00,F3,4.6,40.3,21.3,42,34.1
1114,2025-01-21 11:00,F1,4.9,40.8,21.4,20,33.5
1115,2025-01-21 11:00,F2,5.3,41.5,20.4,28,31.7
1116,2025-01-21 11:00,F3,4.3,39.7,22.3,14,38.9
1117,2025-01-21 12:00,F1,5.1,41.2,23.2,14,39.2
1118,2025-01-21 12:00,F2,6.0,42.8,22.1,72,35.4
1119,2025-01-21 12:00,F3,4.6,40.3,23.2,34,46.0
1120,2025-01-21 13:00,F1,5.2,41.4,23.0,30,35.7
1121,2025-01-21 13:00,F2,5.5,41.9,23.4,10,36.8
1122,2025-01-21 13:00,F3,4.4,39.9,23.6,28,40.1
1123,2025-01-21 14:00,F1,5.2,41.4,23.1,28,37.4
1124,2025-01-21 14:00,F2,5.9,42.6,22.1,60,35.7
1125,2025-01-21 14:00,F3,4.9,40.8,23.0,38,40.7
1126,2025-01-21 15:00,F1,5.4,41.7,22.6,30,39.5
1127,2025-01-21 15:00,F2,5.2,41.4,21.6,12,32.4
1128,2025-01-21 15:00,F3,5.2,41.4,23.4,80,43.5
1129,2025-01-21 16:00,F1,5.5,41.9,23.6,64,47.3
1130,2025-01-21 16:00,F2,5.4,41.7,24.2,9,37.6
1131,2025-01-21 16:00,F3,4.4,39.9,22.9,8,35.8
1132,2025-01-21 17:00,F1,5.3,41.5,22.1,57,39.7
1133,2025-01-21 17:00,F2,4.9,40.8,23.4,0,41.6
1134,2025-01-21 17:00,F3,4.9,40.8,23.9,55,40.7
1135,2025-01-21 18:00,F1,4.8,40.6,22.0,16,35.3
1136,2025-01-21 18:00,F2,5.8,42.4,22.1,63,38.3
1137,2025-01-21 18:00,F3,4.6,40.3,22.3,19,35.2
1138,2025-01-21 19:00,F1,4.8,40.6,22.6,0,36.2
1139,2025-01-21 19:00,F2,4.8,40.6,22.2,0,33.0
1140,2025-01-21 19:00,F3,4.4,39.9,22.0,0,32.9
1141,2025-01-21 20:00,F1,4.8,40.6,22.1,0,35.7
1142,2025-01-21 20:00,F2,4.9,40.8,22.3,0,35.5
1143,2025-01-21 20:00,F3,4.2,39.6,21.6,0,32.4
1144,2025-01-21 21:00,F1,4.7,40.5,21.5,9,27.7
1145,2025-01-21 21:00,F2,4.8,40.6,21.3,0,36.9
1146,2025-01-21 21:00,F3,4.3,39.7,21.0,0,30.2
1147,2025-01-21 22:00,F1,4.6,40.3,19.9,4,30.5
1148,2025-01-21 22:00,F2,4.6,40.3,19.8,0,25.5
1149,2025-01-21 22:00,F3,4.1,39.4,19.9,0,29.6
1150,2025-01-21 23:00,F1,4.8,40.6,19.2,0,25.7
1151,2025-01-21 23:00,F2,4.7,40.5,20.0,0,29.1
1152,2025-01-21 23:00,F3,4.2,39.6,19.9,0,26.8
1153,2025-01-22 00:00,F1,4.8,40.6,19.1,0,20.5
1154,2025-01-22 00:00,F2,5.0,41.0,18.2,0,21.5
1155,2025-01-22 00:00,F3,4.4,39.9,19.1,0,28.1
1156,2025-01-22 01:00,F1,4.6,40.3,17.9,0,26.3
1157,2025-01-22 01:00,F2,5.1,41.2,19.6,16,28.4
1158,2025-01-22 01:00,F3,4.4,39.9,18.6,0,23.3
1159,2025-01-22 02:00,F1,4.7,40.5,19.3,0,31.3
1160,2025-01-22 02:00,F2,4.7,40.5,18.5,0,24.4
1161,2025-01-22 02:00,F3,4.1,39.4,18.4,0,27.1
1162,2025-01-22 03:00,F1,4.3,39.7,18.1,0,26.6
1163,2025-01-22 03:00,F2,4.8,40.6,19.2,0,28.4
1164,2025-01-22 03:00,F3,4.6,40.3,19.5,0,24.6
1165,2025-01-22 04:00,F1,4.5,40.1,18.8,0,22.5
1166,2025-01-22 04:00,F2,4.9,40.8,19.2,0,29.5
1167,2025-01-22 04:00,F3,4.5,40.1,19.6,0,28.4
1168,2025-01-22 05:00,F1,4.4,39.9,19.3,0,24.5
1169,2025-01-22 05:00,F2,4.9,40.8,18.6,0,24.3
1170,2025-01-22 05:00,F3,4.5,40.1,19.1,0,27.2
1171,2025-01-22 06:00,F1,4.4,39.9,18.5,0,27.4
1172,2025-01-22 06:00,F2,5.0,41.0,19.3,0,26.2
1173,2025-01-22 06:00,F3,4.0,39.2,18.1,0,23.9
1174,2025-01-22 07:00,F1,4.7,40.5,19.9,0,24.9
1175,2025-01-22 07:00,F2,5.1,41.2,19.0,0,20.6
1176,2025-01-22 07:00,F3,4.3,39.7,21.0,0,33.2
1177,2025-01-22 08:00,F1,4.7,40.5,20.4,16,28.8
1178,2025-01-22 08:00,F2,5.1,41.2,19.9,8,28.0
1179,2025-01-22 08:00,F3,4.5,40.1,19.4,12,29.9
1180,2025-01-22 09:00,F1,4.7,40.5,21.2,10,28.5
1181,2025-01-22 09:00,F2,5.3,41.5,20.9,21,29.4
1182,2025-01-22 09:00,F3,4.5,40.1,20.0,32,33.7
1183,2025-01-22 10:00,F1,5.0,41.0,21.8,0,31.6
1184,2025-01-22 10:00,F2,5.0,41.0,21.7,0,31.3
1185,2025-01-22 10:00,F3,5.0,41.0,22.2,27,38.3
1186,2025-01-22 11:00,F1,5.9,42.6,22.8,84,41.3
1187,2025-01-22 11:00,F2,5.4,41.7,22.4,21,39.7
1188,2025-01-22 11:00,F3,4.5,40.1,21.8,6,36.5
1189,2025-01-22 12:00,F1,4.9,40.8,22.9,10,36.5
1190,2025-01-22 12:00,F2,5.1,41.2,23.3,20,39.3
1191,2025-01-22 12:00,F3,4.6,40.3,22.5,19,38.6
1192,2025-01-22 13:00,F1,5.0,41.0,23.5,39,39.2
1193,2025-01-22 13:00,F2,5.1,41.2,22.8,14,38.5
1194,2025-01-22 13:00,F3,4.8,40.6,23.4,26,46.0
1195,2025-01-22 14:00,F1,5.4,41.7,23.5,40,36.5
1196,2025-01-22 14:00,F2,5.0,41.0,23.1,0,35.4
1197,2025-01-22 14:00,F3,5.0,41.0,23.7,24,40.8
1198,2025-01-22 15:00,F1,5.2,41.4,23.5,24,37.5
1199,2025-01-22 15:00,F2,5.2,41.4,23.6,26,39.0
1200,2025-01-22 15:00,F3,5.4,41.7,23.5,50,39.4
1201,2025-01-22 16:00,F1,5.5,41.9,23.7,60,42.1
1202,2025-01-22 16:00,F2,5.1,41.2,22.6,15,32.3
1203,2025-01-22 16:00,F3,5.2,41.4,23.5,28,34.4
1204,2025-01-22 17:00,F1,4.7,40.5,23.4,13,38.2
1205,2025-01-22 17:00,F2,5.4,41.7,23.5,42,38.3
1206,2025-01-22 17:00,F3,4.7,40.5,23.3,4,42.5
1207,2025-01-22 18:00,F1,4.9,40.8,21.9,36,38.9
1208,2025-01-22 18:00,F2,5.2,41.4,22.6,4,32.5
1209,2025-01-22 18:00,F3,5.0,41.0,23.1,51,37.9
1210,2025-01-22 19:00,F1,4.3,39.7,21.0,0,32.4
1211,2025-01-22 19:00,F2,5.1,41.2,23.2,0,37.1
1212,2025-01-22 19:00,F3,4.5,40.1,22.5,0,37.0
1213,2025-01-22 20:00,F1,4.3,39.7,21.7,0,34.2
1214,2025-01-22 20:00,F2,5.0,41.0,22.0,0,36.3
1215,2025-01-22 20:00,F3,4.5,40.1,21.5,0,35.1
1216,2025-01-22 21:00,F1,4.2,39.6,20.9,0,30.1
1217,2025-01-22 21:00,F2,5.1,41.2,21.1,0,33.1
1218,2025-01-22 21:00,F3,4.7,40.5,21.5,0,34.6
1219,2025-01-22 22:00,F1,4.3,39.7,20.6,0,30.3
1220,2025-01-22 22:00,F2,5.0,41.0,19.3,0,29.9
1221,2025-01-22 22:00,F3,4.4,39.9,21.2,0,24.6
1222,2025-01-22 23:00,F1,4.3,39.7,19.8,4,29.1
1223,2025-01-22 23:00,F2,5.1,41.2,20.2,13,30.0
1224,2025-01-22 23:00,F3,4.2,39.6,19.9,0,29.8
1225,2025-01-23 00:00,F1,4.4,39.9,18.9,0,30.7
1226,2025-01-23 00:00,F2,5.0,41.0,18.9,0,26.8
1227,2025-01-23 00:00,F3,4.3,39.7,18.9,0,29.5
1228,2025-01-23 01:00,F1,4.6,40.3,19.2,0,25.8
1229,2025-01-23 01:00,F2,5.1,41.2,18.6,19,26.9
1230,2025-01-23 01:00,F3,4.5,40.1,19.0,17,27.3
1231,2025-01-23 02:00,F1,4.7,40.5,19.1,0,25.7
1232,2025-01-23 02:00,F2,4.6,40.3,18.3,0,23.3
1233,2025-01-23 02:00,F3,4.0,39.2,18.8,0,25.1
1234,2025-01-23 03:00,F1,4.7,40.5,18.7,19,27.5
1235,2025-01-23 03:00,F2,4.8,40.6,18.6,0,21.1
1236,2025-01-23 03:00,F3,4.1,39.4,17.8,0,19.7
1237,2025-01-23 04:00,F1,4.1,39.4,17.9,0,20.5
1238,2025-01-23 04:00,F2,4.9,40.8,18.8,13,23.3
1239,2025-01-23 04:00,F3,3.9,39.0,18.5,0,26.3
1240,2025-01-23 05:00,F1,4.4,39.9,18.5,11,24.8
1241,2025-01-23 05:00,F2,5.2,41.4,19.5,13,28.6
1242,2025-01-23 05:00,F3,4.0,39.2,19.6,0,26.3
1243,2025-01-23 06:00,F1,4.1,39.4,19.6,0,34.0
1244,2025-01-23 06:00,F2,4.7,40.5,18.7,0,26.2
1245,2025-01-23 06:00,F3,3.9,39.0,19.0,0,27.8
1246,2025-01-23 07:00,F1,4.2,39.6,19.5,0,29.1
1247,2025-01-23 07:00,F2,5.0,41.0,19.4,0,32.7
1248,2025-01-23 07:00,F3,3.9,39.0,19.7,0,22.9
1249,2025-01-23 08:00,F1,5.4,41.7,20.8,119,36.3
1250,2025-01-23 08:00,F2,4.9,40.8,20.3,10,30.9
1251,2025-01-23 08:00,F3,4.4,39.9,21.4,40,30.4
1252,2025-01-23 09:00,F1,4.1,39.4,20.9,18,32.8
1253,2025-01-23 09:00,F2,5.5,41.9,21.5,48,40.9
1254,2025-01-23 09:00,F3,4.2,39.6,20.6,13,31.3
1255,2025-01-23 10:00,F1,4.2,39.6,21.5,27,32.5
1256,2025-01-23 10:00,F2,5.1,41.2,21.9,27,35.8
1257,2025-01-23 10:00,F3,4.5,40.1,21.3,20,32.8
1258,2025-01-23 11:00,F1,4.3,39.7,23.1,14,40.3
1259,2025-01-23 11:00,F2,5.0,41.0,21.8,18,36.4
1260,2025-01-23 11:00,F3,4.6,40.3,22.9,34,33.4
1261,2025-01-23 12:00,F1,4.7,40.5,23.1,42,38.0
1262,2025-01-23 12:00,F2,5.3,41.5,22.1,9,34.3
1263,2025-01-23 12:00,F3,4.4,39.9,22.6,15,40.1
1264,2025-01-23 13:00,F1,4.4,39.9,22.1,8,30.6
1265,2025-01-23 13:00,F2,5.5,41.9,22.6,7,33.7
1266,2025-01-23 13:00,F3,4.2,39.6,23.7,0,37.8
1267,2025-01-23 14:00,F1,4.5,40.1,24.0,4,35.5
1268,2025-01-23 14:00,F2,5.4,41.7,23.1,24,35.9
1269,2025-01-23 14:00,F3,4.5,40.1,23.8,40,38.7
1270,2025-01-23 15:00,F1,5.6,42.1,24.5,63,40.8
1271,2025-01-23 15:00,F2,5.5,41.9,23.6,36,38.2
1272,2025-01-23 15:00,F3,4.7,40.5,23.2,64,29.9
1273,2025-01-23 16:00,F1,4.8,40.6,22.7,7,35.6
1274,2025-01-23 16:00,F2,5.1,41.2,24.0,5,41.6
1275,2025-01-23 16:00,F3,4.1,39.4,24.1,5,36.1
1276,2025-01-23 17:00,F1,5.0,41.0,22.4,40,36.9
1277,2025-01-23 17:00,F2,5.4,41.7,24.0,27,40.5
1278,2025-01-23 17:00,F3,4.4,39.9,22.9,24,36.6
1279,2025-01-23 18:00,F1,4.8,40.6,21.8,12,28.3
1280,2025-01-23 18:00,F2,5.5,41.9,21.8,28,37.4
1281,2025-01-23 18:00,F3,4.0,39.2,21.6,12,37.7
1282,2025-01-23 19:00,F1,4.9,40.8,22.2,0,31.1
1283,2025-01-23 19:00,F2,5.0,41.0,21.8,0,33.9
1284,2025-01-23 19:00,F3,3.9,39.0,21.5,0,31.2
1285,2025-01-23 20:00,F1,4.3,39.7,21.3,0,34.9
1286,2025-01-23 20:00,F2,4.9,40.8,22.2,0,32.2
1287,2025-01-23 20:00,F3,4.2,39.6,22.3,0,36.6
1288,2025-01-23 21:00,F1,4.4,39.9,20.6,0,35.2
1289,2025-01-23 21:00,F2,4.9,40.8,20.2,0,32.7
1290,2025-01-23 21:00,F3,3.9,39.0,20.9,0,31.7
1291,2025-01-23 22:00,F1,4.5,40.1,20.4,0,30.8
1292,2025-01-23 22:00,F2,5.2,41.4,20.4,0,30.1
1293,2025-01-23 22:00,F3,3.9,39.0,20.3,0,28.0
1294,2025-01-23 23:00,F1,4.7,40.5,19.3,0,29.0
1295,2025-01-23 23:00,F2,5.3,41.5,19.4,0,25.1
1296,2025-01-23 23:00,F3,4.4,39.9,20.6,0,26.8
1297,2025-01-24 00:00,F1,4.6,40.3,19.4,8,34.0
1298,2025-01-24 00:00,F2,5.0,41.0,19.2,0,26.6
1299,2025-01-24 00:00,F3,4.8,40.6,19.7,0,26.7
1300,2025-01-24 01:00,F1,4.8,40.6,19.5,18,36.8
1301,2025-01-24 01:00,F2,5.2,41.4,18.9,13,23.6
1302,2025-01-24 01:00,F3,4.4,39.9,18.5,0,24.2
1303,2025-01-24 02:00,F1,4.7,40.5,18.7,0,29.4
1304,2025-01-24 02:00,F2,4.9,40.8,19.0,0,30.7
1305,2025-01-24 02:00,F3,4.5,40.1,18.4,5,18.7
1306,2025-01-24 03:00,F1,4.5,40.1,19.6,0,29.4
1307,2025-01-24 03:00,F2,5.0,41.0,18.8,0,23.8
1308,2025-01-24 03:00,F3,4.4,39.9,17.4,0,21.8
1309,2025-01-24 04:00,F1,4.5,40.1,18.9,0,25.6
1310,2025-01-24 04:00,F2,4.9,40.8,17.8,0,22.6
1311,2025-01-24 04:00,F3,4.3,39.7,18.9,0,25.9
1312,2025-01-24 05:00,F1,4.2,39.6,18.6,0,17.1
1313,2025-01-24 05:00,F2,5.1,41.2,19.7,0,30.3
1314,2025-01-24 05:00,F3,4.2,39.6,19.3,0,24.1
1315,2025-01-24 06:00,F1,4.0,39.2,19.0,14,25.3
1316,2025-01-24 06:00,F2,5.0,41.0,18.6,0,23.1
1317,2025-01-24 06:00,F3,4.2,39.6,19.1,0,19.4
1318,2025-01-24 07:00,F1,4.2,39.6,20.1,0,20.4
1319,2025-01-24 07:00,F2,5.5,41.9,20.2,19,32.2
1320,2025-01-24 07:00,F3,3.5,38.3,20.0,0,31.9
1321,2025-01-24 08:00,F1,4.8,40.6,19.8,48,29.2
1322,2025-01-24 08:00,F2,5.4,41.7,21.2,0,29.3
1323,2025-01-24 08:00,F3,3.9,39.0,19.7,20,23.4
1324,2025-01-24 09:00,F1,4.4,39.9,20.6,16,34.9
1325,2025-01-24 09:00,F2,5.5,41.9,21.1,14,35.5
1326,2025-01-24 09:00,F3,4.3,39.7,19.6,30,30.6
1327,2025-01-24 10:00,F1,4.9,40.8,20.7,16,33.4
1328,2025-01-24 10:00,F2,5.5,41.9,21.1,21,26.7
1329,2025-01-24 10:00,F3,4.5,40.1,22.4,28,35.9
1330,2025-01-24 11:00,F1,5.3,41.5,21.8,42,40.9
1331,2025-01-24 11:00,F2,5.7,42.3,22.1,42,32.0
1332,2025-01-24 11:00,F3,3.9,39.0,22.3,5,37.5
1333,2025-01-24 12:00,F1,5.2,41.4,22.1,36,41.0
1334,2025-01-24 12:00,F2,6.0,42.8,23.2,24,35.2
1335,2025-01-24 12:00,F3,4.8,40.6,22.6,51,33.2
1336,2025-01-24 13:00,F1,4.8,40.6,21.9,0,36.5
1337,2025-01-24 13:00,F2,5.5,41.9,22.9,0,37.4
1338,2025-01-24 13:00,F3,4.1,39.4,23.6,22,43.9
1339,2025-01-24 14:00,F1,5.1,41.2,23.1,10,40.0
1340,2025-01-24 14:00,F2,5.8,42.4,23.3,54,38.5
1341,2025-01-24 14:00,F3,4.5,40.1,23.4,27,39.4
1342,2025-01-24 15:00,F1,5.1,41.2,22.8,8,35.8
1343,2025-01-24 15:00,F2,5.1,41.2,22.7,11,38.9
1344,2025-01-24 15:00,F3,4.2,39.6,23.7,0,35.6
1345,2025-01-24 16:00,F1,5.5,41.9,23.9,24,38.7
1346,2025-01-24 16:00,F2,5.4,41.7,22.0,48,36.6
1347,2025-01-24 16:00,F3,3.9,39.0,23.5,11,38.1
1348,2025-01-24 17:00,F1,5.4,41.7,23.6,8,37.0
1349,2025-01-24 17:00,F2,5.2,41.4,24.0,16,37.8
1350,2025-01-24 17:00,F3,4.1,39.4,22.8,20,40.1
1351,2025-01-24 18:00,F1,5.6,42.1,22.8,40,40.9
1352,2025-01-24 18:00,F2,5.4,41.7,22.5,21,38.3
1353,2025-01-24 18:00,F3,4.7,40.5,23.8,42,37.0
1354,2025-01-24 19:00,F1,5.0,41.0,21.6,0,27.4
1355,2025-01-24 19:00,F2,5.2,41.4,23.9,0,45.3
1356,2025-01-24 19:00,F3,4.5,40.1,22.7,0,34.7
1357,2025-01-24 20:00,F1,4.9,40.8,21.1,0,30.7
1358,2025-01-24 20:00,F2,5.1,41.2,21.6,0,32.7
1359,2025-01-24 20:00,F3,4.6,40.3,22.5,19,40.1
1360,2025-01-24 21:00,F1,4.6,40.3,20.9,0,27.8
1361,2025-01-24 21:00,F2,5.1,41.2,20.7,0,26.9
1362,2025-01-24 21:00,F3,4.1,39.4,20.7,0,24.0
1363,2025-01-24 22:00,F1,4.7,40.5,22.2,0,35.7
1364,2025-01-24 22:00,F2,5.2,41.4,21.3,0,32.0
1365,2025-01-24 22:00,F3,3.9,39.0,20.6,0,31.3
1366,2025-01-24 23:00,F1,4.6,40.3,19.3,0,26.3
1367,2025-01-24 23:00,F2,5.1,41.2,20.7,0,27.8
1368,2025-01-24 23:00,F3,4.1,39.4,20.4,0,29.0
1369,2025-01-25 00:00,F1,4.7,40.5,19.3,6,31.8
1370,2025-01-25 00:00,F2,5.1,41.2,19.5,0,24.2
1371,2025-01-25 00:00,F3,4.4,39.9,20.5,0,34.1
1372,2025-01-25 01:00,F1,4.7,40.5,18.3,6,18.2
1373,2025-01-25 01:00,F2,5.1,41.2,19.7,0,27.0
1374,2025-01-25 01:00,F3,4.4,39.9,17.8,0,23.9
1375,2025-01-25 02:00,F1,4.8,40.6,18.7,17,29.0
1376,2025-01-25 02:00,F2,5.1,41.2,18.3,0,24.6
1377,2025-01-25 02:00,F3,4.1,39.4,19.5,0,27.2
1378,2025-01-25 03:00,F1,4.7,40.5,17.4,0,28.2
1379,2025-01-25 03:00,F2,5.2,41.4,19.5,0,22.7
1380,2025-01-25 03:00,F3,4.3,39.7,18.5,0,27.4
1381,2025-01-25 04:00,F1,4.9,40.8,18.6,0,26.5
1382,2025-01-25 04:00,F2,5.4,41.7,19.5,19,23.8
1383,2025-01-25 04:00,F3,4.1,39.4,18.5,0,24.0
1384,2025-01-25 05:00,F1,4.7,40.5,19.0,0,22.2
1385,2025-01-25 05:00,F2,5.2,41.4,19.3,0,28.0
1386,2025-01-25 05:00,F3,4.0,39.2,19.3,0,23.1
1387,2025-01-25 06:00,F1,4.6,40.3,20.2,0,28.8
1388,2025-01-25 06:00,F2,4.9,40.8,17.7,17,26.4
1389,2025-01-25 06:00,F3,4.3,39.7,19.4,0,26.9
1390,2025-01-25 07:00,F1,4.7,40.5,18.9,0,25.2
1391,2025-01-25 07:00,F2,4.7,40.5,20.8,0,32.2
1392,2025-01-25 07:00,F3,4.3,39.7,19.1,0,25.2
1393,2025-01-25 08:00,F1,4.9,40.8,21.4,14,31.7
1394,2025-01-25 08:00,F2,4.9,40.8,20.1,8,29.2
1395,2025-01-25 08:00,F3,4.6,40.3,20.1,18,27.2
1396,2025-01-25 09:00,F1,4.9,40.8,21.1,36,38.8
1397,2025-01-25 09:00,F2,5.4,41.7,21.1,30,35.9
1398,2025-01-25 09:00,F3,4.9,40.8,20.9,16,34.9
1399,2025-01-25 10:00,F1,4.8,40.6,21.5,28,36.3
1400,2025-01-25 10:00,F2,5.1,41.2,21.8,34,34.1
1401,2025-01-25 10:00,F3,4.7,40.5,22.3,7,36.6
1402,2025-01-25 11:00,F1,4.5,40.1,22.6,10,37.8
1403,2025-01-25 11:00,F2,5.2,41.4,22.6,16,39.9
1404,2025-01-25 11:00,F3,5.6,42.1,22.0,95,38.6
1405,2025-01-25 12:00,F1,5.3,41.5,23.0,68,38.2
1406,2025-01-25 12:00,F2,6.0,42.8,23.3,102,39.3
1407,2025-01-25 12:00,F3,4.6,40.3,22.2,0,34.4
1408,2025-01-25 13:00,F1,4.8,40.6,22.6,36,31.9
1409,2025-01-25 13:00,F2,6.1,43.0,22.9,105,44.3
1410,2025-01-25 13:00,F3,4.5,40.1,22.6,10,30.7
1411,2025-01-25 14:00,F1,5.4,41.7,22.1,40,36.4
1412,2025-01-25 14:00,F2,5.1,41.2,23.3,51,41.1
1413,2025-01-25 14:00,F3,4.3,39.7,23.6,5,35.7
1414,2025-01-25 15:00,F1,5.1,41.2,23.5,24,39.8
1415,2025-01-25 15:00,F2,4.9,40.8,24.3,34,36.4
1416,2025-01-25 15:00,F3,4.9,40.8,23.6,22,37.1
1417,2025-01-25 16:00,F1,5.2,41.4,23.1,0,38.5
1418,2025-01-25 16:00,F2,5.4,41.7,23.1,27,37.0
1419,2025-01-25 16:00,F3,4.9,40.8,23.5,18,36.0
1420,2025-01-25 17:00,F1,5.2,41.4,22.6,60,37.7
1421,2025-01-25 17:00,F2,5.3,41.5,23.6,10,43.3
1422,2025-01-25 17:00,F3,4.8,40.6,22.1,10,31.5
1423,2025-01-25 18:00,F1,5.2,41.4,22.2,40,37.5
1424,2025-01-25 18:00,F2,5.5,41.9,21.3,18,29.0
1425,2025-01-25 18:00,F3,4.9,40.8,21.6,18,36.8
1426,2025-01-25 19:00,F1,4.8,40.6,23.3,0,38.4
1427,2025-01-25 19:00,F2,5.0,41.0,21.7,0,38.2
1428,2025-01-25 19:00,F3,4.4,39.9,23.2,0,39.1
1429,2025-01-25 20:00,F1,4.6,40.3,22.4,0,34.5
1430,2025-01-25 20:00,F2,5.0,41.0,20.9,0,29.0
1431,2025-01-25 20:00,F3,4.2,39.6,22.3,0,29.1
1432,2025-01-25 21:00,F1,4.4,39.9,19.9,0,27.2
1433,2025-01-25 21:00,F2,5.0,41.0,21.5,0,35.8
1434,2025-01-25 21:00,F3,4.4,39.9,20.5,0,29.6
1435,2025-01-25 22:00,F1,4.5,40.1,21.0,0,34.3
1436,2025-01-25 22:00,F2,4.4,39.9,19.4,0,24.0
1437,2025-01-25 22:00,F3,4.2,39.6,20.6,0,25.3
1438,2025-01-25 23:00,F1,4.4,39.9,19.1,0,29.5
1439,2025-01-25 23:00,F2,4.6,40.3,20.3,0,30.2
1440,2025-01-25 23:00,F3,4.1,39.4,19.4,0,23.6
1441,2025-01-26 00:00,F1,4.6,40.3,19.1,0,25.8
1442,2025-01-26 00:00,F2,4.8,40.6,20.4,0,27.8
1443,2025-01-26 00:00,F3,3.7,38.7,19.6,0,26.3
1444,2025-01-26 01:00,F1,4.5,40.1,19.5,13,27.1
1445,2025-01-26 01:00,F2,4.4,39.9,17.9,0,24.9
1446,2025-01-26 01:00,F3,4.0,39.2,18.7,0,30.6
1447,2025-01-26 02:00,F1,4.5,40.1,18.2,0,21.1
1448,2025-01-26 02:00,F2,4.7,40.5,18.9,0,22.9
1449,2025-01-26 02:00,F3,4.0,39.2,17.9,0,20.8
1450,2025-01-26 03:00,F1,4.1,39.4,19.4,0,26.7
1451,2025-01-26 03:00,F2,4.4,39.9,18.8,0,31.1
1452,2025-01-26 03:00,F3,4.2,39.6,19.2,0,26.1
1453,2025-01-26 04:00,F1,4.3,39.7,18.5,0,20.5
1454,2025-01-26 04:00,F2,4.2,39.6,16.8,0,16.5
1455,2025-01-26 04:00,F3,3.9,39.0,18.2,0,23.1
1456,2025-01-26 05:00,F1,4.6,40.3,19.6,15,24.9
1457,2025-01-26 05:00,F2,4.5,40.1,19.2,0,28.3
1458,2025-01-26 05:00,F3,4.4,39.9,18.7,0,23.8
1459,2025-01-26 06:00,F1,4.3,39.7,20.3,0,33.5
1460,2025-01-26 06:00,F2,4.7,40.5,19.4,0,29.8
1461,2025-01-26 06:00,F3,4.3,39.7,19.4,6,29.9
1462,2025-01-26 07:00,F1,4.5,40.1,19.8,0,30.7
1463,2025-01-26 07:00,F2,4.4,39.9,18.7,0,24.0
1464,2025-01-26 07:00,F3,4.4,39.9,18.8,21,29.7
1465,2025-01-26 08:00,F1,5.6,42.1,19.9,68,31.9
1466,2025-01-26 08:00,F2,4.8,40.6,21.6,20,36.5
1467,2025-01-26 08:00,F3,4.4,39.9,20.1,17,29.2
1468,2025-01-26 09:00,F1,4.9,40.8,20.9,4,30.7
1469,2025-01-26 09:00,F2,4.7,40.5,20.5,8,31.1
1470,2025-01-26 09:00,F3,4.8,40.6,19.8,60,31.2
1471,2025-01-26 10:00,F1,4.7,40.5,21.3,0,32.0
1472,2025-01-26 10:00,F2,5.1,41.2,22.2,16,38.0
1473,2025-01-26 10:00,F3,4.3,39.7,21.8,11,33.3
1474,2025-01-26 11:00,F1,5.5,41.9,22.1,56,42.9
1475,2025-01-26 11:00,F2,5.4,41.7,20.5,57,33.1
1476,2025-01-26 11:00,F3,5.2,41.4,22.5,52,39.0
1477,2025-01-26 12:00,F1,5.6,42.1,23.2,68,36.9
1478,2025-01-26 12:00,F2,4.9,40.8,22.2,7,37.1
1479,2025-01-26 12:00,F3,5.4,41.7,22.9,60,42.7
1480,2025-01-26 13:00,F1,5.1,41.2,23.4,10,36.0
1481,2025-01-26 13:00,F2,4.6,40.3,22.3,12,27.7
1482,2025-01-26 13:00,F3,5.2,41.4,24.3,18,43.7
1483,2025-01-26 14:00,F1,5.3,41.5,23.9,30,42.5
1484,2025-01-26 14:00,F2,4.8,40.6,23.3,13,34.5
1485,2025-01-26 14:00,F3,5.1,41.2,23.4,8,29.5
1486,2025-01-26 15:00,F1,5.2,41.4,23.7,15,37.2
1487,2025-01-26 15:00,F2,5.1,41.2,24.9,25,38.4
1488,2025-01-26 15:00,F3,5.3,41.5,23.8,17,41.8
1489,2025-01-26 16:00,F1,5.1,41.2,22.9,36,34.2
1490,2025-01-26 16:00,F2,5.6,42.1,23.5,76,43.4
1491,2025-01-26 16:00,F3,5.0,41.0,23.6,0,38.6
1492,2025-01-26 17:00,F1,4.9,40.8,21.9,40,38.9
1493,2025-01-26 17:00,F2,5.4,41.7,23.5,32,36.5
1494,2025-01-26 17:00,F3,4.8,40.6,22.5,16,35.1
1495,2025-01-26 18:00,F1,4.7,40.5,22.5,32,35.5
1496,2025-01-26 18:00,F2,5.3,41.5,22.4,26,32.5
1497,2025-01-26 18:00,F3,4.9,40.8,22.6,15,31.9
1498,2025-01-26 19:00,F1,4.5,40.1,21.6,5,33.4
1499,2025-01-26 19:00,F2,5.2,41.4,22.7,0,38.6
1500,2025-01-26 19:00,F3,4.4,39.9,21.8,0,31.8
1501,2025-01-26 20:00,F1,4.3,39.7,20.6,0,25.7
1502,2025-01-26 20:00,F2,5.1,41.2,21.2,0,30.2
1503,2025-01-26 20:00,F3,4.7,40.5,21.0,9,35.3
1504,2025-01-26 21:00,F1,4.3,39.7,21.0,0,31.4
1505,2025-01-26 21:00,F2,5.5,41.9,19.9,0,26.5
1506,2025-01-26 21:00,F3,4.5,40.1,20.3,0,29.7
1507,2025-01-26 22:00,F1,4.5,40.1,20.1,0,28.7
1508,2025-01-26 22:00,F2,5.7,42.3,21.0,0,32.6
1509,2025-01-26 22:00,F3,4.6,40.3,20.1,0,24.2
1510,2025-01-26 23:00,F1,4.4,39.9,19.2,0,23.5
1511,2025-01-26 23:00,F2,4.9,40.8,19.2,0,25.7
1512,2025-01-26 23:00,F3,4.8,40.6,20.1,0,28.3
1513,2025-01-27 00:00,F1,4.6,40.3,20.1,0,34.0
1514,2025-01-27 00:00,F2,4.8,40.6,19.1,0,26.6
1515,2025-01-27 00:00,F3,4.5,40.1,19.5,0,28.0
1516,2025-01-27 01:00,F1,4.5,40.1,19.7,0,31.9
1517,2025-01-27 01:00,F2,4.7,40.5,18.4,0,21.5
1518,2025-01-27 01:00,F3,4.6,40.3,18.0,0,20.7
1519,2025-01-27 02:00,F1,4.1,39.4,17.4,0,23.9
1520,2025-01-27 02:00,F2,4.4,39.9,18.3,0,22.1
1521,2025-01-27 02:00,F3,4.5,40.1,20.0,0,26.8
1522,2025-01-27 03:00,F1,4.8,40.6,19.4,0,30.5
1523,2025-01-27 03:00,F2,4.7,40.5,18.8,0,20.9
1524,2025-01-27 03:00,F3,4.4,39.9,19.7,0,25.8
1525,2025-01-27 04:00,F1,4.8,40.6,18.9,0,28.0
1526,2025-01-27 04:00,F2,4.7,40.5,19.6,0,30.7
1527,2025-01-27 04:00,F3,4.4,39.9,18.2,6,23.1
1528,2025-01-27 05:00,F1,5.0,41.0,18.7,0,30.3
1529,2025-01-27 05:00,F2,4.6,40.3,19.1,0,25.9
1530,2025-01-27 05:00,F3,4.0,39.2,18.4,0,26.8
1531,2025-01-27 06:00,F1,4.8,40.6,19.9,0,30.4
1532,2025-01-27 06:00,F2,4.7,40.5,18.5,0,21.4
1533,2025-01-27 06:00,F3,4.1,39.4,19.2,0,28.5
1534,2025-01-27 07:00,F1,4.8,40.6,20.5,0,28.8
1535,2025-01-27 07:00,F2,4.8,40.6,19.6,0,26.0
1536,2025-01-27 07:00,F3,4.5,40.1,20.5,0,30.1
1537,2025-01-27 08:00,F1,4.7,40.5,19.1,0,29.1
1538,2025-01-27 08:00,F2,5.2,41.4,21.5,0,31.9
1539,2025-01-27 08:00,F3,4.5,40.1,20.7,0,25.9
1540,2025-01-27 09:00,F1,5.0,41.0,21.0,22,30.7
1541,2025-01-27 09:00,F2,5.4,41.7,20.5,0,29.4
1542,2025-01-27 09:00,F3,4.7,40.5,20.0,16,31.5
1543,2025-01-27 10:00,F1,5.2,41.4,21.3,84,38.0
1544,2025-01-27 10:00,F2,5.5,41.9,22.3,21,38.9
1545,2025-01-27 10:00,F3,4.6,40.3,20.6,18,30.0
1546,2025-01-27 11:00,F1,4.5,40.1,21.4,12,33.1
1547,2025-01-27 11:00,F2,6.1,43.0,22.1,60,37.7
1548,2025-01-27 11:00,F3,4.0,39.2,21.9,0,33.4
1549,2025-01-27 12:00,F1,5.1,41.2,22.2,56,40.6
1550,2025-01-27 12:00,F2,5.3,41.5,23.1,7,42.2
1551,2025-01-27 12:00,F3,4.6,40.3,23.2,39,40.3
1552,2025-01-27 13:00,F1,4.4,39.9,22.6,27,39.9
1553,2025-01-27 13:00,F2,6.3,43.3,23.7,90,49.8
1554,2025-01-27 13:00,F3,4.1,39.4,23.0,0,35.2
1555,2025-01-27 14:00,F1,4.1,39.4,23.4,11,38.5
1556,2025-01-27 14:00,F2,5.3,41.5,24.0,12,33.7
1557,2025-01-27 14:00,F3,5.1,41.2,22.9,95,38.7
1558,2025-01-27 15:00,F1,5.3,41.5,23.5,104,42.3
1559,2025-01-27 15:00,F2,5.9,42.6,23.5,63,40.8
1560,2025-01-27 15:00,F3,4.2,39.6,23.7,15,45.1
1561,2025-01-27 16:00,F1,4.6,40.3,24.3,12,44.5
1562,2025-01-27 16:00,F2,5.4,41.7,23.8,0,40.5
1563,2025-01-27 16:00,F3,4.2,39.6,23.6,15,39.2
1564,2025-01-27 17:00,F1,4.9,40.8,23.7,33,38.7
1565,2025-01-27 17:00,F2,5.2,41.4,22.9,8,36.3
1566,2025-01-27 17:00,F3,4.2,39.6,22.2,57,35.3
1567,2025-01-27 18:00,F1,4.5,40.1,21.3,7,36.3
1568,2025-01-27 18:00,F2,5.3,41.5,21.7,20,43.1
1569,2025-01-27 18:00,F3,4.5,40.1,22.9,26,34.8
1570,2025-01-27 19:00,F1,4.6,40.3,21.5,0,35.2
1571,2025-01-27 19:00,F2,5.0,41.0,21.2,0,32.6
1572,2025-01-27 19:00,F3,4.4,39.9,22.5,0,33.7
1573,2025-01-27 20:00,F1,4.8,40.6,20.9,5,33.6
1574,2025-01-27 20:00,F2,5.0,41.0,22.3,0,33.4
1575,2025-01-27 20:00,F3,4.5,40.1,22.0,0,37.6
1576,2025-01-27 21:00,F1,4.7,40.5,20.3,0,29.1
1577,2025-01-27 21:00,F2,4.9,40.8,21.2,0,29.4
1578,2025-01-27 21:00,F3,4.5,40.1,20.1,0,32.2
1579,2025-01-27 22:00,F1,4.6,40.3,20.4,0,31.0
1580,2025-01-27 22:00,F2,5.1,41.2,19.9,0,29.9
1581,2025-01-27 22:00,F3,4.5,40.1,20.5,0,32.2
1582,2025-01-27 23:00,F1,4.8,40.6,19.5,4,27.8
1583,2025-01-27 23:00,F2,5.3,41.5,18.9,0,26.5
1584,2025-01-27 23:00,F3,4.8,40.6,19.4,0,26.5
1585,2025-01-28 00:00,F1,4.9,40.8,19.8,0,30.5
1586,2025-01-28 00:00,F2,5.1,41.2,20.0,0,26.3
1587,2025-01-28 00:00,F3,4.7,40.5,19.2,15,28.1
1588,2025-01-28 01:00,F1,4.9,40.8,19.4,0,28.3
1589,2025-01-28 01:00,F2,5.0,41.0,19.2,0,24.6
1590,2025-01-28 01:00,F3,4.0,39.2,19.1,0,21.9
1591,2025-01-28 02:00,F1,5.0,41.0,18.1,0,22.7
1592,2025-01-28 02:00,F2,5.1,41.2,17.7,0,20.1
1593,2025-01-28 02:00,F3,4.0,39.2,19.3,0,26.0
1594,2025-01-28 03:00,F1,4.8,40.6,19.5,0,22.9
1595,2025-01-28 03:00,F2,5.0,41.0,18.2,0,23.1
1596,2025-01-28 03:00,F3,4.3,39.7,18.4,0,25.9
1597,2025-01-28 04:00,F1,4.5,40.1,19.1,0,20.2
1598,2025-01-28 04:00,F2,4.8,40.6,17.9,0,26.2
1599,2025-01-28 04:00,F3,4.2,39.6,17.5,0,19.2
1600,2025-01-28 05:00,F1,4.6,40.3,19.1,0,25.9
1601,2025-01-28 05:00,F2,4.8,40.6,19.0,0,25.1
1602,2025-01-28 05:00,F3,4.2,39.6,19.1,0,25.4
1603,2025-01-28 06:00,F1,4.6,40.3,18.5,0,23.2
1604,2025-01-28 06:00,F2,5.2,41.4,18.5,0,24.6
1605,2025-01-28 06:00,F3,4.3,39.7,19.7,0,22.0
1606,2025-01-28 07:00,F1,4.9,40.8,19.2,0,23.4
1607,2025-01-28 07:00,F2,5.0,41.0,20.4,0,30.0
1608,2025-01-28 07:00,F3,4.4,39.9,19.0,0,30.4
1609,2025-01-28 08:00,F1,5.5,41.9,20.5,50,33.0
1610,2025-01-28 08:00,F2,5.5,41.9,19.9,39,25.8
1611,2025-01-28 08:00,F3,4.7,40.5,20.3,45,31.5
1612,2025-01-28 09:00,F1,5.3,41.5,20.7,57,27.1
1613,2025-01-28 09:00,F2,5.9,42.6,20.5,56,36.8
1614,2025-01-28 09:00,F3,4.3,39.7,19.9,22,25.7
1615,2025-01-28 10:00,F1,5.2,41.4,21.8,36,34.0
1616,2025-01-28 10:00,F2,5.9,42.6,21.3,54,36.8
1617,2025-01-28 10:00,F3,4.6,40.3,21.3,32,33.4
1618,2025-01-28 11:00,F1,4.8,40.6,22.2,24,36.1
1619,2025-01-28 11:00,F2,5.4,41.7,22.4,10,36.6
1620,2025-01-28 11:00,F3,4.2,39.6,21.5,22,29.9
1621,2025-01-28 12:00,F1,5.3,41.5,22.9,42,38.3
1622,2025-01-28 12:00,F2,5.4,41.7,23.6,17,35.7
1623,2025-01-28 12:00,F3,4.6,40.3,23.2,44,37.4
1624,2025-01-28 13:00,F1,4.7,40.5,23.7,7,39.1
1625,2025-01-28 13:00,F2,5.4,41.7,23.4,22,36.8
1626,2025-01-28 13:00,F3,4.4,39.9,22.7,28,39.1
1627,2025-01-28 14:00,F1,4.6,40.3,24.3,0,41.0
1628,2025-01-28 14:00,F2,5.7,42.3,22.3,42,36.1
1629,2025-01-28 14:00,F3,5.0,41.0,23.4,72,35.2
1630,2025-01-28 15:00,F1,4.6,40.3,24.0,7,38.2
1631,2025-01-28 15:00,F2,5.5,41.9,24.6,14,42.4
1632,2025-01-28 15:00,F3,4.7,40.5,23.0,42,40.6
1633,2025-01-28 16:00,F1,4.9,40.8,24.2,17,35.1
1634,2025-01-28 16:00,F2,4.9,40.8,23.2,0,28.4
1635,2025-01-28 16:00,F3,4.5,40.1,23.9,0,37.4
1636,2025-01-28 17:00,F1,5.1,41.2,24.0,17,35.0
1637,2025-01-28 17:00,F2,5.6,42.1,23.3,30,32.3
1638,2025-01-28 17:00,F3,4.4,39.9,23.3,0,38.2
1639,2025-01-28 18:00,F1,5.2,41.4,22.7,45,32.7
1640,2025-01-28 18:00,F2,5.3,41.5,24.2,32,37.5
1641,2025-01-28 18:00,F3,5.2,41.4,22.6,63,39.6
1642,2025-01-28 19:00,F1,4.8,40.6,21.9,20,31.2
1643,2025-01-28 19:00,F2,4.8,40.6,22.6,0,32.9
1644,2025-01-28 19:00,F3,4.3,39.7,21.8,0,35.0
1645,2025-01-28 20:00,F1,5.2,41.4,21.7,0,32.4
1646,2025-01-28 20:00,F2,5.0,41.0,21.4,0,31.1
1647,2025-01-28 20:00,F3,4.6,40.3,21.1,0,33.1
1648,2025-01-28 21:00,F1,5.1,41.2,21.0,0,28.2
1649,2025-01-28 21:00,F2,5.1,41.2,20.5,0,30.5
1650,2025-01-28 21:00,F3,4.7,40.5,20.8,0,27.6
1651,2025-01-28 22:00,F1,4.9,40.8,20.5,5,28.9
1652,2025-01-28 22:00,F2,4.9,40.8,20.2,9,29.8
1653,2025-01-28 22:00,F3,4.6,40.3,20.4,0,31.4
1654,2025-01-28 23:00,F1,4.5,40.1,19.8,0,28.0
1655,2025-01-28 23:00,F2,5.0,41.0,19.4,0,35.4
1656,2025-01-28 23:00,F3,4.2,39.6,20.6,0,31.9
1657,2025-01-29 00:00,F1,4.3,39.7,18.5,0,23.4
1658,2025-01-29 00:00,F2,4.8,40.6,19.2,0,26.2
1659,2025-01-29 00:00,F3,4.4,39.9,19.8,0,31.8
1660,2025-01-29 01:00,F1,4.2,39.6,19.2,0,23.6
1661,2025-01-29 01:00,F2,4.8,40.6,18.9,0,25.2
1662,2025-01-29 01:00,F3,4.0,39.2,19.3,0,30.0
1663,2025-01-29 02:00,F1,4.1,39.4,18.1,0,24.4
1664,2025-01-29 02:00,F2,4.7,40.5,19.1,0,28.4
1665,2025-01-29 02:00,F3,4.1,39.4,19.0,6,28.9
1666,2025-01-29 03:00,F1,4.1,39.4,18.5,0,24.5
1667,2025-01-29 03:00,F2,4.8,40.6,17.8,18,20.9
1668,2025-01-29 03:00,F3,4.6,40.3,18.7,0,18.5
1669,2025-01-29 04:00,F1,4.2,39.6,19.9,0,27.4
1670,2025-01-29 04:00,F2,4.4,39.9,18.7,0,26.2
1671,2025-01-29 04:00,F3,4.7,40.5,18.1,0,25.3
1672,2025-01-29 05:00,F1,4.5,40.1,19.2,0,30.7
1673,2025-01-29 05:00,F2,4.7,40.5,19.1,10,24.4
1674,2025-01-29 05:00,F3,4.5,40.1,18.9,0,29.6
1675,2025-01-29 06:00,F1,4.7,40.5,18.8,0,28.4
1676,2025-01-29 06:00,F2,4.7,40.5,18.4,0,23.7
1677,2025-01-29 06:00,F3,4.4,39.9,18.9,0,27.1
1678,2025-01-29 07:00,F1,4.6,40.3,20.6,0,32.6
1679,2025-01-29 07:00,F2,5.0,41.0,20.9,0,31.2
1680,2025-01-29 07:00,F3,4.1,39.4,19.5,0,25.0
1681,2025-01-29 08:00,F1,5.2,41.4,20.4,32,34.6
1682,2025-01-29 08:00,F2,5.2,41.4,20.0,26,27.4
1683,2025-01-29 08:00,F3,4.0,39.2,20.5,24,33.8
1684,2025-01-29 09:00,F1,4.7,40.5,21.1,7,37.0
1685,2025-01-29 09:00,F2,5.5,41.9,21.2,45,30.5
1686,2025-01-29 09:00,F3,4.4,39.9,20.1,14,30.6
1687,2025-01-29 10:00,F1,4.8,40.6,22.5,21,37.2
1688,2025-01-29 10:00,F2,5.1,41.2,22.2,18,34.4
1689,2025-01-29 10:00,F3,4.7,40.5,21.3,36,32.8
1690,2025-01-29 11:00,F1,5.2,41.4,22.6,63,35.7
1691,2025-01-29 11:00,F2,5.8,42.4,23.1,60,44.0
1692,2025-01-29 11:00,F3,4.8,40.6,22.2,40,33.0
1693,2025-01-29 12:00,F1,5.0,41.0,22.0,39,37.4
1694,2025-01-29 12:00,F2,5.1,41.2,23.0,16,36.0
1695,2025-01-29 12:00,F3,4.8,40.6,22.0,45,31.7
1696,2025-01-29 13:00,F1,4.8,40.6,23.6,10,44.9
1697,2025-01-29 13:00,F2,5.6,42.1,22.0,30,37.3
1698,2025-01-29 13:00,F3,4.6,40.3,22.4,20,38.9
1699,2025-01-29 14:00,F1,4.6,40.3,23.6,6,36.0
1700,2025-01-29 14:00,F2,5.4,41.7,24.3,20,42.3
1701,2025-01-29 14:00,F3,4.4,39.9,22.4,19,36.6
1702,2025-01-29 15:00,F1,5.4,41.7,23.4,75,47.4
1703,2025-01-29 15:00,F2,5.1,41.2,23.4,8,35.4
1704,2025-01-29 15:00,F3,4.3,39.7,24.3,21,35.7
1705,2025-01-29 16:00,F1,5.1,41.2,23.0,38,35.3
1706,2025-01-29 16:00,F2,5.5,41.9,22.8,39,36.6
1707,2025-01-29 16:00,F3,4.5,40.1,23.9,30,40.8
1708,2025-01-29 17:00,F1,4.8,40.6,22.2,40,38.5
1709,2025-01-29 17:00,F2,5.4,41.7,22.2,0,36.3
1710,2025-01-29 17:00,F3,4.7,40.5,23.1,0,39.3
1711,2025-01-29 18:00,F1,4.8,40.6,22.4,13,31.9
1712,2025-01-29 18:00,F2,6.2,43.2,22.4,72,39.1
1713,2025-01-29 18:00,F3,4.8,40.6,22.9,36,31.9
1714,2025-01-29 19:00,F1,4.3,39.7,22.0,0,31.6
1715,2025-01-29 19:00,F2,5.6,42.1,22.7,0,31.9
1716,2025-01-29 19:00,F3,4.3,39.7,22.9,0,40.2
1717,2025-01-29 20:00,F1,4.1,39.4,21.1,0,32.1
1718,2025-01-29 20:00,F2,5.4,41.7,22.6,0,34.1
1719,2025-01-29 20:00,F3,4.2,39.6,20.6,0,25.2
1720,2025-01-29 21:00,F1,4.0,39.2,21.7,0,31.5
1721,2025-01-29 21:00,F2,5.4,41.7,21.9,0,32.4
1722,2025-01-29 21:00,F3,4.3,39.7,21.4,12,37.5
1723,2025-01-29 22:00,F1,4.3,39.7,19.8,0,26.5
1724,2025-01-29 22:00,F2,5.7,42.3,20.9,0,27.2
1725,2025-01-29 22:00,F3,4.2,39.6,20.5,0,30.4
1726,2025-01-29 23:00,F1,4.5,40.1,19.9,0,29.4
1727,2025-01-29 23:00,F2,5.6,42.1,20.5,0,32.2
1728,2025-01-29 23:00,F3,4.0,39.2,19.9,12,26.6
