gene_id,gene_symbol,base_mean,log2_fold_change,lfc_se,p_value,padj
ENSG00000100187,C19orf24,1817.5,-0.202,0.098,0.03792,0.1002
ENSG00000100241,C7orf49,26.5,-0.177,0.371,0.6329,0.8012
ENSG00000100424,C1orf32,178.3,0.192,0.18,0.2852,0.4839
ENSG00000100471,FAM20B,334.7,-0.023,0.147,0.8737,0.9438
ENSG00000100531,C12orf26,21.8,0.314,0.403,0.436,0.6293
ENSG00000100587,SLC34A6,87.8,0.016,0.231,0.9445,0.9773
ENSG00000100739,C1orf14,131.3,0.896,0.2,7.203e-06,4.734e-05
ENSG00000100910,SLC20A12,32.1,-0.018,0.342,0.9592,0.9864
ENSG00000101511,C11orf22,391.6,-0.035,0.141,0.8042,0.9044
ENSG00000101597,FAM167B,145.9,1.917,0.192,2.311e-23,4.758e-22
ENSG00000101613,SLC41A4,74.8,0.483,0.245,0.04876,0.1226
ENSG00000101723,C8orf56,529.2,-0.028,0.13,0.8301,0.9194
ENSG00000101878,ZNF517,348.4,2.137,0.146,1.067e-48,3.556e-47
ENSG00000101902,C17orf44,307.0,-0.28,0.151,0.06411,0.1561
ENSG00000102287,JUN,58.1,-0.033,0.27,0.9015,0.9588
ENSG00000102378,C19orf11,1090.4,-0.339,0.108,0.001784,0.00725
ENSG00000102618,FAM144A,1627.9,0.22,0.1,0.02724,0.07583
ENSG00000102691,C8orf21,162.3,-0.755,0.186,4.793e-05,0.0002621
ENSG00000102780,C10orf51,1967.3,-1.203,0.096,5.655e-36,1.522e-34
ENSG00000102851,SLC15A8,665.9,0.6,0.122,8.653e-07,6.343e-06
ENSG00000103293,C3orf30,8.8,0.233,0.599,0.6974,0.845
ENSG00000103314,WDR76,846.2,-0.091,0.115,0.4277,0.6237
ENSG00000103524,FAM230A,194.3,0.639,0.175,0.000258,0.001254
ENSG00000103586,MRPL21,1134.6,0.689,0.108,1.491e-10,1.535e-09
ENSG00000103601,CCDC97,62.2,0.058,0.263,0.8264,0.9161
ENSG00000104060,CCDC148,7061.8,0.43,0.079,5.459e-08,4.776e-07
ENSG00000104091,RPS11,14.2,0.112,0.485,0.8178,0.9123
ENSG00000104092,ANKRD50,250.3,-0.043,0.161,0.7909,0.8961
ENSG00000104258,SLC14A11,151.9,0.4,0.19,0.03495,0.09374
ENSG00000104265,FAM209B,124.3,0.281,0.204,0.1669,0.3254
ENSG00000104806,FAM219B,313.5,-0.017,0.15,0.9102,0.9632
ENSG00000105004,C22orf36,274.0,0.392,0.157,0.01232,0.03946
ENSG00000105397,ZBTB13,967.5,-0.369,0.111,0.0009432,0.004101
ENSG00000105426,ZNF159,19.8,0.356,0.42,0.3962,0.5944
ENSG00000105481,NDUFA2,51.8,-0.236,0.282,0.4026,0.6007
ENSG00000105485,C15orf51,10.1,-0.26,0.563,0.6448,0.8074
ENSG00000105523,ZNF350,82.5,0.485,0.236,0.03988,0.1039
ENSG00000106222,ZNF483,209.9,-0.011,0.17,0.947,0.9784
ENSG00000106350,SLC44A3,104.5,0.183,0.217,0.3969,0.5944
ENSG00000106387,ZNF277,742.6,-2.187,0.119,8.967e-76,5.978e-74
ENSG00000106421,ZNF526,10.9,0.062,0.545,0.9094,0.963
ENSG00000106817,ZNF173,4101.1,1.969,0.085,8.871e-119,1.552e-116
ENSG00000107041,WDR7,198.4,-0.682,0.174,8.623e-05,0.0004521
ENSG00000107089,TMEM103,197.8,-0.73,0.174,2.674e-05,0.0001573
ENSG00000107172,C22orf17,576.1,0.056,0.127,0.6563,0.8153
ENSG00000107236,FAM184B,39.0,-0.177,0.316,0.5747,0.7573
ENSG00000107268,TMEM51,271.4,0.276,0.157,0.07887,0.1834
ENSG00000107333,SLC35A10,13.5,1.461,0.495,0.003186,0.01225
ENSG00000107456,CCDC10,394.0,0.162,0.141,0.2501,0.4361
ENSG00000107516,SLC9A12,2965.4,-0.215,0.089,0.01633,0.0498
ENSG00000107623,C8orf45,676.2,-0.35,0.122,0.003966,0.01477
ENSG00000107941,C12orf51,209.0,-0.091,0.171,0.5936,0.7713
ENSG00000108181,C14orf58,2336.6,-0.1,0.093,0.2822,0.4812
ENSG00000108423,1-Mar,76.5,0.082,0.243,0.7362,0.8639
ENSG00000108472,FAM61B,18.8,-0.015,0.429,0.9718,0.9916
ENSG00000108504,MRPL9,1672.8,0.003,0.099,0.9719,0.9916
ENSG00000108528,ZNF682,30.0,-0.196,0.352,0.5784,0.7597
ENSG00000108560,ZNF110,355.8,0.05,0.145,0.7287,0.8599
ENSG00000108648,SLC39A9,65.5,-0.446,0.258,0.08382,0.1924
ENSG00000108822,ZNF191,74.7,2.182,0.245,5.467e-19,9.939e-18
ENSG00000108826,CCDC65,1399.7,0.13,0.103,0.207,0.3803
ENSG00000108907,C6orf45,922.7,0.093,0.113,0.41,0.6083
ENSG00000109031,C18orf22,68.6,0.484,0.253,0.05603,0.1391
ENSG00000109195,TMEM56,1511.6,0.071,0.101,0.4825,0.6708
ENSG00000109248,5-Sep,68.2,-0.017,0.254,0.9455,0.9776
ENSG00000109321,RPS13,437.6,-0.579,0.136,2.236e-05,0.0001344
ENSG00000109452,SLC19A1,20.8,-0.543,0.411,0.1864,0.3527
ENSG00000109510,FAM72B,1914.0,-0.121,0.097,0.2118,0.3855
ENSG00000109694,SLC23A9,332.9,0.41,0.148,0.005446,0.01975
ENSG00000109762,SLC16A5,78.9,-0.357,0.24,0.1375,0.2803
ENSG00000109907,FAM146B,44.4,0.692,0.3,0.02109,0.06189
ENSG00000110190,SLC19A8,753.0,0.1,0.118,0.3974,0.5944
ENSG00000110373,LRRC37,1451.9,0.0,0.102,0.999,0.9993
ENSG00000110529,C19orf20,1173.8,0.323,0.107,0.00249,0.009792
ENSG00000110548,PPP1R17,220.7,0.449,0.168,0.00737,0.02554
ENSG00000110672,SLC6A8,160.3,0.033,0.186,0.8615,0.9386
ENSG00000110695,FAM126A,63.7,0.195,0.26,0.4545,0.6486
ENSG00000110717,SLC9A4,16.6,0.295,0.453,0.5147,0.703
ENSG00000110745,TMEM69,680.8,0.506,0.121,3.026e-05,0.0001765
ENSG00000110849,C17orf27,1853.4,1.923,0.097,3.398e-87,2.643e-85
ENSG00000110879,TMEM24,48.9,-0.118,0.289,0.6834,0.8367
ENSG00000110933,KRT68,9521.5,-1.698,0.076,1.699e-109,2.163e-107
ENSG00000111017,TMEM181,50.9,-0.096,0.284,0.7346,0.8635
ENSG00000111020,ZNF126,96.0,-0.264,0.223,0.2362,0.4173
ENSG00000111291,C17orf56,3308.2,-0.598,0.088,9.692e-12,1.094e-10
ENSG00000111292,WDR57,102.1,0.282,0.218,0.1967,0.3661
ENSG00000111307,C18orf34,263.3,-2.097,0.159,6.5e-40,1.896e-38
ENSG00000111340,ZNF436,17.9,-0.118,0.438,0.7876,0.8956
ENSG00000111558,C14orf41,35.3,-0.287,0.329,0.3839,0.5878
ENSG00000111597,FAM90A,135.7,-0.405,0.197,0.03992,0.1039
ENSG00000111684,C14orf57,1842.8,-0.252,0.097,0.009534,0.03133
ENSG00000111771,ZNF713,24.3,-0.522,0.385,0.1744,0.3365
ENSG00000111975,ZNF230,152.0,-0.295,0.19,0.1197,0.2531
ENSG00000112121,FAM216B,2456.2,0.441,0.092,1.774e-06,1.261e-05
ENSG00000112163,FAM157B,1924.0,0.205,0.096,0.03395,0.09138
ENSG00000112238,ZNF237,87.4,0.725,0.231,0.001717,0.007028
ENSG00000112493,ZNF845,438.6,-0.11,0.136,0.4197,0.6148
ENSG00000112683,CCDC12,167.8,0.549,0.184,0.002797,0.01085
ENSG00000112916,TMEM206,273.5,-0.31,0.157,0.04787,0.121
ENSG00000112983,SLC35A2,53.1,-0.152,0.28,0.5857,0.7664
ENSG00000113229,RPL12,785.6,0.838,0.117,8.005e-13,9.579e-12
ENSG00000113380,C19orf50,324.3,-0.218,0.149,0.1431,0.2878
ENSG00000113424,C3orf56,11023.0,-0.223,0.075,0.003094,0.01193
ENSG00000113734,ZNF702,916.0,0.49,0.113,1.415e-05,8.687e-05
ENSG00000113769,C5orf22,454.1,-0.766,0.135,1.397e-08,1.279e-07
ENSG00000113794,C17orf58,3836.7,0.071,0.086,0.4108,0.6083
ENSG00000113948,CCDC77,15.7,0.443,0.464,0.3395,0.5419
ENSG00000114169,C4orf11,202.2,-0.035,0.173,0.8378,0.9223
ENSG00000114297,SLC13A3,60.9,-0.26,0.265,0.326,0.5283
ENSG00000114414,ZNF621,14.0,0.267,0.488,0.5845,0.7655
ENSG00000114422,C11orf38,52.9,-0.453,0.28,0.1056,0.2293
ENSG00000114524,C17orf17,820.4,0.957,0.116,1.433e-16,2.28e-15
ENSG00000114545,TMEM77,188.6,0.583,0.177,0.0009492,0.004114
ENSG00000114647,FAM204B,163.3,-0.283,0.185,0.126,0.2628
ENSG00000114699,MRPL24,65.9,0.075,0.257,0.7695,0.8852
ENSG00000114753,RPL5,52.3,-0.108,0.281,0.7005,0.8456
ENSG00000114905,FAM211B,437.5,-0.556,0.136,4.573e-05,0.000252
ENSG00000114985,ZNF751,41.5,0.19,0.308,0.5385,0.7249
ENSG00000115029,ZNF143,37.5,-0.255,0.321,0.4271,0.6235
ENSG00000115030,LRRC26,185.6,-0.082,0.177,0.643,0.8074
ENSG00000115125,PPP1R6,95.1,-0.213,0.224,0.3408,0.5434
ENSG00000115373,ZNF725,2337.0,-0.258,0.093,0.005572,0.02
ENSG00000115463,ZNF384,152.8,0.007,0.189,0.9692,0.9916
ENSG00000115585,C20orf39,118.4,0.231,0.207,0.2656,0.4567
ENSG00000115764,C13orf16,23.2,-1.97,0.392,5.062e-07,3.873e-06
ENSG00000115852,ZNF611,58.2,0.073,0.27,0.787,0.8956
ENSG00000115875,ZNF768,1070.7,-1.81,0.109,4.704e-62,2.352e-60
ENSG00000116006,SLC11A3,1377.1,0.067,0.103,0.5178,0.7066
ENSG00000116057,ANKRD59,9590.4,-1.724,0.076,5.822e-113,8.151e-111
ENSG00000116089,ZNF141,14.5,0.03,0.48,0.9506,0.9801
ENSG00000116197,C2orf33,64.5,-1.357,0.259,1.636e-07,1.324e-06
ENSG00000116432,AKT1,1211.4,0.325,0.106,0.002183,0.008684
ENSG00000116562,C12orf41,15.3,-0.17,0.469,0.717,0.855
ENSG00000116577,FAM204A,127.3,-2.061,0.202,1.761e-24,3.913e-23
ENSG00000116645,PPP1R25,1849.1,-0.121,0.097,0.2122,0.3859
ENSG00000116912,CCDC90,15.5,-0.307,0.466,0.5108,0.6983
ENSG00000117231,LRRC69,157.1,-0.89,0.188,2.12e-06,1.492e-05
ENSG00000117294,ZNF206,1285.4,-0.425,0.105,4.839e-05,0.0002636
ENSG00000117342,C14orf48,149.6,0.046,0.191,0.8095,0.9066
ENSG00000117351,ZNF637,66.3,0.296,0.257,0.2488,0.4343
ENSG00000117360,KLHL24,477.7,-0.661,0.133,6.996e-07,5.237e-06
ENSG00000117544,FAM195B,3.8,-0.115,0.881,0.8965,0.9566
ENSG00000117600,C12orf35,4849.3,0.388,0.083,2.928e-06,2.029e-05
ENSG00000117801,KRT9,2542.7,0.218,0.092,0.01725,0.05217
ENSG00000117925,ZNF137,693.9,0.617,0.121,3.2e-07,2.489e-06
ENSG00000118061,ANKRD9,695.8,0.143,0.121,0.2358,0.4173
ENSG00000118197,SLC43A12,159.7,0.015,0.187,0.9342,0.9746
ENSG00000118214,DNAJC27,2.8,0.339,1.016,0.739,0.8645
ENSG00000118464,TRIM68,340.3,-0.239,0.147,0.1033,0.2263
ENSG00000118482,ZBTB42,219.3,1.352,0.168,8.621e-16,1.257e-14
ENSG00000118636,ZNF100,796.0,0.355,0.117,0.002368,0.009339
ENSG00000118902,LRRC32,297.2,-0.011,0.153,0.9434,0.9769
ENSG00000118904,CD44,16003.9,-0.039,0.073,0.5884,0.7684
ENSG00000119138,ZNF684,1038.4,0.383,0.11,0.0004712,0.002163
ENSG00000119335,ZNF185,260.5,0.722,0.159,5.668e-06,3.743e-05
ENSG00000119472,C15orf55,3649.5,0.506,0.086,4.78e-09,4.616e-08
ENSG00000119551,TMEM23,288.6,0.007,0.154,0.9644,0.9891
ENSG00000119575,TMEM195,49.2,0.039,0.288,0.8924,0.9566
ENSG00000119601,SLC9A2,256.7,-2.012,0.16,2.57e-36,7.054e-35
ENSG00000120415,SLC22A5,90.3,-0.56,0.228,0.0142,0.04458
ENSG00000120434,ANKRD41,155.0,-0.122,0.189,0.5189,0.7072
ENSG00000120533,ZNF777,28.3,0.208,0.361,0.5643,0.7468
ENSG00000120797,CCDC57,3671.2,-0.234,0.086,0.006879,0.02402
ENSG00000120911,ANKRD14,2659.4,0.352,0.091,0.0001084,0.0005598
ENSG00000120997,ZNF544,219.0,-0.574,0.168,0.0006375,0.002888
ENSG00000121070,FAM65B,49.9,-0.339,0.287,0.2368,0.4173
ENSG00000121087,KLHL18,2521.9,0.21,0.092,0.02227,0.0643
ENSG00000121584,ZNF536,784.3,0.393,0.117,0.0007835,0.003471
ENSG00000121712,FAM206B,849.6,-0.053,0.115,0.6415,0.8069
ENSG00000121725,TRIM2,5371.5,-0.024,0.082,0.7669,0.8852
ENSG00000121729,ZBTB16,2541.8,-0.126,0.092,0.1701,0.3294
ENSG00000121887,FAM110B,1176.0,0.393,0.107,0.000227,0.001111
ENSG00000121909,C6orf56,427.6,0.169,0.137,0.2194,0.3957
ENSG00000122115,RPL39,214.5,-0.313,0.169,0.06432,0.1563
ENSG00000122241,FAM82B,759.9,0.431,0.118,0.0002605,0.001257
ENSG00000122369,C20orf20,254.6,0.401,0.16,0.01225,0.03934
ENSG00000122489,ZNF311,3352.3,0.155,0.088,0.07778,0.1821
ENSG00000122500,SLC40A10,1533.6,-0.321,0.101,0.001467,0.006058
ENSG00000122526,SLC40A3,319.2,-0.411,0.15,0.006008,0.02124
ENSG00000122746,KRT21,51.6,0.165,0.283,0.5604,0.7443
ENSG00000122820,FAM59A,2339.0,-0.247,0.093,0.007979,0.02705
ENSG00000122904,TMEM64,814.6,0.621,0.116,8.848e-08,7.507e-07
ENSG00000122988,MRPL55,1672.0,-0.239,0.099,0.0157,0.04852
ENSG00000123026,LRRC61,161.2,0.031,0.186,0.8691,0.9411
ENSG00000123098,SLC27A3,52.9,-0.638,0.28,0.02278,0.06523
ENSG00000123207,ANKRD39,89.7,-1.755,0.229,1.769e-14,2.428e-13
ENSG00000123248,ZNF652,4997.0,-0.177,0.083,0.03222,0.08777
ENSG00000123260,ZNF174,79.3,0.443,0.24,0.06474,0.1565
ENSG00000123272,SLC44A9,74.8,-0.079,0.245,0.7472,0.8712
ENSG00000123597,CCDC58,342.0,-0.41,0.147,0.005113,0.01869
ENSG00000123978,TMEM12,512.8,0.289,0.131,0.02703,0.07539
ENSG00000124164,FAM41A,666.0,1.067,0.122,2.16e-18,3.827e-17
ENSG00000124248,C22orf18,109.4,0.221,0.213,0.2993,0.5
ENSG00000124277,FAM103A,49.4,0.113,0.288,0.6949,0.8431
ENSG00000124464,KLHL3,94.3,0.181,0.225,0.4195,0.6148
ENSG00000124521,C4orf49,258.5,-0.166,0.16,0.298,0.4991
ENSG00000124527,CCDC35,247.3,0.13,0.162,0.4204,0.615
ENSG00000124611,C15orf19,294.4,2.429,0.153,1.396e-56,6.106e-55
ENSG00000124876,SLC42A5,1002.8,-0.119,0.111,0.2818,0.4812
ENSG00000124986,TMEM106,177.9,-0.232,0.18,0.1979,0.3673
ENSG00000125218,ANKRD29,1700.2,0.441,0.099,8.129e-06,5.269e-05
ENSG00000125267,SLC41A2,126.0,-0.351,0.203,0.08272,0.1905
ENSG00000125309,SLC38A9,42.4,2.516,0.306,1.853e-16,2.883e-15
ENSG00000125661,C19orf14,11.1,0.165,0.54,0.7599,0.8813
ENSG00000125750,ZNF491,284.3,-2.565,0.155,1.361e-61,6.569e-60
ENSG00000125778,C10orf14,1129.3,-0.1,0.108,0.3539,0.5548
ENSG00000125858,C19orf36,78.8,0.188,0.24,0.4347,0.6281
ENSG00000125859,DNAJC24,314.9,-0.232,0.15,0.123,0.2579
ENSG00000125965,C5orf31,226.1,0.294,0.166,0.07697,0.1811
ENSG00000126017,SLC22A6,445.9,-0.06,0.136,0.6583,0.8166
ENSG00000126240,TRIM51,68.1,-0.042,0.254,0.8675,0.941
ENSG00000126505,LRRC4,974.8,-0.803,0.111,5.217e-13,6.407e-12
ENSG00000127060,ZNF700,7986.9,-0.329,0.078,2.342e-05,0.0001393
ENSG00000127251,C17orf49,3042.3,0.103,0.089,0.2465,0.4308
ENSG00000127277,C8orf14,382.7,0.229,0.142,0.1064,0.2301
ENSG00000127287,FAM62A,35.9,-0.383,0.327,0.241,0.4228
ENSG00000127562,SLC7A10,7270.8,0.104,0.079,0.1848,0.351
ENSG00000127735,SLC25A4,933.9,-0.656,0.112,5.374e-09,5.083e-08
ENSG00000127819,ZNF245,79.4,-0.032,0.24,0.8947,0.9566
ENSG00000128205,TMEM177,476.9,-1.198,0.133,2.489e-19,4.585e-18
ENSG00000128634,ZNF813,317.9,-0.254,0.15,0.09024,0.2038
ENSG00000129300,C13orf19,7.0,0.343,0.665,0.6057,0.7786
ENSG00000129338,C10orf59,442.2,-0.434,0.136,0.001423,0.005916
ENSG00000129453,ZNF235,46.4,-0.25,0.295,0.3968,0.5944
ENSG00000129844,SLC18A1,326.5,-0.168,0.149,0.2585,0.4469
ENSG00000130044,TMEM124,978.8,0.307,0.111,0.00579,0.02063
ENSG00000130154,C20orf13,583.6,-0.25,0.126,0.0474,0.1204
ENSG00000130176,LRRC12,63.7,-0.214,0.26,0.4102,0.6083
ENSG00000130257,TMEM127,48.7,0.289,0.289,0.318,0.5186
ENSG00000130524,WDR74,143.7,2.102,0.193,1.685e-27,4.137e-26
ENSG00000130949,C14orf27,3313.5,-0.352,0.088,6.024e-05,0.0003256
ENSG00000131236,ZNF606,3.0,-0.073,0.984,0.9406,0.9758
ENSG00000131291,DNAJC4,1237.6,-0.43,0.105,4.533e-05,0.0002508
ENSG00000131400,FAM134A,702.3,-0.188,0.12,0.1185,0.2511
ENSG00000131412,SLC38A11,39.0,0.167,0.316,0.5966,0.7726
ENSG00000131444,C19orf31,11.4,-0.705,0.534,0.1864,0.3527
ENSG00000131463,WDR60,85.6,0.018,0.233,0.9367,0.9746
ENSG00000131494,KRT62,494.1,-1.533,0.132,3.438e-31,8.752e-30
ENSG00000132042,ANKRD48,5702.0,0.119,0.081,0.1434,0.288
ENSG00000132057,ZNF313,479.7,-3.221,0.133,1.68e-129,3.36e-127
ENSG00000132063,ANKRD36,270.0,0.124,0.157,0.4306,0.6246
ENSG00000132249,ZNF117,856.3,-0.104,0.115,0.3643,0.5666
ENSG00000132340,TRIM48,6.4,-0.954,0.692,0.1681,0.3269
ENSG00000132728,C1orf24,253.2,-0.585,0.161,0.0002719,0.001303
ENSG00000132839,TMEM223,4499.3,-0.871,0.084,2.763e-25,6.24e-24
ENSG00000133009,ZNF701,9.8,-2.929,0.571,2.91e-07,2.276e-06
ENSG00000133195,TMEM163,697.6,0.517,0.121,1.776e-05,0.0001081
ENSG00000133379,SLC8A5,3663.7,-0.62,0.086,7.647e-13,9.229e-12
ENSG00000133888,LRRC5,574.3,-0.063,0.127,0.6214,0.7938
ENSG00000133949,ZNF800,229.9,0.09,0.166,0.5874,0.7678
ENSG00000134146,TMEM259,396.0,0.908,0.14,1.02e-10,1.074e-09
ENSG00000134187,C15orf45,292.8,0.148,0.154,0.3354,0.5391
ENSG00000134255,FAM103B,518.7,-0.168,0.13,0.1969,0.3661
ENSG00000134387,C7orf31,9.2,-0.168,0.588,0.7755,0.8895
ENSG00000134391,ZNF776,253.0,0.93,0.161,7.045e-09,6.62e-08
ENSG00000134529,KRT57,18.1,0.797,0.436,0.06761,0.1626
ENSG00000134572,ZNF758,65.5,-0.01,0.258,0.9697,0.9916
ENSG00000134621,CCDC134,164.9,-1.499,0.185,4.646e-16,7.07e-15
ENSG00000134857,TMEM172,854.9,-0.225,0.115,0.05018,0.1257
ENSG00000134864,ZNF487,7042.4,-0.362,0.079,4.793e-06,3.226e-05
ENSG00000134942,ZNF661,124.3,0.404,0.204,0.04727,0.1203
ENSG00000135061,PPP1R13,418.7,1.445,0.138,1.337e-25,3.067e-24
ENSG00000135103,SLC15A1,1809.1,0.205,0.098,0.03589,0.0959
ENSG00000135157,FAM177B,7.2,0.468,0.656,0.4757,0.6649
ENSG00000135845,TMEM254,8799.1,-0.273,0.077,0.0003949,0.00183
ENSG00000135893,TMEM253,367.5,-0.499,0.143,0.0005112,0.002331
ENSG00000136273,FAM217A,168.4,2.724,0.183,5.777e-50,2.022e-48
ENSG00000136791,SLC45A4,683.5,-0.382,0.121,0.00164,0.006732
ENSG00000136866,ZBTB2,71.2,0.394,0.25,0.1147,0.2452
ENSG00000137080,C2orf12,179.9,-0.255,0.179,0.155,0.3052
ENSG00000137287,WDR50,105.1,0.044,0.216,0.8386,0.9223
ENSG00000137316,SLC30A2,149.0,0.325,0.191,0.089,0.202
ENSG00000137432,TRIM70,7.8,-0.462,0.633,0.4652,0.6585
ENSG00000137673,ANKRD44,783.9,-0.192,0.117,0.1013,0.2234
ENSG00000137686,KLHL19,45.0,-0.448,0.299,0.1331,0.2737
ENSG00000137788,RPL9,99.7,0.223,0.22,0.3122,0.513
ENSG00000137899,ZNF562,590.8,-0.073,0.126,0.5615,0.7451
ENSG00000137913,SLC11A4,102.8,0.356,0.218,0.1025,0.2253
ENSG00000138053,FAM221B,39.2,-0.005,0.316,0.9865,0.9965
ENSG00000138441,TMEM204,23.7,1.735,0.389,8.041e-06,5.236e-05
ENSG00000138459,C11orf14,1149.5,-0.062,0.107,0.5639,0.7468
ENSG00000138684,C16orf25,10623.4,-0.233,0.076,0.002051,0.008183
ENSG00000138718,CCDC53,195.8,0.671,0.174,0.0001182,0.000606
ENSG00000138881,ZNF398,6.9,-0.866,0.669,0.1958,0.3654
ENSG00000138941,ZNF327,13.2,-0.04,0.5,0.9363,0.9746
ENSG00000139035,ZNF683,60.7,0.093,0.265,0.727,0.8599
ENSG00000139178,C4orf25,696.2,0.217,0.121,0.07158,0.1704
ENSG00000139342,ZNF114,1155.9,-0.391,0.107,0.0002594,0.001256
ENSG00000139365,FAM43B,40.4,2.113,0.312,1.223e-11,1.37e-10
ENSG00000139370,ANKRD40,91.2,-0.205,0.228,0.3677,0.5695
ENSG00000139385,ZNF239,374.3,-0.262,0.143,0.06672,0.1608
ENSG00000139421,C5orf16,418.9,0.118,0.138,0.3913,0.5928
ENSG00000139768,C19orf32,273.8,0.021,0.157,0.8959,0.9566
ENSG00000139998,C11orf26,4759.3,0.235,0.083,0.004801,0.01771
ENSG00000140017,MRPL37,143.8,0.167,0.193,0.3886,0.5908
ENSG00000140144,ZNF540,26.8,-0.145,0.369,0.6946,0.8431
ENSG00000140176,C20orf58,463.9,-0.142,0.134,0.2911,0.4915
ENSG00000140450,C16orf48,141.9,1.305,0.194,1.898e-11,2.092e-10
ENSG00000140536,TMEM227,331.5,0.764,0.148,2.418e-07,1.923e-06
ENSG00000140537,CCDC116,103.1,0.219,0.218,0.3142,0.5144
ENSG00000140625,C10orf11,19.9,-0.123,0.419,0.7689,0.8852
ENSG00000140634,11-Sep,340.1,-0.286,0.147,0.05129,0.1282
ENSG00000140743,ZNF256,3782.9,0.039,0.086,0.6482,0.8097
ENSG00000140999,C21orf16,40.4,-0.311,0.312,0.3186,0.5186
ENSG00000141076,C19orf44,260.4,0.414,0.159,0.009229,0.03047
ENSG00000141143,SLC2A6,48.3,-0.204,0.29,0.4818,0.6708
ENSG00000141212,CCDC158,393.1,0.65,0.141,3.845e-06,2.626e-05
ENSG00000141394,C20orf28,1431.9,0.298,0.102,0.0036,0.01366
ENSG00000141447,C7orf48,71.7,-0.113,0.249,0.65,0.8097
ENSG00000141644,TRIM39,121.6,0.061,0.205,0.7646,0.8847
ENSG00000141972,ZNF301,884.5,0.618,0.114,5.747e-08,4.997e-07
ENSG00000142368,TMEM153,438.4,0.336,0.136,0.01365,0.04324
ENSG00000142379,FAM196A,28.5,1.775,0.36,8.072e-07,5.979e-06
ENSG00000142448,FAM110A,938.0,0.29,0.112,0.009761,0.032
ENSG00000142634,ZNF201,135.2,-0.338,0.198,0.08747,0.1988
ENSG00000142808,SLC38A12,79.9,-0.001,0.239,0.9953,0.9986
ENSG00000143023,C10orf42,80.1,-0.085,0.239,0.7209,0.8568
ENSG00000143099,C4orf50,311.6,-0.311,0.151,0.03881,0.1021
ENSG00000143113,C10orf38,378.7,-2.051,0.142,3.964e-47,1.261e-45
ENSG00000143266,SLC1A4,220.9,0.546,0.168,0.001126,0.004776
ENSG00000143514,C2orf42,1500.8,0.449,0.101,9.15e-06,5.876e-05
ENSG00000143538,CCDC185,579.3,-0.294,0.126,0.01995,0.05904
ENSG00000143586,ZNF306,249.8,-0.153,0.161,0.3417,0.5442
ENSG00000144038,ZNF591,684.2,-0.112,0.121,0.3544,0.555
ENSG00000144044,FAM137A,147.8,-0.117,0.192,0.5398,0.7253
ENSG00000144120,FAM226B,1294.3,-0.372,0.104,0.0003655,0.001723
ENSG00000144250,KRT16,1624.9,0.076,0.1,0.4449,0.6388
ENSG00000144336,ZNF316,739.9,0.08,0.119,0.4991,0.6885
ENSG00000144399,TRIM19,3493.1,0.141,0.087,0.1056,0.2293
ENSG00000144636,PPP1R30,442.3,0.292,0.136,0.03213,0.08769
ENSG00000144690,FAM222A,720.6,0.385,0.12,0.00127,0.005357
ENSG00000144946,SLC3A11,614.5,-0.001,0.125,0.9943,0.9986
ENSG00000144950,KRT71,946.0,0.983,0.112,1.76e-18,3.16e-17
ENSG00000145256,C17orf30,405.7,-0.149,0.139,0.2862,0.4851
ENSG00000145478,TMEM84,397.2,-0.223,0.14,0.1121,0.2401
ENSG00000145499,SLC26A10,120.1,0.362,0.206,0.07907,0.1836
ENSG00000145590,FAM228A,769.1,-2.442,0.118,1.329e-95,1.241e-93
ENSG00000145682,RPL23,141.5,-0.314,0.195,0.1063,0.2301
ENSG00000145697,SLC16A1,73.8,-1.439,0.246,5.15e-09,4.905e-08
ENSG00000145817,KLHL36,63.2,1.961,0.261,6.049e-14,7.914e-13
ENSG00000145972,C20orf53,747.9,-0.32,0.119,0.00686,0.02402
ENSG00000146030,C13orf50,24.2,-0.36,0.385,0.3504,0.5512
ENSG00000146113,C16orf34,481.2,-0.716,0.133,7.184e-08,6.209e-07
ENSG00000146129,ZNF354,150.1,0.565,0.191,0.003055,0.01182
ENSG00000146131,CCDC156,170.1,0.775,0.183,2.199e-05,0.0001327
ENSG00000146456,TMEM192,19.4,0.087,0.423,0.8368,0.9223
ENSG00000146739,ZNF219,189.3,-0.231,0.176,0.19,0.3581
ENSG00000147141,C6orf23,11256.6,0.308,0.075,4.19e-05,0.0002346
ENSG00000147181,ZNF109,963.2,-0.051,0.112,0.6489,0.8097
ENSG00000147239,ZNF242,1200.0,0.219,0.106,0.03903,0.1023
ENSG00000147344,KRT80,233.6,0.375,0.165,0.02277,0.06523
ENSG00000147432,FAM194A,117.5,0.343,0.208,0.09828,0.2177
ENSG00000147460,SLC41A11,3163.6,-0.61,0.088,5.185e-12,5.901e-11
ENSG00000147538,CCDC103,2075.7,0.295,0.095,0.00196,0.00784
ENSG00000147652,DNAJC5,102.8,0.325,0.218,0.1356,0.2771
ENSG00000147729,FAM40B,1300.9,0.282,0.104,0.006862,0.02402
ENSG00000147762,TRIM59,62.9,1.202,0.262,4.383e-06,2.979e-05
ENSG00000147804,FAM107A,106.4,0.537,0.215,0.01259,0.04025
ENSG00000147917,C13orf40,362.6,0.097,0.144,0.4991,0.6885
ENSG00000147969,CCDC153,74.7,-0.113,0.245,0.6447,0.8074
ENSG00000148028,TMEM236,202.4,-0.456,0.172,0.008233,0.02771
ENSG00000148116,SLC7A5,53.6,-0.156,0.279,0.5755,0.7573
ENSG00000148216,ZNF442,1642.6,0.252,0.099,0.01146,0.03688
ENSG00000148248,ZNF656,33.8,-0.124,0.335,0.7111,0.8503
ENSG00000148494,CCDC111,6811.5,-0.464,0.079,5.077e-09,4.868e-08
ENSG00000148674,C3orf55,631.1,0.697,0.124,1.747e-08,1.578e-07
ENSG00000148744,SLC34A1,450.2,0.055,0.135,0.6861,0.8367
ENSG00000148948,C10orf34,5923.8,-0.617,0.081,2.216e-14,2.927e-13
ENSG00000149196,C21orf38,230.0,-1.593,0.166,6.107e-22,1.204e-20
ENSG00000149591,ZNF748,64.9,0.404,0.259,0.1183,0.2511
ENSG00000149636,C21orf24,346.0,1.035,0.146,1.35e-12,1.588e-11
ENSG00000149719,MRPL28,595.2,1.562,0.126,1.629e-35,4.302e-34
ENSG00000149766,C12orf39,49.8,0.033,0.287,0.9081,0.9624
ENSG00000149893,FAM20A,198.1,0.458,0.174,0.008391,0.0281
ENSG00000149935,TRIM47,5909.2,-0.484,0.081,2.05e-09,2.007e-08
ENSG00000150026,SLC24A1,61.7,-0.004,0.264,0.9865,0.9965
ENSG00000150061,SLC11A12,960.5,-0.023,0.112,0.8376,0.9223
ENSG00000150173,SLC10A3,311.3,0.161,0.151,0.2846,0.4836
ENSG00000150652,MYC,93.3,-0.111,0.226,0.6242,0.7951
ENSG00000150732,C5orf15,4856.8,-0.379,0.083,4.844e-06,3.238e-05
ENSG00000150740,FAM51A,2873.7,0.057,0.09,0.5227,0.7095
ENSG00000150921,FAM25A,222.4,0.548,0.167,0.00106,0.004513
ENSG00000151030,CCDC151,1150.4,-1.62,0.107,1.363e-51,5.158e-50
ENSG00000151154,ZNF241,33.3,0.43,0.337,0.2025,0.3736
ENSG00000151164,TRIM45,50.2,0.285,0.286,0.318,0.5186
ENSG00000151231,SLC30A11,6388.5,-1.813,0.08,1.248e-113,1.941e-111
ENSG00000151297,WDR17,610.7,0.508,0.125,4.591e-05,0.000252
ENSG00000151330,FAM101A,697.8,-0.143,0.121,0.2348,0.4172
ENSG00000151378,TMEM201,1891.1,-0.252,0.097,0.009256,0.03049
ENSG00000151674,TMEM26,1572.2,-0.578,0.1,8.522e-09,7.901e-08
ENSG00000151678,ZNF696,1288.3,0.554,0.105,1.188e-07,9.84e-07
ENSG00000152397,C4orf35,121.7,-0.352,0.205,0.08622,0.1969
ENSG00000152532,SLC32A7,165.0,-0.165,0.185,0.3722,0.5729
ENSG00000152670,SLC15A3,1548.8,-0.193,0.101,0.055,0.1368
ENSG00000152740,ZNF609,1455.5,0.008,0.102,0.9357,0.9746
ENSG00000152757,KRT28,11.3,-2.134,0.536,6.852e-05,0.0003675
ENSG00000152827,C7orf25,19.1,-0.408,0.426,0.3385,0.5419
ENSG00000153348,ZNF353,112.5,-0.153,0.211,0.4688,0.6596
ENSG00000153423,FAM211A,329.1,2.242,0.148,1.023e-51,3.978e-50
ENSG00000153450,ZNF728,13.3,-0.111,0.499,0.8236,0.9151
ENSG00000153470,C7orf45,12.3,0.024,0.516,0.9632,0.9887
ENSG00000153534,CCDC105,68.6,-0.244,0.253,0.3352,0.5391
ENSG00000153682,C5orf50,187.0,-0.043,0.177,0.8086,0.9065
ENSG00000153873,SLC12A10,86.1,-0.099,0.232,0.669,0.8245
ENSG00000153898,ZNF368,272.4,0.101,0.157,0.5197,0.7072
ENSG00000153987,ZNF539,15.4,-0.133,0.468,0.7762,0.8895
ENSG00000154086,C1orf37,740.9,0.041,0.119,0.7284,0.8599
ENSG00000154140,ZNF799,269.0,-0.204,0.158,0.1948,0.3641
ENSG00000154192,SLC23A8,162.3,-0.139,0.186,0.4535,0.6478
ENSG00000154232,ZNF552,2457.1,-0.38,0.092,3.889e-05,0.0002205
ENSG00000154312,ZNF285,709.9,-0.057,0.12,0.6371,0.8041
ENSG00000154475,C1orf11,959.2,0.059,0.112,0.5953,0.7724
ENSG00000154527,FAM76B,156.1,-0.167,0.188,0.3758,0.5776
ENSG00000154638,ZNF395,61.7,0.269,0.264,0.3081,0.5098
ENSG00000154984,SLC5A6,2453.9,-0.19,0.092,0.03915,0.1023
ENSG00000155027,ZNF411,1264.7,-0.306,0.105,0.003612,0.01367
ENSG00000155201,TMEM79,1464.0,0.218,0.102,0.0321,0.08769
ENSG00000155457,C13orf39,660.9,0.01,0.122,0.9326,0.9746
ENSG00000155476,ZNF677,674.9,-0.342,0.122,0.004963,0.01819
ENSG00000155624,ZNF631,10301.8,-0.502,0.076,3.426e-11,3.719e-10
ENSG00000155676,C22orf28,306.8,-0.021,0.151,0.8884,0.9538
ENSG00000155863,TMEM18,1245.5,-0.132,0.105,0.2111,0.3848
ENSG00000155929,FAM104B,389.8,0.191,0.141,0.1751,0.3367
ENSG00000156030,TRIM52,1800.2,0.22,0.098,0.02447,0.06964
ENSG00000156187,C5orf27,1018.6,-0.034,0.11,0.7567,0.8785
ENSG00000156518,ZNF176,102.1,-0.336,0.218,0.124,0.2594
ENSG00000156548,FOS,399.1,0.013,0.14,0.9274,0.9718
ENSG00000156774,FAM30A,114.1,-2.094,0.21,1.86e-23,3.886e-22
ENSG00000156924,TMEM226,148.8,0.137,0.191,0.4721,0.6622
ENSG00000157044,SLC38A10,199.2,0.795,0.173,4.498e-06,3.042e-05
ENSG00000157211,C19orf33,102.8,-0.083,0.218,0.7019,0.8462
ENSG00000157624,C2orf50,252.6,0.378,0.161,0.01856,0.05542
ENSG00000157975,C3orf54,14.0,-0.236,0.488,0.6277,0.797
ENSG00000157989,C9orf28,58.8,-0.034,0.269,0.8998,0.9588
ENSG00000158357,TMEM136,199.1,0.088,0.173,0.6108,0.7823
ENSG00000159094,SLC26A5,745.2,0.468,0.119,8.057e-05,0.0004256
ENSG00000159097,SLC17A9,16.0,0.472,0.46,0.3049,0.5063
ENSG00000159229,WDR73,995.6,0.198,0.111,0.07372,0.1746
ENSG00000159243,C11orf23,82.1,0.29,0.237,0.221,0.3976
ENSG00000159369,C14orf53,208.3,0.248,0.171,0.1461,0.2927
ENSG00000159432,C5orf41,54.4,0.136,0.277,0.6226,0.7945
ENSG00000159726,C2orf47,724.5,-0.223,0.119,0.06157,0.1505
ENSG00000159735,FAM157A,327.3,-0.315,0.148,0.03401,0.09138
ENSG00000159761,RPS16,218.4,-0.242,0.168,0.1509,0.2993
ENSG00000159793,SLC12A5,209.1,0.379,0.171,0.0263,0.07367
ENSG00000160476,SLC14A2,463.9,-0.07,0.134,0.6027,0.777
ENSG00000161025,TRIM56,42.4,-2.005,0.306,5.432e-11,5.805e-10
ENSG00000161127,C22orf10,3507.9,0.158,0.087,0.07013,0.1678
ENSG00000161651,TMEM209,117.5,-0.286,0.208,0.1686,0.3272
ENSG00000161936,TMEM30,93.0,-0.187,0.226,0.4088,0.6075
ENSG00000162124,ZNF204,179.8,0.652,0.179,0.0002787,0.001332
ENSG00000162150,C4orf34,485.5,-0.348,0.133,0.008764,0.02914
ENSG00000162278,DNAJC6,62.5,0.14,0.262,0.5938,0.7713
ENSG00000162279,C10orf25,108.2,0.718,0.214,0.0007832,0.003471
ENSG00000162307,FAM161A,784.9,-0.45,0.117,0.0001239,0.0006284
ENSG00000162491,RPS10,420.7,-0.181,0.138,0.1885,0.3561
ENSG00000162675,ZNF742,195.6,0.205,0.174,0.239,0.4204
ENSG00000162743,C12orf24,27.1,0.228,0.367,0.5347,0.7218
ENSG00000162780,TMEM93,3.1,0.231,0.969,0.8112,0.9071
ENSG00000162901,ZNF440,822.3,-2.314,0.116,8.161e-89,6.721e-87
ENSG00000162954,DNAJC18,104.5,-0.439,0.217,0.04252,0.11
ENSG00000163026,SLC1A12,3897.4,0.374,0.086,1.226e-05,7.593e-05
ENSG00000163072,LRRC25,80.4,1.663,0.238,3.067e-12,3.548e-11
ENSG00000163137,C7orf52,72.7,-0.311,0.248,0.2097,0.3828
ENSG00000163193,ZBTB41,317.2,0.336,0.15,0.025,0.07069
ENSG00000163498,C9orf44,216.5,-0.222,0.169,0.1888,0.3561
ENSG00000163505,C1orf20,229.8,-0.087,0.166,0.6005,0.7755
ENSG00000163549,ZNF226,312.6,-0.077,0.15,0.6071,0.7792
ENSG00000163663,CCDC142,56.6,-0.128,0.273,0.6381,0.8041
ENSG00000163751,C1orf23,28.7,-0.627,0.359,0.08052,0.186
ENSG00000163818,C11orf55,234.6,-0.236,0.164,0.152,0.3007
ENSG00000164025,FAM141B,2094.9,-0.728,0.095,1.747e-14,2.421e-13
ENSG00000164055,TRIM18,95.1,0.062,0.224,0.7832,0.8943
ENSG00000164092,C22orf58,558.0,-0.31,0.128,0.01528,0.04754
ENSG00000164109,FAM153A,172.4,0.169,0.182,0.3539,0.5548
ENSG00000164151,FAM201B,29.9,-0.029,0.353,0.9342,0.9746
ENSG00000164180,CCDC82,308.3,-0.218,0.151,0.1493,0.2969
ENSG00000164475,ZNF778,1090.5,-0.084,0.108,0.4411,0.6347
ENSG00000164588,C5orf54,41.8,-0.94,0.307,0.002224,0.008822
ENSG00000164662,FAM85B,8711.3,-0.056,0.077,0.4698,0.6604
ENSG00000165048,SLC31A3,19.7,-0.186,0.42,0.6585,0.8166
ENSG00000165362,ZNF786,51.6,-0.151,0.283,0.5935,0.7713
ENSG00000165416,ZNF400,1168.0,0.488,0.107,4.857e-06,3.238e-05
ENSG00000165794,NDUFA10,537.8,0.193,0.129,0.135,0.2762
ENSG00000165800,WDR48,448.9,-0.134,0.136,0.3219,0.5228
ENSG00000165834,TMEM21,551.9,-0.036,0.128,0.7803,0.8918
ENSG00000165919,SLC31A8,28.6,-0.189,0.359,0.599,0.7747
ENSG00000165941,WDR20,16.8,0.369,0.45,0.413,0.6083
ENSG00000165966,C6orf37,397.7,0.478,0.14,0.000648,0.002926
ENSG00000166124,KLHL2,67.2,-0.258,0.255,0.3115,0.5124
ENSG00000166150,C8orf46,1292.4,0.754,0.105,5.532e-13,6.734e-12
ENSG00000166187,ZNF255,157.2,-0.162,0.188,0.3886,0.5908
ENSG00000166459,TMEM73,74.1,2.314,0.246,4.984e-21,9.691e-20
ENSG00000166589,MRPL56,385.7,0.12,0.141,0.3966,0.5944
ENSG00000166769,FAM176A,222.1,-0.297,0.167,0.07567,0.1784
ENSG00000166886,ZNF643,58.0,0.024,0.27,0.9281,0.9718
ENSG00000166887,TMEM101,67.3,0.042,0.255,0.8677,0.941
ENSG00000166918,ZNF435,697.9,-0.057,0.121,0.6355,0.8038
ENSG00000166957,ANKRD26,216.5,-1.451,0.169,8.238e-18,1.357e-16
ENSG00000166974,C13orf37,48.3,-0.344,0.29,0.2353,0.4173
ENSG00000167001,ABCA2,645.1,-0.244,0.123,0.04689,0.1199
ENSG00000167298,C2orf28,192.6,-0.032,0.175,0.853,0.9322
ENSG00000167386,C17orf43,61.8,-0.331,0.264,0.2087,0.382
ENSG00000167790,FAM124B,87.2,0.979,0.231,2.309e-05,0.0001381
ENSG00000167859,TMEM54,683.2,0.076,0.121,0.5305,0.7176
ENSG00000167864,TRIM6,347.2,-0.522,0.146,0.0003426,0.001621
ENSG00000167882,TMEM139,462.8,0.121,0.134,0.3685,0.5695
ENSG00000168173,FAM88A,556.5,-0.079,0.128,0.534,0.7216
ENSG00000168370,ZNF392,243.3,-0.273,0.163,0.09327,0.2096
ENSG00000168888,ANKRD63,158.0,0.235,0.187,0.2087,0.382
ENSG00000168924,WDR12,1610.4,-0.277,0.1,0.005491,0.01982
ENSG00000168940,SLC39A12,20.8,0.311,0.411,0.4493,0.6428
ENSG00000169032,FAM102A,148.3,0.128,0.191,0.5039,0.6923
ENSG00000169246,C5orf47,4926.0,-3.984,0.083,1e-300,1.4e-297
ENSG00000169498,ZNF569,651.4,-0.468,0.123,0.0001356,0.0006853
ENSG00000169553,SLC18A3,59.4,-0.099,0.268,0.7121,0.8507
ENSG00000169917,C1orf36,49.1,0.648,0.288,0.02458,0.0698
ENSG00000170275,C21orf58,98.3,0.788,0.221,0.0003721,0.001748
ENSG00000170351,C13orf12,430.0,0.608,0.137,9.372e-06,5.964e-05
ENSG00000170603,MRPL50,183.7,-0.011,0.178,0.9507,0.9801
ENSG00000170667,DNAJC28,9143.6,0.37,0.077,1.435e-06,1.025e-05
ENSG00000171130,ZNF625,69.7,-0.216,0.252,0.3903,0.5921
ENSG00000171297,C11orf52,63.6,-0.121,0.261,0.6436,0.8074
ENSG00000171378,C11orf59,246.7,0.378,0.162,0.01959,0.05823
ENSG00000171393,C7orf43,1815.8,-0.305,0.098,0.00179,0.00725
ENSG00000171486,C10orf48,92.1,-0.062,0.227,0.7847,0.8951
ENSG00000171509,ANKRD65,473.2,-0.236,0.134,0.07768,0.1821
ENSG00000171617,LRRC55,214.8,0.229,0.169,0.1764,0.3383
ENSG00000171708,ZNF664,246.5,-0.357,0.162,0.02747,0.07631
ENSG00000171753,ZNF789,232.6,-0.618,0.165,0.0001786,0.0008802
ENSG00000171773,SLC6A9,88.5,0.127,0.23,0.58,0.7611
ENSG00000171783,ZNF271,8.2,0.215,0.619,0.728,0.8599
ENSG00000172026,ZNF238,413.8,-0.292,0.139,0.0353,0.09449
ENSG00000172087,FAM192A,593.9,-0.66,0.126,1.482e-07,1.213e-06
ENSG00000172246,C21orf34,683.3,-0.322,0.121,0.007862,0.02685
ENSG00000172307,ANKRD27,31.1,-0.328,0.347,0.3447,0.5454
ENSG00000172869,ZNF188,433.4,0.336,0.137,0.014,0.04414
ENSG00000172892,C21orf36,2428.6,0.01,0.092,0.9148,0.9665
ENSG00000173155,C17orf51,57.1,-0.163,0.272,0.5489,0.734
ENSG00000173224,SLC18A11,101.4,0.074,0.219,0.7337,0.8632
ENSG00000173330,C20orf43,1292.9,0.098,0.104,0.3477,0.5487
ENSG00000173493,ZNF535,18.6,-0.49,0.431,0.256,0.4436
ENSG00000173541,C15orf33,1554.5,-0.257,0.101,0.01066,0.03454
ENSG00000173568,WDR28,412.8,-0.311,0.139,0.02477,0.07021
ENSG00000174141,C16orf31,105.1,0.256,0.216,0.2369,0.4173
ENSG00000174169,ZNF508,1523.3,0.016,0.101,0.8748,0.9443
ENSG00000174243,RPL25,7411.9,0.715,0.079,9.666e-20,1.804e-18
ENSG00000174324,TMEM94,251.6,0.283,0.161,0.07844,0.1829
ENSG00000174343,FAM70B,167.6,-0.379,0.184,0.03898,0.1023
ENSG00000174371,C4orf19,374.7,-0.719,0.143,4.697e-07,3.613e-06
ENSG00000174556,TMEM165,31.1,0.01,0.347,0.9761,0.9916
ENSG00000174599,SLC40A8,334.4,-0.197,0.147,0.1826,0.3474
ENSG00000174621,FAM34B,396.1,3.543,0.14,1.575e-140,4.41e-138
ENSG00000174750,C13orf32,279.7,-0.005,0.156,0.9726,0.9916
ENSG00000174768,TRIM35,60.2,0.427,0.266,0.1084,0.2335
ENSG00000174934,TMEM203,431.5,-0.016,0.137,0.9077,0.9624
ENSG00000174942,ANKRD49,55.2,-0.007,0.275,0.9795,0.9923
ENSG00000175037,SLC10A1,331.7,-0.049,0.148,0.7379,0.8645
ENSG00000175144,ZNF422,35.6,-0.439,0.328,0.1811,0.3455
ENSG00000175947,ANKRD56,2232.6,0.461,0.094,9.095e-07,6.632e-06
ENSG00000176104,ZNF584,1547.2,0.115,0.101,0.2526,0.4388
ENSG00000176279,FAM75B,1216.0,0.252,0.106,0.0174,0.05249
ENSG00000176325,ZNF808,350.6,-0.305,0.145,0.0361,0.09608
ENSG00000176723,TRIM75,219.8,0.008,0.168,0.9598,0.9864
ENSG00000176790,C11orf48,1737.8,0.331,0.098,0.0007611,0.003393
ENSG00000176809,C12orf12,603.9,-0.118,0.125,0.3438,0.5448
ENSG00000177047,C20orf38,4189.6,0.552,0.085,7.426e-11,7.876e-10
ENSG00000177465,ZNF347,2457.8,0.296,0.092,0.001355,0.005662
ENSG00000177575,ZNF360,237.7,-0.074,0.164,0.6521,0.8116
ENSG00000177579,C7orf37,312.2,0.348,0.151,0.02094,0.06158
ENSG00000177659,C13orf52,51.6,0.03,0.283,0.9164,0.9676
ENSG00000177836,C9orf25,1266.4,-0.086,0.105,0.4123,0.6083
ENSG00000177924,SLC13A6,322.5,-0.36,0.149,0.01583,0.0486
ENSG00000177975,ZNF362,92.4,0.801,0.226,0.000405,0.001872
ENSG00000178122,PPP1R7,421.6,-0.021,0.138,0.8794,0.947
ENSG00000178278,ZNF124,55.2,0.021,0.275,0.9389,0.9752
ENSG00000178305,SLC18A10,3640.3,-0.464,0.087,8.244e-08,7.037e-07
ENSG00000178438,RPS22,2725.0,-0.068,0.091,0.4553,0.649
ENSG00000178473,RPL20,306.9,0.402,0.151,0.007972,0.02705
ENSG00000178480,C13orf44,576.0,0.657,0.127,2.151e-07,1.731e-06
ENSG00000178705,LRRC58,56.3,0.234,0.273,0.3917,0.5928
ENSG00000178814,SLC30A8,1606.0,-0.138,0.1,0.1687,0.3272
ENSG00000178889,FAM230B,324.8,0.279,0.149,0.06054,0.149
ENSG00000178948,KRT74,360.3,0.341,0.144,0.01813,0.05422
ENSG00000179066,KRT61,11.6,-0.483,0.53,0.3624,0.5643
ENSG00000179350,TMEM88,1110.2,0.141,0.108,0.1916,0.3587
ENSG00000179355,FAM166A,383.9,0.095,0.142,0.5019,0.6902
ENSG00000179399,2-Sep,41.8,0.378,0.307,0.2185,0.3952
ENSG00000179485,ZNF822,1190.2,-2.058,0.106,2.279e-83,1.595e-81
ENSG00000179525,DNAJC20,2951.8,0.073,0.089,0.4125,0.6083
ENSG00000179718,ZNF493,14.9,0.034,0.475,0.9425,0.9766
ENSG00000179834,ZNF120,265.4,0.124,0.158,0.4319,0.6246
ENSG00000179911,RPL11,1197.1,0.225,0.106,0.03386,0.09132
ENSG00000179936,TMEM46,60.5,-0.632,0.266,0.01744,0.05252
ENSG00000180125,ZNF766,2275.4,-0.065,0.094,0.4856,0.6731
ENSG00000180196,C15orf22,646.9,0.407,0.123,0.000939,0.004095
ENSG00000180209,C19orf34,121.0,-2.733,0.205,2.23e-40,6.644e-39
ENSG00000180424,ZNF330,73.8,0.678,0.246,0.005893,0.02089
ENSG00000180671,KLHL16,498.5,-0.129,0.132,0.3265,0.5284
ENSG00000180727,SLC36A6,522.9,0.305,0.13,0.01909,0.05686
ENSG00000180745,ZNF835,126.5,-0.004,0.202,0.9854,0.9965
ENSG00000180775,C12orf10,15.5,0.487,0.466,0.2967,0.4986
ENSG00000180899,CCDC31,4911.0,-1.198,0.083,2.097e-47,6.827e-46
ENSG00000180944,ZNF481,199.8,0.15,0.173,0.3856,0.5893
ENSG00000180967,C5orf42,1538.0,-0.732,0.101,3.731e-13,4.622e-12
ENSG00000181085,C4orf44,30.8,0.326,0.348,0.3499,0.551
ENSG00000181368,KLHL40,159.6,0.08,0.187,0.6685,0.8245
ENSG00000181480,SLC33A4,120.3,-0.131,0.206,0.523,0.7095
ENSG00000181662,C20orf45,36.2,-1.86,0.326,1.143e-08,1.053e-07
ENSG00000181694,C11orf30,213.1,-0.419,0.17,0.01343,0.04265
ENSG00000181991,C11orf21,119.7,0.07,0.206,0.7337,0.8632
ENSG00000182123,PPP1R31,116.0,-2.554,0.209,1.785e-34,4.627e-33
ENSG00000182248,C8orf28,62.3,2.659,0.263,4.356e-24,9.53e-23
ENSG00000182368,KRT69,701.1,-0.177,0.12,0.142,0.2866
ENSG00000182633,C6orf19,139.2,-0.553,0.196,0.004708,0.01744
ENSG00000182639,C10orf58,570.8,2.304,0.127,1.372e-73,7.681e-72
ENSG00000182732,C2orf25,249.0,-0.066,0.161,0.6847,0.8367
ENSG00000182810,TMEM15,360.4,-0.434,0.144,0.002658,0.01036
ENSG00000182834,C19orf10,95.8,-0.384,0.223,0.08565,0.1959
ENSG00000182899,SLC34A4,169.9,-0.261,0.183,0.1537,0.3034
ENSG00000182965,CCDC182,45.9,0.224,0.296,0.4488,0.6428
ENSG00000183256,ANKRD8,62.0,-2.033,0.263,1.125e-14,1.59e-13
ENSG00000183430,FAM94B,310.5,0.044,0.151,0.7686,0.8852
ENSG00000183449,FAM84A,99.7,0.332,0.22,0.1312,0.2705
ENSG00000183640,ZNF823,285.2,0.483,0.155,0.001792,0.00725
ENSG00000183672,ZNF280,3299.7,-0.462,0.088,1.422e-07,1.171e-06
ENSG00000183816,C12orf42,103.4,-0.899,0.217,3.497e-05,0.0001998
ENSG00000183922,SLC21A5,4880.5,-0.165,0.083,0.0464,0.119
ENSG00000183974,FAM35A,84.3,-0.401,0.234,0.08682,0.198
ENSG00000183990,ZBTB47,509.6,0.227,0.131,0.08319,0.1912
ENSG00000184120,FAM185A,99.1,-1.79,0.221,5.09e-16,7.663e-15
ENSG00000184170,FAM153B,477.6,0.018,0.133,0.8941,0.9566
ENSG00000184192,WDR54,5903.7,-0.673,0.081,8.051e-17,1.295e-15
ENSG00000184431,ZNF841,1760.1,0.14,0.098,0.1544,0.3045
ENSG00000184526,CCDC157,549.2,0.981,0.128,2.013e-14,2.735e-13
ENSG00000184650,C22orf21,820.3,0.081,0.116,0.4852,0.6731
ENSG00000184751,C18orf31,868.8,-1.825,0.114,2.244e-57,1.047e-55
ENSG00000184763,ZNF469,24.9,-0.143,0.381,0.7074,0.8479
ENSG00000184811,ZBTB32,18.7,0.652,0.43,0.1294,0.2676
ENSG00000184844,C10orf35,385.9,0.162,0.141,0.2509,0.4364
ENSG00000185244,FAM198A,267.7,0.012,0.158,0.9409,0.9758
ENSG00000185393,SLC10A12,236.8,0.328,0.164,0.04527,0.1163
ENSG00000185458,FAM72A,41.9,0.452,0.307,0.1414,0.2861
ENSG00000185559,ZNF113,925.5,0.3,0.113,0.007806,0.02672
ENSG00000185642,TMEM197,1069.6,-0.792,0.109,3.552e-13,4.44e-12
ENSG00000185968,C22orf11,35.0,0.063,0.33,0.8484,0.9286
ENSG00000185972,TMEM160,14.3,0.131,0.483,0.7864,0.8956
ENSG00000186059,ZNF574,53.2,0.317,0.279,0.2567,0.4443
ENSG00000186305,PPP1R36,2675.4,0.18,0.091,0.04776,0.121
ENSG00000186576,CCDC132,397.8,-0.048,0.14,0.732,0.8626
ENSG00000186802,SLC44A6,52.5,0.427,0.281,0.1282,0.2663
ENSG00000186804,FAM85A,193.8,-0.724,0.175,3.513e-05,0.0001999
ENSG00000186906,C7orf29,266.5,-0.381,0.158,0.01579,0.04858
ENSG00000186921,C1orf25,6.3,0.242,0.697,0.7284,0.8599
ENSG00000187013,C16orf52,7.9,0.382,0.629,0.5441,0.729
ENSG00000187073,TMEM80,29.2,-0.045,0.356,0.9,0.9588
ENSG00000187102,C14orf42,1632.7,-0.632,0.1,2.247e-10,2.28e-09
ENSG00000187259,ZNF747,74.6,-1.21,0.245,8.006e-07,5.962e-06
ENSG00000187568,ZNF532,514.9,2.175,0.131,2.203e-62,1.142e-60
ENSG00000188099,ZNF180,50.7,-0.047,0.285,0.8692,0.9411
ENSG00000188317,TMEM164,336.7,-0.61,0.147,3.386e-05,0.0001951
ENSG00000188450,ZNF268,582.2,0.157,0.126,0.2147,0.3894
ENSG00000188856,SLC20A11,29.0,2.731,0.357,2.068e-14,2.758e-13
ENSG00000189107,C14orf20,239.1,0.156,0.163,0.3394,0.5419
ENSG00000189122,C10orf46,58.5,-0.269,0.269,0.3184,0.5186
ENSG00000189344,SLC16A6,436.6,0.337,0.137,0.01373,0.0434
ENSG00000189397,C19orf40,32.7,-0.867,0.34,0.0107,0.0346
ENSG00000189562,SLC17A5,179.7,0.073,0.179,0.6821,0.8363
ENSG00000189655,C1orf51,1000.8,-0.454,0.111,4.071e-05,0.0002298
ENSG00000189943,FAM119B,71.7,-0.504,0.249,0.04278,0.1105
ENSG00000190236,FAM63B,439.3,-0.4,0.136,0.003356,0.01284
ENSG00000190564,C21orf32,88.7,0.246,0.23,0.2836,0.4831
ENSG00000190842,TRIM61,8.1,-2.826,0.622,5.572e-06,3.697e-05
ENSG00000190963,C4orf40,295.8,-0.112,0.153,0.463,0.6574
ENSG00000191141,SLC43A6,6947.9,0.22,0.079,0.005552,0.01998
ENSG00000191382,ZNF739,14990.3,-0.137,0.073,0.06071,0.1491
ENSG00000191415,ZNF319,31.1,0.08,0.347,0.817,0.9123
ENSG00000191448,ANKRD18,67.6,1.499,0.255,3.927e-09,3.818e-08
ENSG00000191562,ZNF749,332.6,0.013,0.148,0.9278,0.9718
ENSG00000191785,C17orf11,94.7,0.22,0.224,0.3275,0.5294
ENSG00000191858,SLC30A12,1.8,0.319,1.253,0.7987,0.9005
ENSG00000191933,TMEM42,25.9,-0.17,0.374,0.649,0.8097
ENSG00000191934,KLHL30,435.8,0.304,0.137,0.02616,0.07355
ENSG00000191991,ZNF166,21.8,-0.158,0.403,0.6944,0.8431
ENSG00000192050,ZNF415,70.2,0.087,0.251,0.7283,0.8599
ENSG00000192057,ZNF668,960.3,0.527,0.112,2.358e-06,1.651e-05
ENSG00000192185,C3orf50,344.1,0.493,0.146,0.0007584,0.003392
ENSG00000192397,SLC5A9,6.6,0.538,0.683,0.4311,0.6246
ENSG00000192935,SLC34A8,14.2,1.114,0.485,0.0215,0.06284
ENSG00000193067,ZNF750,235.0,0.156,0.164,0.3421,0.5442
ENSG00000193397,C6orf10,18.0,0.27,0.437,0.5375,0.7243
ENSG00000193425,ZNF118,369.8,-0.104,0.143,0.4669,0.659
ENSG00000193503,CCDC60,59.7,-0.05,0.267,0.8503,0.93
ENSG00000193635,ZBTB29,243.3,-0.174,0.163,0.2844,0.4836
ENSG00000193798,ZNF548,91.6,0.136,0.227,0.5507,0.7357
ENSG00000193812,ZNF538,80.3,-0.192,0.239,0.4198,0.6148
ENSG00000193849,C8orf54,181.9,-0.015,0.179,0.9324,0.9746
ENSG00000193852,WDR10,479.8,0.043,0.133,0.7473,0.8712
ENSG00000193892,C17orf41,68.3,0.398,0.254,0.117,0.2497
ENSG00000193913,FAM63A,44.5,-0.17,0.3,0.5704,0.7541
ENSG00000193921,ZNF412,15.6,-1.58,0.465,0.0006814,0.003058
ENSG00000193965,SLC32A10,24.2,-1.229,0.385,0.001424,0.005916
ENSG00000194149,C21orf31,34.3,0.075,0.333,0.8227,0.9151
ENSG00000194384,TMEM28,7.2,0.221,0.656,0.736,0.8639
ENSG00000194474,ZNF131,663.6,0.106,0.122,0.3842,0.5878
ENSG00000194541,ZNF203,781.2,-0.261,0.117,0.02611,0.07354
ENSG00000194583,FAM119A,172.2,-0.1,0.182,0.582,0.7629
ENSG00000195054,C7orf46,114.8,-0.037,0.209,0.859,0.9366
ENSG00000195321,ZNF291,2.3,-0.247,1.115,0.825,0.9152
ENSG00000195596,ZNF527,2753.6,0.176,0.09,0.05219,0.1302
ENSG00000195979,ZNF446,549.7,1.357,0.128,3.604e-26,8.699e-25
ENSG00000196004,C8orf53,384.1,-0.147,0.142,0.3001,0.5003
ENSG00000196011,C3orf21,59.2,-0.234,0.268,0.3825,0.5865
ENSG00000196058,MRPL15,49.2,-0.259,0.288,0.369,0.5696
ENSG00000196254,C6orf22,336.0,-0.815,0.147,3.15e-08,2.809e-07
ENSG00000196311,ZNF455,41.4,0.279,0.309,0.3657,0.5682
ENSG00000196342,C11orf46,418.2,-0.201,0.138,0.1469,0.2938
ENSG00000196729,SLC12A8,107.8,-0.322,0.214,0.1328,0.2733
ENSG00000196743,KLHL22,0.8,0.228,1.849,0.9019,0.9588
ENSG00000196781,ZNF222,556.4,-0.117,0.128,0.3599,0.5617
ENSG00000196880,ZBTB37,1197.2,0.04,0.106,0.7052,0.8462
ENSG00000197068,KLHL31,1.6,-0.006,1.325,0.9965,0.9986
ENSG00000197287,ZNF676,107.6,-0.219,0.214,0.3065,0.5078
ENSG00000197440,C21orf26,1762.1,0.373,0.098,0.0001446,0.0007254
ENSG00000197465,SLC24A8,97.9,0.01,0.222,0.9657,0.9897
ENSG00000197717,WDR26,5.5,0.768,0.742,0.3007,0.5005
ENSG00000197746,SLC2A1,425.6,-0.367,0.138,0.00756,0.02602
ENSG00000197895,C2orf48,2031.0,-0.642,0.096,1.814e-11,2.016e-10
ENSG00000198076,SLC18A9,107.2,-0.006,0.215,0.9782,0.9923
ENSG00000198086,FAM99A,35.9,0.108,0.327,0.7422,0.8674
ENSG00000198110,KRT73,145.7,1.59,0.193,1.488e-16,2.341e-15
ENSG00000198193,ZNF514,689.6,0.277,0.121,0.02221,0.06424
ENSG00000198213,SLC14A1,15821.4,-2.218,0.073,2.774e-204,1.295e-201
ENSG00000198319,SLC39A5,2502.3,0.1,0.092,0.2787,0.4775
ENSG00000198505,SLC41A8,67.2,-0.377,0.255,0.1394,0.2833
ENSG00000198747,C8orf22,2737.8,0.401,0.091,9.755e-06,6.18e-05
ENSG00000198874,ZNF833,2021.7,0.054,0.096,0.5722,0.755
ENSG00000198989,C22orf13,1305.2,0.417,0.104,6.5e-05,0.00035
ENSG00000199005,C6orf18,50.5,0.35,0.285,0.2191,0.3957
ENSG00000199196,ZBTB20,936.9,-0.21,0.112,0.06119,0.15
ENSG00000199286,WDR79,297.6,-0.291,0.153,0.05681,0.1403
ENSG00000199748,FAM97A,162.2,0.216,0.186,0.2439,0.4269
ENSG00000199825,C5orf12,104.9,-0.278,0.216,0.1981,0.3673
ENSG00000199941,WDR55,110.3,0.017,0.212,0.937,0.9746
ENSG00000200331,C19orf19,22.0,0.45,0.401,0.2619,0.4521
ENSG00000200367,C20orf55,554.7,-0.12,0.128,0.3488,0.55
ENSG00000200531,CCDC188,7.8,0.011,0.633,0.9866,0.9965
ENSG00000200928,ZNF844,176.1,0.09,0.181,0.62,0.7927
ENSG00000200956,C1orf31,186.5,0.003,0.177,0.9882,0.997
ENSG00000200969,C1orf57,65.5,0.222,0.258,0.3887,0.5908
ENSG00000201081,ZNF402,113.3,0.49,0.21,0.01971,0.05845
ENSG00000201210,ZNF283,36.8,-0.307,0.324,0.3431,0.5448
ENSG00000201402,C22orf44,280.2,-0.499,0.156,0.00135,0.005659
ENSG00000201605,FAM48A,167.8,-0.533,0.184,0.003685,0.01391
ENSG00000201719,FAM48B,271.3,-0.608,0.157,0.0001101,0.0005666
ENSG00000201877,C2orf16,103.7,0.192,0.217,0.3763,0.5776
ENSG00000201948,FAM159B,35.8,-0.842,0.327,0.01013,0.03305
ENSG00000202121,LRRC53,268.7,-0.111,0.158,0.483,0.6708
ENSG00000202124,C18orf56,163.4,-1.521,0.185,2.091e-16,3.217e-15
ENSG00000202133,KLHL11,81.8,-0.358,0.237,0.1307,0.2699
ENSG00000202244,ZNF190,99.9,-0.178,0.22,0.4192,0.6148
ENSG00000202275,SLC17A6,2074.3,-0.762,0.095,1.114e-15,1.608e-14
ENSG00000202429,SLC39A8,112.7,-0.659,0.211,0.001751,0.007145
ENSG00000202679,ZNF649,210.3,-0.271,0.17,0.1117,0.2395
ENSG00000202837,ZNF294,155.0,0.069,0.189,0.7152,0.8536
ENSG00000202994,C6orf53,347.5,0.486,0.146,0.0008537,0.003758
ENSG00000203187,TRIM38,885.1,0.261,0.114,0.02183,0.06355
ENSG00000203661,C21orf49,836.4,0.438,0.115,0.0001474,0.0007369
ENSG00000203764,ZNF698,249.6,0.422,0.161,0.008955,0.02971
ENSG00000204243,ZNF608,56.7,-0.141,0.272,0.6046,0.7782
ENSG00000204338,ZNF359,159.2,0.085,0.187,0.6501,0.8097
ENSG00000204412,CCDC177,506.6,-0.01,0.131,0.938,0.9749
ENSG00000204434,ZNF343,940.3,-0.006,0.112,0.9579,0.9861
ENSG00000204825,TMEM218,14484.4,-0.236,0.073,0.001297,0.005454
ENSG00000204986,C13orf57,521.3,-0.077,0.13,0.5538,0.7384
ENSG00000204994,KRT10,698.5,-0.145,0.121,0.2296,0.411
ENSG00000205090,FAM164B,178.4,-0.287,0.18,0.11,0.2365
ENSG00000205389,C3orf51,200.8,-0.001,0.173,0.995,0.9986
ENSG00000205517,FAM51B,151.1,-0.025,0.19,0.8945,0.9566
ENSG00000205574,LRRC31,515.5,0.415,0.13,0.001461,0.00605
ENSG00000205713,TRIM65,30491.6,-0.578,0.069,6.476e-17,1.054e-15
ENSG00000205773,C9orf17,217.3,-0.489,0.169,0.003719,0.01399
ENSG00000205925,C5orf53,17.7,0.36,0.44,0.4132,0.6083
ENSG00000206206,C2orf45,10093.5,-0.398,0.076,1.601e-07,1.303e-06
ENSG00000206303,TRIM74,10.0,-0.748,0.566,0.1863,0.3527
ENSG00000206389,TMEM178,376.7,-0.121,0.142,0.3972,0.5944
ENSG00000206392,ZNF467,16.4,2.429,0.455,9.459e-08,7.978e-07
ENSG00000206497,TRIM10,589.5,0.004,0.126,0.9749,0.9916
ENSG00000206771,SLC26A7,1695.0,0.02,0.099,0.838,0.9223
ENSG00000206803,FAM46B,48.3,-0.009,0.29,0.9742,0.9916
ENSG00000206926,SLC34A7,216.3,0.082,0.169,0.6262,0.7962
ENSG00000206992,FAM121A,76.2,-0.338,0.243,0.1648,0.3219
ENSG00000207106,SLC19A12,299.5,0.224,0.152,0.1421,0.2866
ENSG00000207224,C18orf54,267.4,-0.256,0.158,0.1048,0.2282
ENSG00000207437,C11orf47,1891.9,-0.135,0.097,0.1624,0.318
ENSG00000207453,C7orf55,102.1,-0.026,0.218,0.905,0.9613
ENSG00000207590,C20orf35,178.5,-0.148,0.18,0.4111,0.6083
ENSG00000208140,SLC4A7,25.9,0.794,0.374,0.03383,0.09132
ENSG00000208269,C18orf49,55.4,0.46,0.275,0.09417,0.2113
ENSG00000208297,ZNF342,74.4,-3.13,0.245,3.121e-37,8.739e-36
ENSG00000208533,SLC37A9,12.6,0.705,0.511,0.1675,0.3261
ENSG00000208610,SLC45A1,474.1,-0.039,0.133,0.7723,0.8877
ENSG00000208898,KRT52,76.3,-1.056,0.243,1.395e-05,8.604e-05
ENSG00000209232,TMEM71,38.0,-0.532,0.32,0.09623,0.2149
ENSG00000209413,ZNF366,73.1,0.402,0.247,0.1036,0.2267
ENSG00000209415,ZNF551,165.5,0.145,0.184,0.4313,0.6246
ENSG00000209474,ZBTB26,65.2,-0.089,0.258,0.7291,0.8599
ENSG00000209652,TMEM45,157.2,0.071,0.188,0.7042,0.8462
ENSG00000209870,5-Mar,906.3,0.281,0.113,0.01289,0.04112
ENSG00000209961,ZNF324,22.9,0.233,0.394,0.5554,0.7399
ENSG00000210160,ABCA7,50.7,-0.076,0.285,0.79,0.8961
ENSG00000210384,C21orf42,119.0,0.874,0.207,2.358e-05,0.0001393
ENSG00000210490,ZNF834,61.6,0.196,0.264,0.4576,0.6511
ENSG00000210595,C19orf52,57.2,0.695,0.272,0.0105,0.03418
ENSG00000210676,C15orf56,242.1,0.541,0.163,0.000891,0.00391
ENSG00000210722,C8orf31,31.2,0.193,0.346,0.5783,0.7597
ENSG00000210770,ZNF263,38.9,-0.551,0.317,0.08176,0.1886
ENSG00000210913,SLC14A4,51.2,0.028,0.284,0.9213,0.9695
ENSG00000211046,C4orf43,254.3,-0.119,0.16,0.4586,0.6519
ENSG00000211093,C20orf22,496.3,-0.322,0.132,0.01452,0.04537
ENSG00000211157,DNAJC9,275.5,0.269,0.156,0.08502,0.1948
ENSG00000211273,CCDC87,89.5,0.095,0.229,0.6784,0.8324
ENSG00000211507,C12orf28,49.6,0.262,0.287,0.3617,0.5639
ENSG00000211544,TMEM109,188.8,-2.753,0.176,7.253e-55,2.986e-53
ENSG00000211556,KRT51,3440.1,-1.528,0.087,1.186e-68,6.386e-67
ENSG00000211562,C7orf11,4092.3,0.056,0.085,0.509,0.698
ENSG00000211726,C3orf18,380.8,-0.73,0.142,2.697e-07,2.133e-06
ENSG00000211738,LRRC29,788.6,0.084,0.117,0.4738,0.6633
ENSG00000211897,DNAJC11,17.1,-0.632,0.447,0.1573,0.3085
ENSG00000211961,C21orf30,503.3,-0.37,0.131,0.004807,0.01771
ENSG00000212030,KRT35,158.3,0.162,0.187,0.3863,0.5897
ENSG00000212147,RPS14,28.2,-0.036,0.361,0.9196,0.9694
ENSG00000212398,TMEM82,106.3,0.29,0.215,0.1774,0.3389
ENSG00000212550,C18orf17,47.1,-0.185,0.293,0.5282,0.7152
ENSG00000212563,ZNF352,58.6,0.026,0.269,0.9219,0.9695
ENSG00000212647,C11orf40,417.0,-0.044,0.138,0.7488,0.8716
ENSG00000212689,C22orf56,1016.0,0.041,0.11,0.7108,0.8503
ENSG00000212711,ZNF654,104.0,-0.159,0.217,0.4646,0.6585
ENSG00000212894,C9orf59,1670.0,0.138,0.099,0.1633,0.3193
ENSG00000213009,ZNF807,29.6,0.419,0.354,0.2365,0.4173
ENSG00000213142,C5orf39,300.8,0.579,0.152,0.0001417,0.0007134
ENSG00000213319,ZNF404,1792.6,0.455,0.098,3.235e-06,2.22e-05
ENSG00000213403,RPL15,36.8,0.35,0.324,0.2791,0.4776
ENSG00000213454,ZNF171,236.8,-0.077,0.164,0.6376,0.8041
ENSG00000213585,KRT63,248.8,-0.319,0.161,0.04781,0.121
ENSG00000213691,FAM161B,378.3,-0.414,0.142,0.003582,0.01363
ENSG00000213692,FAM111B,127.5,-0.247,0.202,0.2208,0.3976
ENSG00000213752,ZBTB11,467.4,0.693,0.134,2.294e-07,1.835e-06
ENSG00000213962,ZNF378,28.0,-0.602,0.362,0.0967,0.2156
ENSG00000214118,ZNF757,467.4,0.248,0.134,0.06454,0.1563
ENSG00000214396,CCDC75,66.3,0.173,0.257,0.501,0.6897
ENSG00000214459,ZNF296,5375.3,2.783,0.082,1.582e-253,1.108e-250
ENSG00000214656,ZNF577,23.9,0.255,0.387,0.5104,0.6983
ENSG00000214694,SLC44A1,570.5,0.042,0.127,0.7392,0.8645
ENSG00000214892,ZNF172,3738.2,-0.248,0.086,0.003939,0.01471
ENSG00000214935,C8orf43,4.7,0.078,0.798,0.9222,0.9695
ENSG00000215082,C20orf27,1168.8,0.034,0.107,0.7519,0.8741
ENSG00000215316,CCDC176,50.0,-0.447,0.286,0.1186,0.2511
ENSG00000215380,2-Mar,5948.8,0.134,0.081,0.09793,0.2176
ENSG00000215588,TP53,2683.5,0.209,0.091,0.02137,0.06258
ENSG00000215612,MRPL33,110.0,0.043,0.213,0.8398,0.9228
ENSG00000215629,FAM106B,4.6,-0.213,0.806,0.7913,0.8961
ENSG00000215731,DNAJC12,184.6,-0.095,0.178,0.5939,0.7713
ENSG00000215802,CCDC169,162.4,-0.186,0.186,0.3158,0.5165
ENSG00000215917,KRT13,29.6,-2.59,0.354,2.561e-13,3.23e-12
ENSG00000215962,SLC17A4,202.2,0.234,0.173,0.1746,0.3365
ENSG00000216417,TRIM58,1918.4,-0.424,0.097,1.113e-05,6.954e-05
ENSG00000216532,ZNF755,50.5,2.095,0.285,2.043e-13,2.624e-12
ENSG00000216569,LRRC30,61.9,-0.405,0.263,0.1246,0.2603
ENSG00000216851,ZNF497,174.1,0.015,0.181,0.9359,0.9746
ENSG00000217381,PPP1R16,423.0,0.315,0.138,0.0224,0.06445
ENSG00000217427,NDUFA12,85.7,-0.568,0.233,0.01464,0.04565
ENSG00000217658,ZNF112,446.4,0.146,0.136,0.2812,0.4807
ENSG00000217827,KLHL37,22.3,0.243,0.399,0.5422,0.727
ENSG00000217830,FAM109A,8.9,-0.221,0.596,0.7112,0.8503
ENSG00000217834,CCDC64,2184.5,-2.579,0.094,7.149e-165,2.502e-162
ENSG00000218099,SLC7A8,293.3,0.565,0.153,0.0002304,0.001124
ENSG00000218100,C4orf17,1252.1,-0.163,0.105,0.1209,0.2542
ENSG00000218179,ANKRD24,416.7,0.228,0.138,0.09955,0.2202
ENSG00000218221,C14orf46,3441.3,0.559,0.087,1.461e-10,1.515e-09
ENSG00000218347,C10orf37,1047.6,-0.487,0.109,8.473e-06,5.466e-05
ENSG00000218577,SLC29A7,6985.9,-0.014,0.079,0.8558,0.9339
ENSG00000218594,CCDC173,199.5,-0.675,0.173,9.71e-05,0.0005035
ENSG00000218621,C13orf47,97.9,-0.065,0.222,0.7681,0.8852
ENSG00000218880,TMEM20,103.2,0.037,0.217,0.8634,0.9392
ENSG00000218923,SLC33A11,5238.7,0.144,0.082,0.07849,0.1829
ENSG00000218992,C9orf32,30.6,0.112,0.349,0.7489,0.8716
ENSG00000219632,C9orf30,303.8,0.115,0.152,0.4495,0.6428
ENSG00000219638,FAM125B,740.1,-0.369,0.119,0.001891,0.007606
ENSG00000219725,SLC8A1,121.3,-0.619,0.205,0.002572,0.01006
ENSG00000219732,SLC44A11,45.2,0.506,0.298,0.08961,0.203
ENSG00000219770,ZNF198,1201.8,-0.156,0.106,0.141,0.2861
ENSG00000220108,ZNF369,249.4,0.067,0.161,0.6775,0.8321
ENSG00000220300,ZNF344,248.9,-0.706,0.161,1.206e-05,7.504e-05
ENSG00000220546,C7orf23,87.0,0.39,0.232,0.09223,0.2076
ENSG00000220614,ZNF650,335.7,-0.557,0.147,0.0001575,0.0007822
ENSG00000220625,MRPL7,161.2,-0.218,0.186,0.2403,0.4222
ENSG00000220799,ZNF267,27.3,-0.283,0.366,0.4404,0.6347
ENSG00000221005,FAM47B,1952.9,0.061,0.096,0.5258,0.7126
ENSG00000221205,TMEM155,954.5,0.324,0.112,0.003727,0.01399
ENSG00000221221,FAM89B,65.9,-0.316,0.257,0.2184,0.3952
ENSG00000221549,ZNF515,2208.9,0.197,0.094,0.03619,0.09614
ENSG00000221565,ZNF511,322.0,-0.057,0.149,0.7007,0.8456
ENSG00000221635,SLC14A8,686.2,0.324,0.121,0.00746,0.02579
ENSG00000221736,C16orf51,443.5,0.515,0.136,0.0001513,0.0007538
ENSG00000221745,FAM223A,117.8,-0.026,0.207,0.902,0.9588
ENSG00000221773,SLC9A3,110.9,1.311,0.212,6.248e-10,6.184e-09
ENSG00000221826,LRRC60,264.8,0.33,0.158,0.0372,0.09864
ENSG00000221957,ANKRD22,178.7,-1.681,0.18,8.255e-21,1.583e-19
ENSG00000222067,KLHL39,276.6,0.676,0.156,1.491e-05,9.118e-05
ENSG00000222110,C14orf35,436.3,0.4,0.137,0.003382,0.0129
ENSG00000222269,TRIM14,15700.7,-0.29,0.073,6.902e-05,0.0003688
ENSG00000222359,ZNF127,83.1,-0.023,0.236,0.9224,0.9695
ENSG00000222484,ZNF225,1032.2,-0.39,0.11,0.000386,0.001795
ENSG00000222684,KLHL35,1167.3,0.256,0.107,0.01637,0.04983
ENSG00000222746,C1orf34,614.9,-0.09,0.125,0.4705,0.6606
ENSG00000223045,C16orf46,353.4,-1.427,0.145,7.841e-23,1.591e-21
ENSG00000223179,BRCA2,91.7,-0.059,0.227,0.7947,0.8974
ENSG00000223265,SLC26A11,71.3,-0.252,0.249,0.3125,0.513
ENSG00000223364,C10orf19,356.8,2.936,0.145,1.514e-91,1.324e-89
ENSG00000223385,PPP1R15,176.8,-0.293,0.18,0.1038,0.2267
ENSG00000223480,C3orf35,68.1,-0.163,0.254,0.5198,0.7072
ENSG00000223587,FAM118A,197.6,0.062,0.174,0.7234,0.8582
ENSG00000223717,SLC24A6,253.8,-0.392,0.16,0.0145,0.04537
ENSG00000223796,MRPL2,8.2,-0.072,0.619,0.9073,0.9624
ENSG00000224561,C12orf59,9.4,-0.273,0.582,0.6389,0.8044
ENSG00000224774,TMEM140,2934.6,0.215,0.09,0.01617,0.04944
ENSG00000225267,FAM147B,197.0,-0.001,0.174,0.9963,0.9986
ENSG00000225288,ZNF254,720.7,-0.019,0.12,0.8714,0.9428
ENSG00000225355,SLC22A11,6645.4,-1.727,0.08,3.014e-104,3.246e-102
ENSG00000225504,C22orf43,67.7,-0.103,0.254,0.6861,0.8367
ENSG00000225601,C18orf32,270.0,0.004,0.157,0.9795,0.9923
ENSG00000225806,C18orf37,2616.4,0.45,0.091,8.257e-07,6.084e-06
ENSG00000226202,ZNF687,162.7,-0.303,0.185,0.1018,0.2241
ENSG00000226293,C7orf54,68.5,0.205,0.253,0.4185,0.6148
ENSG00000226682,FAM171B,36.4,0.556,0.325,0.08709,0.1983
ENSG00000226696,ZNF592,1047.5,1.627,0.109,5.117e-50,1.837e-48
ENSG00000226747,SLC8A9,232.9,0.805,0.165,1.054e-06,7.648e-06
ENSG00000227227,C5orf13,281.9,0.017,0.155,0.9145,0.9665
ENSG00000227916,MRPL54,256.9,-0.507,0.16,0.001501,0.006182
ENSG00000227955,ZNF150,75.1,-0.555,0.245,0.02337,0.06663
ENSG00000228015,CCDC26,11895.1,-0.209,0.075,0.005221,0.01899
ENSG00000228140,C5orf29,2637.7,0.463,0.091,3.691e-07,2.855e-06
ENSG00000228198,WDR22,86.1,-0.056,0.232,0.8105,0.907
ENSG00000228325,FAM199A,976.1,0.186,0.111,0.0945,0.2117
ENSG00000228666,C1orf16,382.0,0.317,0.142,0.02563,0.07235
ENSG00000228673,FAM78A,246.8,0.27,0.162,0.09501,0.2125
ENSG00000228985,C20orf36,27.3,0.53,0.366,0.148,0.2952
ENSG00000229006,FAM165B,90.3,-1.587,0.228,3.683e-12,4.226e-11
ENSG00000229035,C14orf16,26.4,-0.293,0.371,0.4305,0.6246
ENSG00000229068,KRT11,605.1,0.061,0.125,0.6238,0.7951
ENSG00000229278,ZNF298,36.2,0.083,0.326,0.7989,0.9005
ENSG00000229314,TMEM99,205.5,0.038,0.172,0.8234,0.9151
ENSG00000229401,1-Dec,550.2,0.038,0.128,0.766,0.8852
ENSG00000229838,C11orf12,153.2,0.433,0.189,0.02205,0.06391
ENSG00000229902,FAM21A,20.2,-0.127,0.416,0.7605,0.8813
ENSG00000229988,SLC23A4,77.6,0.41,0.242,0.08997,0.2035
ENSG00000230055,CCDC109,29.0,-0.296,0.357,0.4072,0.6059
ENSG00000230336,SLC40A5,74.4,0.394,0.245,0.1081,0.2332
ENSG00000230342,DNAJC17,1762.1,-0.005,0.098,0.9603,0.9864
ENSG00000230374,ZNF202,425.9,-0.054,0.138,0.6924,0.8429
ENSG00000230417,LRRC52,99.9,0.092,0.22,0.6751,0.8313
ENSG00000230484,ZNF695,25.7,-0.339,0.376,0.3661,0.5682
ENSG00000230498,PPP1R18,1941.8,-0.1,0.096,0.2979,0.4991
ENSG00000230551,ZNF468,189.2,0.268,0.176,0.1292,0.2676
ENSG00000230624,C4orf16,24.8,-0.255,0.381,0.5044,0.6923
ENSG00000230817,ZNF129,205.8,-0.285,0.172,0.097,0.2159
ENSG00000230862,SLC12A11,121.3,-0.219,0.205,0.2871,0.486
ENSG00000230908,MRPL57,65.9,0.532,0.257,0.03854,0.1016
ENSG00000230911,C6orf51,47.1,-0.526,0.293,0.07249,0.1723
ENSG00000230923,ZNF500,148.6,-0.667,0.191,0.0004879,0.002232
ENSG00000230925,SLC25A7,42.2,-0.052,0.306,0.8655,0.9408
ENSG00000230978,SLC10A7,3425.9,0.075,0.087,0.3932,0.5944
ENSG00000231481,SLC7A11,515.6,0.117,0.13,0.3685,0.5695
ENSG00000231507,FAM219A,3218.8,-0.887,0.088,8.731e-24,1.88e-22
ENSG00000231836,ZNF303,5.6,0.232,0.736,0.7523,0.8741
ENSG00000232018,FAM104A,4277.9,-0.778,0.084,3.269e-20,6.184e-19
ENSG00000232103,CCDC137,1395.7,-0.567,0.103,3.547e-08,3.143e-07
ENSG00000232113,C2orf52,748.3,0.358,0.118,0.002527,0.009908
ENSG00000232207,PPP1R10,374.2,-0.259,0.143,0.06907,0.1656
ENSG00000232225,C21orf25,60.4,0.001,0.266,0.9957,0.9986
ENSG00000232238,FAM142A,59.9,-0.151,0.267,0.572,0.755
ENSG00000232301,RPL4,299.2,-0.339,0.152,0.02634,0.07367
ENSG00000232354,ZNF189,824.2,-0.316,0.116,0.006387,0.02247
ENSG00000232477,ZBTB9,47.9,-0.066,0.291,0.822,0.9151
ENSG00000232491,SLC39A4,54.7,-0.862,0.276,0.001821,0.007345
ENSG00000232582,RPL24,5490.2,-1.062,0.082,9.225e-39,2.636e-37
ENSG00000232593,KLHL42,1140.9,-0.102,0.107,0.344,0.5448
ENSG00000232740,C8orf23,1169.3,-0.12,0.107,0.2625,0.4526
ENSG00000233001,C3orf25,145.3,-0.214,0.193,0.2666,0.4578
ENSG00000233288,C16orf32,453.1,-0.323,0.135,0.01703,0.05161
ENSG00000233572,TMEM39,401.2,-0.246,0.14,0.07853,0.1829
ENSG00000233610,CCDC27,87.1,0.244,0.231,0.2924,0.4931
ENSG00000233773,C3orf43,70.4,0.255,0.251,0.3087,0.5098
ENSG00000233946,SLC36A12,31.3,0.063,0.346,0.855,0.9337
ENSG00000234165,7-Sep,2017.8,0.731,0.096,2.049e-14,2.758e-13
ENSG00000234195,FAM216A,85.1,0.283,0.233,0.2261,0.4058
ENSG00000234314,PPP1R37,4022.4,0.062,0.085,0.468,0.6592
ENSG00000234330,FAM38A,304.7,-0.208,0.152,0.1709,0.3306
ENSG00000234391,SLC17A10,61.5,-0.055,0.264,0.835,0.9223
ENSG00000234565,C12orf58,103.5,-0.476,0.217,0.02841,0.07852
ENSG00000234576,C11orf44,28.4,-0.011,0.36,0.975,0.9916
ENSG00000234626,C21orf48,574.0,0.0,0.127,0.9993,0.9993
ENSG00000234659,CCDC84,679.2,-0.103,0.121,0.3973,0.5944
ENSG00000234702,TMEM235,27.2,0.179,0.367,0.6251,0.7956
ENSG00000234799,ZNF811,71.3,-0.003,0.249,0.9919,0.9986
ENSG00000234816,ZBTB34,560.8,-0.198,0.128,0.1207,0.2542
ENSG00000234847,C9orf40,7.1,-2.654,0.66,5.863e-05,0.0003182
ENSG00000234883,C11orf20,96.8,0.049,0.223,0.825,0.9152
ENSG00000234899,TMEM196,454.0,0.719,0.135,1.042e-07,8.732e-07
ENSG00000235216,C5orf26,246.0,-0.283,0.162,0.08034,0.1859
ENSG00000235272,C5orf32,113.6,0.308,0.21,0.1425,0.287
ENSG00000235273,SLC28A5,27916.2,0.037,0.07,0.592,0.7713
ENSG00000235300,C14orf40,1051.1,1.209,0.109,2.103e-28,5.257e-27
ENSG00000235434,FAM123A,128.3,-0.285,0.201,0.1561,0.3066
ENSG00000235437,ZNF474,271.0,-0.31,0.157,0.04847,0.1221
ENSG00000235443,ZNF814,71.1,0.446,0.25,0.07411,0.1753
ENSG00000235577,CCDC107,166.7,0.049,0.184,0.7881,0.8956
ENSG00000235714,C19orf53,4476.5,-0.278,0.084,0.0009198,0.004024
ENSG00000235882,FAM50A,954.3,0.206,0.112,0.06533,0.1577
ENSG00000236047,ZNF726,27.3,-0.075,0.366,0.8386,0.9223
ENSG00000236193,ZNF381,10.1,-0.298,0.563,0.5963,0.7726
ENSG00000236460,C10orf39,4526.0,-0.236,0.084,0.00488,0.01793
ENSG00000236941,LRRC42,177.4,0.426,0.18,0.01808,0.05421
ENSG00000237107,ZNF524,386.4,-0.368,0.141,0.009167,0.03034
ENSG00000237387,FAM167A,1308.8,-0.172,0.104,0.09813,0.2177
ENSG00000237619,C22orf24,1201.2,0.001,0.106,0.9933,0.9986
ENSG00000237869,C2orf37,467.1,-0.056,0.134,0.6764,0.8321
ENSG00000238143,C2orf58,27.6,-0.471,0.365,0.1961,0.3656
ENSG00000238251,ZNF560,10.5,0.84,0.554,0.1292,0.2676
ENSG00000238805,FAM69B,141.8,-0.446,0.194,0.0217,0.06328
ENSG00000238903,DNAJC14,83.0,-0.014,0.236,0.9531,0.9818
ENSG00000238969,C6orf21,627.5,-1.067,0.124,7.188e-18,1.209e-16
ENSG00000239104,ZNF414,27.6,0.434,0.365,0.2337,0.4157
ENSG00000239147,ZNF827,623.7,0.123,0.124,0.3209,0.5218
ENSG00000239261,C21orf15,11547.6,-0.198,0.075,0.008328,0.02796
ENSG00000239273,ZNF653,143.4,-0.165,0.194,0.3936,0.5944
ENSG00000239414,SLC19A9,57.2,0.674,0.272,0.01303,0.04147
ENSG00000239465,C1orf19,268.5,0.126,0.158,0.4253,0.6216
ENSG00000239661,WDR3,1223.0,-0.134,0.106,0.205,0.3772
ENSG00000239701,CCDC163,819.9,-0.029,0.116,0.8002,0.9012
ENSG00000239810,SLC3A5,137.7,-0.405,0.196,0.03916,0.1023
ENSG00000239970,ZNF605,34.7,-0.12,0.332,0.7176,0.855
ENSG00000240227,C10orf26,16.0,0.133,0.46,0.773,0.8878
ENSG00000240234,FAM90B,96.9,-1.93,0.223,4.147e-18,7.168e-17
ENSG00000240248,ZNF290,65.0,-0.338,0.258,0.1909,0.3584
ENSG00000240420,SLC37A7,1481.2,0.383,0.102,0.0001609,0.0007961
ENSG00000240544,SLC25A8,50.4,-0.364,0.285,0.2021,0.3736
ENSG00000240980,ZNF438,1079.0,-0.304,0.109,0.005202,0.01896
ENSG00000241166,SLC2A3,75.7,0.251,0.244,0.3044,0.5061
ENSG00000241791,C1orf58,1092.0,0.67,0.108,6.273e-10,6.184e-09
ENSG00000241846,C21orf59,518.9,-0.309,0.13,0.01749,0.05254
ENSG00000241914,RPS17,123.6,-0.368,0.204,0.0715,0.1704
ENSG00000242153,ZBTB3,4.9,-0.177,0.783,0.8214,0.9151
ENSG00000242387,C22orf39,224.0,0.399,0.167,0.01685,0.05116
ENSG00000242544,FAM187B,2807.4,-0.664,0.09,1.843e-13,2.389e-12
ENSG00000242728,FAM169A,2653.5,0.184,0.091,0.04331,0.1117
ENSG00000242742,CCDC108,834.9,0.268,0.115,0.02023,0.05975
ENSG00000242915,C20orf48,215.4,0.334,0.169,0.04806,0.1212
ENSG00000243335,FAM155A,161.1,-0.661,0.186,0.0003838,0.001791
ENSG00000243387,SLC3A12,34.1,-0.273,0.334,0.413,0.6083
ENSG00000243652,KRT81,1155.7,0.499,0.107,3.158e-06,2.178e-05
ENSG00000243683,C15orf44,3.3,0.283,0.941,0.7634,0.8841
ENSG00000243684,ZNF138,175.2,-0.413,0.181,0.02242,0.06445
ENSG00000243691,C17orf40,145.3,-1.938,0.193,8.89e-24,1.886e-22
ENSG00000243936,ZNF146,860.5,-0.303,0.115,0.008129,0.02749
ENSG00000244003,C4orf31,185.6,0.384,0.177,0.03039,0.08374
ENSG00000244300,FAM189B,18.9,-0.191,0.428,0.6554,0.8149
ENSG00000244357,GAPDH,111.7,-0.243,0.211,0.2508,0.4364
ENSG00000244532,WDR59,539.3,0.708,0.129,4.037e-08,3.555e-07
ENSG00000244865,C7orf26,247.4,0.096,0.162,0.5531,0.7382
ENSG00000245017,ANKRD3,2832.3,0.129,0.09,0.1521,0.3007
ENSG00000245136,ZNF444,6468.7,0.259,0.08,0.00121,0.005117
ENSG00000245191,ZNF691,98.7,-0.233,0.221,0.2927,0.4931
ENSG00000245313,C15orf28,5328.2,-0.227,0.082,0.005647,0.02017
ENSG00000245600,ZNF318,505.6,0.068,0.131,0.6024,0.777
ENSG00000245793,C10orf32,7977.4,1.517,0.078,2.134e-84,1.572e-82
ENSG00000246058,SLC23A5,830.0,-1.211,0.116,1.057e-25,2.467e-24
ENSG00000246121,C5orf34,1939.0,0.051,0.096,0.5992,0.7747
ENSG00000246155,LRRC27,47.5,1.875,0.292,1.392e-10,1.454e-09
ENSG00000246166,SLC41A10,1615.7,0.563,0.1,1.646e-08,1.496e-07
ENSG00000246203,FAM210B,119.7,-0.675,0.206,0.00106,0.004513
ENSG00000246398,TRIM13,8.8,-0.385,0.599,0.5203,0.7072
ENSG00000246569,FAM229B,205.6,-0.208,0.172,0.2264,0.4058
ENSG00000246701,C21orf54,576.8,0.086,0.127,0.4991,0.6885
ENSG00000246810,C1orf15,92.9,-0.351,0.226,0.1208,0.2542
ENSG00000246968,TMEM188,112.2,0.052,0.211,0.8065,0.9062
ENSG00000246995,RPL16,70.6,-0.362,0.25,0.1488,0.2963
ENSG00000247124,SLC25A5,111.0,0.457,0.212,0.03103,0.08518
ENSG00000247184,ANKRD34,335.3,0.056,0.147,0.7053,0.8462
ENSG00000247345,WDR47,855.5,-1.701,0.115,1.003e-49,3.426e-48
ENSG00000247353,C3orf33,40.5,-1.724,0.311,3.093e-08,2.775e-07
ENSG00000247377,CCDC24,179.7,0.068,0.179,0.7052,0.8462
ENSG00000247871,WDR9,108.5,0.727,0.214,0.0006688,0.003011
ENSG00000248062,TMEM146,90.1,0.194,0.229,0.3969,0.5944
ENSG00000248139,SLC35A12,457.7,-0.503,0.135,0.0001914,0.0009402
ENSG00000248230,ZNF797,559.6,-0.118,0.128,0.3566,0.5578
ENSG00000248322,SLC44A2,793.2,-0.301,0.117,0.009957,0.03257
ENSG00000248352,TMEM132,45.7,-0.039,0.297,0.8958,0.9566
ENSG00000248709,ZBTB1,4.0,0.208,0.86,0.8087,0.9065
ENSG00000248836,FAM55A,740.6,0.236,0.119,0.04692,0.1199
ENSG00000248860,FAM180B,382.8,0.021,0.142,0.8833,0.9494
ENSG00000248877,C5orf56,236.9,-0.16,0.164,0.3278,0.5294
ENSG00000248952,SLC17A1,179.7,-0.647,0.179,0.0003117,0.001479
ENSG00000249226,C3orf36,535.3,-0.19,0.129,0.1413,0.2861
ENSG00000249774,ZNF199,1526.7,1.068,0.101,3.703e-26,8.788e-25
ENSG00000249945,CCDC143,170.5,0.503,0.183,0.005811,0.02065
ENSG00000250001,WDR88,55.4,0.345,0.275,0.2096,0.3828
ENSG00000250506,ZNF774,661.3,0.401,0.122,0.001045,0.004473
ENSG00000250586,SLC31A1,206.4,0.164,0.171,0.3388,0.5419
ENSG00000250974,MRPL5,114.1,-0.448,0.21,0.03262,0.08849
ENSG00000251011,C6orf54,121.2,0.244,0.205,0.2355,0.4173
ENSG00000251291,ANKRD23,609.8,0.671,0.125,7.674e-08,6.591e-07
ENSG00000251337,ZNF645,138.3,-0.67,0.196,0.0006313,0.002869
ENSG00000251391,SLC27A10,156.9,-1.447,0.188,1.286e-14,1.801e-13
ENSG00000251538,C16orf42,3570.6,0.18,0.087,0.03772,0.09981
ENSG00000252218,ZNF279,1271.0,0.845,0.105,7.579e-16,1.117e-14
ENSG00000252290,C15orf35,723.9,-2.547,0.119,8.134e-101,8.134e-99
ENSG00000252392,LRRC56,759.8,0.125,0.118,0.2887,0.4882
ENSG00000252568,ZNF269,32.1,0.164,0.342,0.632,0.8007
ENSG00000252935,KRT83,266.4,0.465,0.158,0.003247,0.01246
ENSG00000252954,RPS2,341.1,0.074,0.147,0.6155,0.7876
ENSG00000252995,CCDC160,241.4,-0.068,0.163,0.6771,0.8321
ENSG00000253141,ZNF716,56.6,-0.11,0.273,0.6856,0.8367
ENSG00000253458,ZNF116,2186.8,0.247,0.094,0.008761,0.02914
ENSG00000253478,TRIM40,1.1,-0.046,1.586,0.9766,0.9916
ENSG00000253647,C7orf50,1348.8,-0.212,0.104,0.04056,0.1052
ENSG00000253797,SLC30A7,686.5,-0.018,0.121,0.882,0.9491
ENSG00000253880,ZNF580,10.8,-0.338,0.547,0.5363,0.7233
ENSG00000253914,ZNF485,143.2,0.426,0.194,0.0278,0.07706
ENSG00000254093,C12orf38,563.5,0.933,0.127,2.401e-13,3.055e-12
ENSG00000254158,ZBTB27,6136.8,0.102,0.08,0.2042,0.3761
ENSG00000254591,RPL3,610.9,0.511,0.125,4.217e-05,0.0002352
ENSG00000254612,TMEM221,31.6,0.467,0.345,0.1757,0.3375
ENSG00000254683,TMEM104,364.7,-0.194,0.144,0.1774,0.3389
ENSG00000254971,C14orf30,4.7,0.569,0.798,0.4759,0.6649
ENSG00000255152,ZNF450,953.4,0.018,0.112,0.8725,0.9432
ENSG00000255201,C19orf45,2143.3,-0.344,0.095,0.0002703,0.0013
ENSG00000255217,C7orf19,194.7,0.042,0.175,0.8086,0.9065
ENSG00000255219,C17orf42,230.2,-0.116,0.165,0.4822,0.6708
ENSG00000255370,ZNF183,143.0,0.469,0.194,0.01546,0.04788
ENSG00000255396,C22orf38,13494.8,0.642,0.074,3.236e-18,5.663e-17
ENSG00000255501,6-Mar,99.5,0.183,0.22,0.4071,0.6059
ENSG00000255589,TMEM194,43.9,-0.154,0.301,0.6095,0.7814
ENSG00000255713,ZBTB25,399.6,-0.461,0.14,0.001005,0.004314
ENSG00000256072,C9orf57,104.8,0.474,0.216,0.02844,0.07852
ENSG00000256168,SLC13A9,56.1,0.121,0.274,0.6596,0.8172
ENSG00000256185,TMEM115,74.1,-0.235,0.246,0.3385,0.5419
ENSG00000256243,TMEM83,1676.0,-0.037,0.099,0.7053,0.8462
ENSG00000256489,CCDC162,1082.5,0.452,0.109,3.22e-05,0.000187
ENSG00000256546,SLC27A12,94.9,-0.379,0.224,0.09133,0.2059
ENSG00000256720,C11orf54,67.9,0.332,0.254,0.191,0.3584
ENSG00000256983,C3orf59,360.5,0.347,0.144,0.01611,0.04934
ENSG00000257018,ZNF737,1031.2,0.194,0.11,0.07755,0.1821
ENSG00000257635,FAM225A,161.1,-0.096,0.186,0.6072,0.7792
ENSG00000257780,SLC7A6,1139.2,-1.954,0.107,5.4e-74,3.15e-72
ENSG00000257827,FAM218A,211.1,0.048,0.17,0.7794,0.8914
ENSG00000257865,C22orf45,2745.6,0.13,0.091,0.1497,0.2972
ENSG00000258098,SLC10A4,58.3,0.364,0.27,0.1769,0.3387
ENSG00000258107,ZNF663,53.4,-0.237,0.279,0.3949,0.5944
ENSG00000258355,SLC38A7,31.7,-0.297,0.344,0.3881,0.5908
ENSG00000258387,RPL26,27.5,-0.072,0.365,0.8427,0.9239
ENSG00000258646,C21orf55,90.1,3.499,0.229,6.659e-53,2.664e-51
ENSG00000258748,ZNF187,198.3,-0.444,0.174,0.01063,0.03454
ENSG00000259060,C12orf18,68.3,-0.193,0.254,0.447,0.6411
ENSG00000259118,C19orf47,1069.4,-2.0,0.109,2.55e-75,1.623e-73
ENSG00000259284,KRT3,32.3,0.506,0.342,0.1386,0.2819
ENSG00000259291,C20orf50,52.3,-0.056,0.281,0.8425,0.9239
ENSG00000259359,C14orf11,632.3,0.192,0.124,0.1203,0.254
ENSG00000259392,C8orf35,19.9,0.064,0.419,0.8777,0.9467
ENSG00000259462,ZNF456,25.0,-0.586,0.38,0.123,0.2579
ENSG00000259646,WDR5,234.8,0.337,0.164,0.04021,0.1044
ENSG00000259756,KRAS,487.6,-0.028,0.132,0.8318,0.9206
ENSG00000259858,TMEM193,98.9,-0.197,0.221,0.3724,0.5729
ENSG00000259933,CCDC125,55.8,-0.063,0.274,0.8173,0.9123
ENSG00000260043,ZNF803,270.0,0.069,0.157,0.6632,0.8209
ENSG00000260286,SLC10A6,5370.4,-0.638,0.082,6.482e-15,9.261e-14
ENSG00000260347,ZNF640,150.0,-0.442,0.191,0.02048,0.06036
ENSG00000260528,SLC2A9,554.6,-0.391,0.128,0.002233,0.008829
ENSG00000260555,ZNF287,156.6,-0.667,0.188,0.0003832,0.001791
ENSG00000260571,ZNF310,154.4,-0.098,0.189,0.6048,0.7782
ENSG00000260751,ZNF741,59.4,-0.01,0.268,0.9706,0.9916
ENSG00000260789,C1orf42,121.9,0.141,0.205,0.4923,0.6818
ENSG00000261150,C2orf36,202.1,0.807,0.173,2.923e-06,2.029e-05
ENSG00000261732,TMEM11,921.9,0.299,0.113,0.00793,0.02701
ENSG00000261758,FAM175B,712.6,-0.49,0.12,4.38e-05,0.0002433
ENSG00000261792,TMEM241,1642.8,-0.226,0.099,0.02315,0.06614
ENSG00000261870,FAM56B,215.0,-0.066,0.169,0.6983,0.845
ENSG00000261920,KRT36,41.2,-0.091,0.309,0.7687,0.8852
ENSG00000262035,C1orf29,979.9,0.297,0.111,0.007617,0.02614
ENSG00000262128,C20orf42,618.3,0.489,0.124,8.389e-05,0.0004415
ENSG00000262133,FAM162A,321.7,0.618,0.149,3.482e-05,0.0001998
ENSG00000262171,C6orf57,653.8,0.243,0.123,0.04715,0.1202
ENSG00000262285,C13orf13,348.8,-0.278,0.146,0.05649,0.14
ENSG00000262297,C15orf40,122.2,0.55,0.205,0.007186,0.02496
ENSG00000262488,C19orf17,1346.0,-0.31,0.104,0.002742,0.01066
ENSG00000262752,ZBTB10,405.2,0.05,0.139,0.7209,0.8568
ENSG00000263093,C20orf34,20.5,-0.302,0.413,0.4648,0.6585
ENSG00000263512,FAM100A,3392.5,0.844,0.087,5.008e-22,1.002e-20
ENSG00000263520,C10orf18,642.3,-0.504,0.123,4.186e-05,0.0002346
ENSG00000263648,ZBTB46,29.3,0.453,0.356,0.2026,0.3736
ENSG00000263901,ZNF340,96.4,0.125,0.223,0.5755,0.7573
ENSG00000263930,ZNF623,189.4,0.139,0.176,0.4304,0.6246
ENSG00000263962,C11orf32,723.0,-0.288,0.12,0.01578,0.04858
ENSG00000264044,C5orf49,875.7,0.439,0.114,0.0001196,0.0006088
ENSG00000264101,CCDC118,39.8,-0.066,0.314,0.8327,0.9209
ENSG00000264209,C18orf12,2683.8,0.145,0.091,0.111,0.2383
ENSG00000264565,C10orf15,5091.6,-0.0,0.082,0.9974,0.9989
ENSG00000264580,C1orf54,862.3,0.478,0.114,2.945e-05,0.0001725
ENSG00000264632,SLC39A10,182.2,-0.453,0.179,0.01119,0.03609
ENSG00000264839,C12orf32,496.7,-0.191,0.132,0.1479,0.2952
ENSG00000264927,MKI67,188.7,0.856,0.176,1.245e-06,8.937e-06
ENSG00000265010,C11orf57,170.3,0.112,0.183,0.5413,0.7266
ENSG00000265436,C12orf25,313.3,0.049,0.15,0.745,0.8699
ENSG00000265625,CCDC68,106.6,0.292,0.215,0.1747,0.3365
ENSG00000265873,CCDC117,487.3,-0.131,0.132,0.323,0.5241
ENSG00000265962,ZNF632,655.2,-0.483,0.123,8.034e-05,0.0004256
ENSG00000266130,C7orf18,351.3,-0.305,0.145,0.03603,0.09608
ENSG00000266266,LRRC44,44.5,0.357,0.3,0.2333,0.4157
ENSG00000266271,C5orf19,333.5,0.276,0.148,0.0616,0.1505
ENSG00000266293,ANKRD25,55.2,-0.108,0.275,0.6937,0.8431
ENSG00000266380,C7orf17,5.3,-0.676,0.755,0.3704,0.5711
ENSG00000266749,C22orf49,500.8,-1.977,0.131,4.456e-51,1.642e-49
ENSG00000266797,PPP1R32,520.4,-2.387,0.13,3.833e-75,2.333e-73
ENSG00000266835,CCDC124,106.6,0.116,0.215,0.5905,0.7704
ENSG00000266916,ZNF694,49408.7,0.186,0.067,0.005588,0.02001
ENSG00000267199,ZNF218,1464.5,0.159,0.102,0.1175,0.2505
ENSG00000267385,IL6,198.2,-0.398,0.174,0.02192,0.06367
ENSG00000267581,TMEM114,2030.8,0.408,0.096,1.91e-05,0.0001157
ENSG00000267776,ZNF825,2537.2,0.014,0.092,0.8788,0.947
ENSG00000267793,C21orf56,82.2,-0.172,0.236,0.4674,0.659
ENSG00000267996,C17orf28,1336.7,0.841,0.104,5.422e-16,8.076e-15
ENSG00000268247,SLC15A10,113.7,-0.705,0.21,0.0007918,0.003497
ENSG00000268374,C5orf45,114.4,0.079,0.21,0.7054,0.8462
ENSG00000268465,C4orf27,14.5,-0.464,0.48,0.3342,0.5384
ENSG00000268727,C11orf11,9.2,-1.682,0.588,0.004208,0.01563
ENSG00000268777,SLC24A2,3229.4,0.166,0.088,0.05908,0.1456
ENSG00000268783,ZNF746,4.8,0.211,0.79,0.7893,0.8961
ENSG00000268938,KLHL7,221.1,-0.161,0.168,0.3369,0.5409
ENSG00000269145,SLC40A6,27.8,0.024,0.363,0.948,0.9788
ENSG00000269233,KRT48,328.6,0.105,0.148,0.48,0.6699
ENSG00000269484,ZNF349,8.3,-0.718,0.615,0.2431,0.4259
ENSG00000269601,C13orf36,157.6,-0.912,0.187,1.137e-06,8.205e-06
ENSG00000269819,SLC41A12,329.3,-0.428,0.148,0.003837,0.01436
ENSG00000270139,C21orf22,126.3,-0.078,0.202,0.7004,0.8456
ENSG00000270154,ZNF424,1063.9,0.453,0.109,3.274e-05,0.0001894
ENSG00000270378,ZNF148,669.3,1.924,0.122,3.698e-56,1.569e-54
ENSG00000270442,RPL30,221.4,0.251,0.168,0.1339,0.2744
ENSG00000270642,SLC43A11,196.2,0.134,0.174,0.4406,0.6347
ENSG00000270732,SLC4A5,121.2,-0.57,0.205,0.005492,0.01982
ENSG00000270814,MRPL43,1406.3,0.137,0.103,0.1826,0.3474
ENSG00000270831,SLC44A5,140.4,-0.433,0.195,0.02636,0.07367
ENSG00000270875,C12orf31,1982.0,-0.146,0.096,0.1271,0.2645
ENSG00000270906,CCDC96,22.9,-0.302,0.394,0.4441,0.6383
ENSG00000270980,C16orf50,44.1,-0.041,0.301,0.8924,0.9566
ENSG00000271134,TMEM137,56.0,-0.193,0.274,0.4808,0.6705
ENSG00000271136,SLC24A10,54.2,-0.111,0.277,0.6892,0.8397
ENSG00000271430,SLC21A11,356.7,-0.478,0.145,0.0009653,0.004165
ENSG00000271461,ZNF373,24.0,0.157,0.387,0.6848,0.8367
ENSG00000271479,C4orf30,153.9,0.128,0.189,0.4998,0.6886
ENSG00000271925,1-Mar,348.0,-0.281,0.146,0.05391,0.1343
ENSG00000271987,SLC18A6,365.5,-0.553,0.144,0.0001188,0.0006068
ENSG00000272114,SLC14A9,10.8,-0.106,0.547,0.8464,0.9272
ENSG00000272241,KLHL28,5268.9,-0.093,0.082,0.2547,0.4419
ENSG00000272365,FAM102B,166.3,-0.719,0.184,9.431e-05,0.0004927
ENSG00000272450,KLHL27,341.6,0.109,0.147,0.4567,0.6504
ENSG00000272591,TMEM13,214.4,0.747,0.169,1.027e-05,6.478e-05
ENSG00000272633,C15orf30,284.3,0.252,0.155,0.1031,0.2263
ENSG00000272648,SLC40A2,424.2,-0.053,0.138,0.6981,0.845
ENSG00000272653,SLC28A6,391.7,-0.372,0.141,0.008224,0.02771
ENSG00000272681,ZNF785,133.6,0.071,0.198,0.7223,0.8577
ENSG00000272724,ANKRD19,81.9,0.247,0.237,0.2976,0.4991
ENSG00000272851,C14orf43,14.5,-0.433,0.48,0.3667,0.5686
ENSG00000273291,TMEM105,705.4,-0.125,0.12,0.3002,0.5003
ENSG00000273339,ANKRD1,5194.2,-0.369,0.082,7.346e-06,4.806e-05
ENSG00000273490,C3orf41,97.4,0.188,0.222,0.3978,0.5944
ENSG00000273495,C16orf15,124.6,0.318,0.203,0.118,0.251
ENSG00000273590,FAM52B,585.8,0.122,0.126,0.3328,0.5368
ENSG00000273866,CCDC131,48.0,-0.076,0.291,0.7948,0.8974
ENSG00000274073,C14orf45,120.0,-0.216,0.206,0.2946,0.4957
ENSG00000274219,LRRC19,192.5,-1.51,0.175,7.254e-18,1.209e-16
ENSG00000274234,SLC43A5,310.4,0.014,0.151,0.9273,0.9718
ENSG00000274245,KRT84,1924.8,-0.059,0.096,0.539,0.7249
ENSG00000274462,C1orf22,146.4,-0.054,0.192,0.7785,0.8912
ENSG00000274876,FAM112A,53.9,0.041,0.278,0.8837,0.9494
ENSG00000274923,C14orf55,91.3,-0.007,0.227,0.9753,0.9916
ENSG00000274967,C6orf26,2043.3,-0.476,0.095,5.942e-07,4.497e-06
ENSG00000275208,ZNF600,1422.7,0.269,0.102,0.008564,0.02862
ENSG00000275235,ZNF363,8495.0,0.079,0.077,0.3096,0.51
ENSG00000275277,CCDC48,38.7,-0.319,0.317,0.314,0.5144
ENSG00000275462,ZNF356,298.5,0.282,0.153,0.06454,0.1563
ENSG00000275527,FAM127B,1985.3,-0.08,0.096,0.4029,0.6007
ENSG00000275944,LRRC21,1668.6,-0.111,0.099,0.2643,0.4551
ENSG00000276126,C11orf45,15.7,-0.831,0.464,0.07311,0.1735
ENSG00000276159,ZNF671,296.0,-0.089,0.153,0.5622,0.7453
ENSG00000276247,C2orf34,431.3,3.033,0.137,1.62e-108,1.89e-106
ENSG00000276512,C13orf42,35.9,0.083,0.327,0.8008,0.9012
ENSG00000276613,CCDC168,1932.3,-0.612,0.096,2.205e-10,2.254e-09
ENSG00000276743,WDR86,6130.7,-0.356,0.08,9.337e-06,5.964e-05
ENSG00000276848,FAM49A,221.6,0.186,0.167,0.2668,0.4578
ENSG00000276913,WDR34,487.6,0.078,0.132,0.5576,0.7413
ENSG00000276936,ZNF707,94.0,-0.815,0.225,0.0002941,0.001401
ENSG00000276978,ANKRD7,4009.8,0.361,0.085,2.354e-05,0.0001393
ENSG00000277051,KRT2,323.9,-0.014,0.149,0.9271,0.9718
ENSG00000277090,SLC36A11,154.5,0.006,0.189,0.9767,0.9916
ENSG00000277109,FAM164A,85.1,-0.078,0.233,0.737,0.8642
ENSG00000277218,TMEM33,2987.8,-0.348,0.089,9.636e-05,0.0005015
ENSG00000277467,WDR40,119.0,-0.91,0.207,1.076e-05,6.754e-05
ENSG00000277596,CCDC55,16.4,0.195,0.455,0.6682,0.8245
ENSG00000277621,ZNF554,4962.3,0.0,0.083,0.9956,0.9986
ENSG00000277916,TRIM30,233.6,0.167,0.165,0.3096,0.51
ENSG00000277930,C9orf14,133.5,0.131,0.198,0.5098,0.6983
ENSG00000278063,C22orf25,105.5,-0.855,0.216,7.403e-05,0.0003941
ENSG00000278228,MRPL47,81.0,0.284,0.238,0.2325,0.4157
ENSG00000278353,C21orf52,1883.0,-0.642,0.097,3.502e-11,3.772e-10
ENSG00000278595,CCDC172,47.9,0.347,0.291,0.2334,0.4157
ENSG00000278769,SLC14A6,121.6,0.439,0.205,0.03242,0.08815
ENSG00000278813,FAM131B,85.3,-0.183,0.233,0.4316,0.6246
ENSG00000278948,TMEM217,117.7,-0.179,0.207,0.3891,0.5908
ENSG00000279391,ABCA12,13.7,0.505,0.492,0.3052,0.5063
ENSG00000279468,FAM87B,622.5,0.268,0.124,0.03087,0.0849
ENSG00000279556,C2orf18,87.8,1.637,0.231,1.31e-12,1.555e-11
ENSG00000279934,8-Mar,177.7,0.187,0.18,0.2989,0.5
ENSG00000280014,9-Sep,137.4,0.185,0.196,0.3459,0.5466
ENSG00000280026,FAM215B,526.3,0.213,0.13,0.1001,0.2211
ENSG00000280043,FAM116B,322.9,-2.089,0.149,1.284e-44,3.908e-43
ENSG00000280052,C11orf49,1141.2,0.102,0.107,0.3436,0.5448
ENSG00000280093,SLC6A2,394.4,-0.177,0.141,0.2084,0.382
ENSG00000280148,ZNF186,455.5,-0.036,0.135,0.7924,0.8961
ENSG00000280151,C18orf14,92.7,-1.418,0.226,3.586e-10,3.611e-09
ENSG00000280164,ZNF614,2185.8,0.292,0.094,0.001913,0.007674
ENSG00000280249,C22orf46,4995.7,-0.049,0.083,0.5565,0.7406
ENSG00000280435,C22orf54,2503.6,0.616,0.092,2.074e-11,2.268e-10
ENSG00000280545,PPP1R35,90.3,-0.272,0.228,0.2331,0.4157
ENSG00000280558,ZNF672,235.7,0.071,0.164,0.665,0.8218
ENSG00000280709,C7orf41,95.4,-0.4,0.224,0.07424,0.1753
ENSG00000280733,FAM187A,124.0,0.289,0.204,0.1559,0.3066
ENSG00000280790,CCDC183,121.6,-0.034,0.205,0.867,0.941
ENSG00000280868,C20orf14,1351.2,0.279,0.104,0.007033,0.02449
ENSG00000280871,ZNF158,904.8,0.563,0.113,6.636e-07,4.995e-06
ENSG00000280880,CCDC67,165.1,-0.269,0.185,0.1453,0.2913
ENSG00000280916,ZNF537,177.6,0.388,0.18,0.03131,0.08578
ENSG00000281173,KRT79,171.2,-0.227,0.182,0.2138,0.3882
ENSG00000281192,TMEM219,1127.4,-0.377,0.108,0.0004555,0.002097
ENSG00000281251,TMEM249,115.2,0.126,0.209,0.547,0.7321
ENSG00000281395,ZNF364,126.1,0.37,0.202,0.06772,0.1626
ENSG00000281554,FAM139A,115.1,-0.042,0.209,0.8408,0.9232
ENSG00000281800,ANKRD45,170.5,0.088,0.183,0.6279,0.797
ENSG00000281818,KRT85,308.2,2.409,0.151,3.357e-57,1.516e-55
ENSG00000282421,ZNF819,73.4,-0.113,0.247,0.6481,0.8097
ENSG00000282591,ZNF132,1318.6,-0.194,0.104,0.06245,0.1523
ENSG00000282618,CCDC85,8.1,0.269,0.622,0.6651,0.8218
ENSG00000282913,C18orf40,2185.5,0.258,0.094,0.006172,0.02177
ENSG00000282984,NDUFA7,59.3,-0.073,0.268,0.7852,0.8951
ENSG00000283331,FAM213B,14.6,0.349,0.479,0.4657,0.6586
ENSG00000283402,ZNF563,10648.1,-0.468,0.076,5.826e-10,5.826e-09
ENSG00000283408,TMEM252,88.8,0.438,0.23,0.05666,0.1401
ENSG00000284120,CCDC171,112.4,-0.003,0.211,0.9884,0.997
ENSG00000284164,C5orf28,218.2,0.115,0.168,0.4942,0.6837
ENSG00000284235,ZNF105,340.2,0.218,0.147,0.1367,0.2789
ENSG00000284332,FAM135B,5761.4,-0.142,0.081,0.0795,0.1843
ENSG00000284464,C8orf13,130.2,0.094,0.2,0.6377,0.8041
ENSG00000284599,C20orf18,879.2,0.28,0.114,0.01411,0.0444
ENSG00000284631,C3orf52,102.7,-1.88,0.218,6.165e-18,1.053e-16
ENSG00000284650,C2orf15,10.7,-0.255,0.549,0.6421,0.8069
ENSG00000284865,ZNF375,59.3,1.419,0.268,1.175e-07,9.79e-07
ENSG00000284877,TMEM251,784.6,-0.675,0.117,8.058e-09,7.521e-08
ENSG00000284978,C17orf52,162.9,-1.303,0.185,2.087e-12,2.435e-11
ENSG00000285058,TMEM174,33.9,-0.674,0.335,0.04411,0.1135
ENSG00000285223,C1orf45,52.5,-0.221,0.281,0.4312,0.6246
ENSG00000285231,WDR27,2629.1,-0.457,0.091,5.455e-07,4.15e-06
ENSG00000285260,C6orf27,838.3,0.041,0.115,0.7209,0.8568
ENSG00000285411,C14orf49,1396.7,0.22,0.103,0.03271,0.08857
ENSG00000285530,SLC8A3,462.6,-0.205,0.134,0.1271,0.2645
ENSG00000285813,C9orf49,244.6,0.208,0.162,0.1992,0.3689
ENSG00000286035,ANKRD64,92.3,0.21,0.227,0.3529,0.5545
ENSG00000286119,C2orf35,2055.7,0.187,0.095,0.04992,0.1253
ENSG00000286386,ZNF262,131.3,0.299,0.2,0.1336,0.2742
ENSG00000286438,KRT29,273.0,-0.252,0.157,0.1076,0.2325
ENSG00000286439,TMEM100,53.2,0.256,0.279,0.3592,0.5613
ENSG00000286929,ZNF397,389.1,0.184,0.141,0.1915,0.3587
ENSG00000287029,PPP1R4,1014.2,0.179,0.11,0.1045,0.2278
ENSG00000287319,SLC30A5,143.6,-0.639,0.194,0.0009668,0.004165
ENSG00000287381,C11orf51,892.6,-2.757,0.114,3.426e-130,7.994e-128
ENSG00000287399,TMEM91,18.3,-0.075,0.434,0.8622,0.9386
ENSG00000287400,FAM178B,862.0,0.15,0.114,0.1907,0.3584
ENSG00000287401,2-Mar,1806.5,-0.261,0.098,0.007565,0.02602
ENSG00000287554,ZNF341,40.3,0.032,0.312,0.9192,0.9694
ENSG00000287555,C15orf31,511.0,-0.317,0.131,0.01545,0.04788
ENSG00000287918,SLC6A3,12.2,0.137,0.518,0.7919,0.8961
ENSG00000288003,TMEM10,122.7,0.147,0.204,0.4734,0.6633
ENSG00000288212,C14orf44,32.1,0.348,0.342,0.3088,0.5098
ENSG00000288299,WDR45,894.2,-0.539,0.114,2.025e-06,1.432e-05
ENSG00000288561,C20orf29,38.3,0.386,0.319,0.2254,0.4051
ENSG00000289059,C1orf41,378.1,0.258,0.142,0.07032,0.168
ENSG00000289097,C20orf46,549.4,0.062,0.128,0.6312,0.8004
ENSG00000289473,RPL31,58.4,0.076,0.269,0.7764,0.8895
ENSG00000289544,TRIM22,2430.5,1.302,0.092,5.088e-45,1.583e-43
ENSG00000289579,SLC22A4,52.4,-0.204,0.281,0.4673,0.659
ENSG00000289786,SLC3A6,124.2,1.047,0.204,2.73e-07,2.147e-06
