trip_id,depart_date,origin,destination,crates,distance_km,transit_hours,door_openings,cargo_temp_c,rejected_pct
7001,2024-03-10,Devgad,Hyderabad,248,775,17.7,4,12.0,10.7
7002,2024-03-10,Ratnagiri,Mumbai,405,338,6.9,4,11.2,6.9
7003,2024-03-10,Ratnagiri,Hyderabad,289,763,21.6,5,13.3,8.0
7004,2024-03-10,Devgad,Pune,350,348,7.6,1,13.8,7.5
7005,2024-03-10,Ratnagiri,Pune,191,309,8.7,0,11.8,2.7
7006,2024-03-10,Ratnagiri,Mumbai,300,339,7.1,1,12.9,4.8
7007,2024-03-10,Ratnagiri,Hyderabad,265,761,17.3,2,14.6,12.6
7008,2024-03-11,Ratnagiri,Bengaluru,363,831,20.7,5,10.1,12.2
7009,2024-03-11,Ratnagiri,Pune,197,305,7.1,2,12.9,4.5
7010,2024-03-11,Ratnagiri,Mumbai,210,357,6.8,2,12.0,7.9
7011,2024-03-11,Devgad,Ahmedabad,249,884,19.4,5,12.0,12.1
7012,2024-03-11,Ratnagiri,Mumbai,271,306,8.9,2,12.0,8.4
7013,2024-03-11,Ratnagiri,Pune,218,307,8.7,1,12.0,7.5
7014,2024-03-11,Ratnagiri,Pune,330,302,6.9,0,12.0,2.9
7015,2024-03-11,Ratnagiri,Mumbai,298,340,9.7,2,12.0,9.0
7016,2024-03-11,Ratnagiri,Ahmedabad,268,841,15.6,0,12.0,3.7
7017,2024-03-11,Ratnagiri,Ahmedabad,338,965,21.8,2,12.0,10.6
7018,2024-03-12,Devgad,Mumbai,196,373,10.6,2,12.0,7.8
7019,2024-03-12,Ratnagiri,Hyderabad,278,784,17.6,0,12.0,5.4
7020,2024-03-12,Devgad,Hyderabad,209,800,16.7,2,12.0,3.5
7021,2024-03-12,Ratnagiri,Pune,274,277,6.2,1,12.0,4.3
7022,2024-03-12,Ratnagiri,Mumbai,390,340,9.8,1,12.0,6.4
7023,2024-03-12,Devgad,Pune,268,340,9.3,2,12.0,6.4
7024,2024-03-13,Ratnagiri,Ahmedabad,300,882,23.8,4,12.0,5.5
7025,2024-03-13,Ratnagiri,Ahmedabad,235,823,17.7,2,12.0,5.5
7026,2024-03-13,Ratnagiri,Pune,243,309,6.8,0,12.0,3.1
7027,2024-03-13,Ratnagiri,Bengaluru,323,815,19.1,2,12.0,7.6
7028,2024-03-13,Ratnagiri,Mumbai,356,357,6.2,3,12.0,6.5
7029,2024-03-13,Devgad,Pune,299,342,8.7,5,12.0,8.1
7030,2024-03-13,Ratnagiri,Hyderabad,187,756,17.5,5,12.0,12.5
7031,2024-03-13,Ratnagiri,Mumbai,378,350,7.8,1,12.0,4.4
7032,2024-03-13,Ratnagiri,Ahmedabad,385,799,16.9,2,12.0,6.0
7033,2024-03-13,Devgad,Mumbai,291,375,11.2,5,12.0,14.5
7034,2024-03-13,Ratnagiri,Pune,279,303,10.8,1,12.0,5.2
7035,2024-03-14,Ratnagiri,Ahmedabad,318,885,18.6,7,12.0,14.0
7036,2024-03-14,Devgad,Hyderabad,399,859,18.9,4,12.0,9.9
7037,2024-03-14,Devgad,Bengaluru,390,923,20.3,0,12.0,6.7
7038,2024-03-14,Ratnagiri,Mumbai,333,353,9.0,0,12.0,4.3
7039,2024-03-14,Devgad,Ahmedabad,417,898,20.7,1,12.0,9.0
7040,2024-03-14,Ratnagiri,Mumbai,354,350,7.8,2,12.0,8.8
7041,2024-03-14,Ratnagiri,Bengaluru,265,733,17.9,1,12.0,7.8
7042,2024-03-14,Ratnagiri,Bengaluru,203,868,18.6,1,12.0,10.2
7043,2024-03-14,Devgad,Pune,232,368,10.5,2,12.0,7.0
7044,2024-03-14,Ratnagiri,Pune,389,298,6.4,0,12.0,3.6
7045,2024-03-14,Ratnagiri,Ahmedabad,382,862,17.4,4,12.0,8.1
7046,2024-03-14,Devgad,Mumbai,332,379,12.3,3,12.0,7.3
7047,2024-03-15,Devgad,Bengaluru,372,858,21.6,4,12.0,10.4
7048,2024-03-15,Devgad,Ahmedabad,361,865,18.0,0,12.0,5.3
7049,2024-03-15,Devgad,Bengaluru,411,823,15.8,1,12.0,7.0
7050,2024-03-15,Ratnagiri,Pune,210,286,7.9,3,12.0,7.6
7051,2024-03-15,Devgad,Ahmedabad,366,960,20.7,1,12.0,2.3
7052,2024-03-15,Ratnagiri,Pune,354,288,8.8,1,12.0,2.9
7053,2024-03-15,Ratnagiri,Mumbai,198,369,10.4,2,12.0,6.1
7054,2024-03-15,Devgad,Hyderabad,407,729,14.8,1,12.0,8.8
7055,2024-03-15,Devgad,Mumbai,184,399,10.2,3,12.0,6.8
7056,2024-03-15,Devgad,Hyderabad,327,826,17.1,3,12.0,8.4
7057,2024-03-15,Ratnagiri,Hyderabad,318,785,18.1,2,12.0,9.3
7058,2024-03-15,Devgad,Pune,283,343,7.2,2,12.0,3.8
7059,2024-03-15,Ratnagiri,Ahmedabad,323,886,16.8,5,12.0,7.5
7060,2024-03-15,Ratnagiri,Mumbai,180,344,8.0,0,12.0,6.9
7061,2024-03-15,Devgad,Mumbai,367,382,8.8,2,12.0,6.3
7062,2024-03-16,Devgad,Bengaluru,358,811,18.6,0,12.0,4.0
7063,2024-03-16,Devgad,Mumbai,254,396,9.4,3,12.0,7.3
7064,2024-03-16,Ratnagiri,Ahmedabad,267,898,24.4,3,12.0,9.3
7065,2024-03-16,Ratnagiri,Mumbai,186,318,8.0,4,12.0,3.6
7066,2024-03-16,Ratnagiri,Hyderabad,293,829,16.6,0,12.0,1.6
7067,2024-03-16,Devgad,Mumbai,315,389,9.8,1,12.0,9.7
7068,2024-03-17,Ratnagiri,Pune,388,289,7.3,2,12.0,8.4
7069,2024-03-17,Ratnagiri,Pune,290,282,9.1,1,12.0,2.6
7070,2024-03-17,Ratnagiri,Ahmedabad,181,805,20.4,4,12.0,9.5
7071,2024-03-17,Devgad,Mumbai,256,360,10.2,3,12.0,10.1
7072,2024-03-17,Ratnagiri,Mumbai,220,331,8.5,2,12.0,7.2
7073,2024-03-17,Devgad,Pune,341,344,7.9,3,12.0,6.8
7074,2024-03-17,Devgad,Hyderabad,224,831,22.2,1,12.0,11.8
7075,2024-03-18,Ratnagiri,Mumbai,239,369,9.7,6,12.0,13.1
7076,2024-03-18,Ratnagiri,Mumbai,384,348,8.4,1,12.0,7.2
7077,2024-03-18,Ratnagiri,Mumbai,376,329,9.0,1,12.0,3.9
7078,2024-03-18,Devgad,Pune,223,327,8.0,4,12.0,11.1
7079,2024-03-18,Devgad,Bengaluru,303,851,18.6,1,12.0,5.2
7080,2024-03-18,Devgad,Mumbai,411,384,7.8,4,12.0,5.0
7081,2024-03-18,Ratnagiri,Mumbai,348,333,7.5,5,12.0,7.2
7082,2024-03-18,Ratnagiri,Mumbai,363,334,6.3,5,12.0,5.9
7083,2024-03-18,Ratnagiri,Ahmedabad,221,826,16.7,2,12.0,9.2
7084,2024-03-19,Ratnagiri,Bengaluru,381,812,21.6,2,12.0,9.3
7085,2024-03-19,Devgad,Mumbai,298,381,9.5,4,12.0,6.2
7086,2024-03-19,Devgad,Pune,383,358,9.5,1,12.0,6.0
7087,2024-03-19,Ratnagiri,Pune,301,285,7.5,2,12.0,5.7
7088,2024-03-19,Ratnagiri,Bengaluru,199,832,15.8,3,12.0,10.4
7089,2024-03-20,Ratnagiri,Mumbai,330,346,8.6,0,12.0,4.3
7090,2024-03-20,Ratnagiri,Pune,387,306,6.2,4,12.0,10.3
7091,2024-03-20,Ratnagiri,Pune,296,285,7.3,2,12.0,6.6
7092,2024-03-20,Ratnagiri,Ahmedabad,345,840,20.1,3,12.0,7.1
7093,2024-03-20,Ratnagiri,Pune,222,321,7.5,2,12.0,3.7
7094,2024-03-20,Ratnagiri,Pune,218,314,14.3,3,12.0,8.0
7095,2024-03-20,Devgad,Pune,280,349,7.5,0,12.0,7.3
7096,2024-03-20,Ratnagiri,Mumbai,295,360,7.9,2,12.0,9.6
7097,2024-03-20,Devgad,Mumbai,362,390,10.9,2,12.0,6.8
7098,2024-03-20,Devgad,Mumbai,339,417,8.6,2,12.0,2.6
7099,2024-03-20,Ratnagiri,Pune,339,294,7.2,2,12.0,6.4
7100,2024-03-20,Ratnagiri,Mumbai,281,355,11.8,3,12.0,5.7
7101,2024-03-20,Devgad,Hyderabad,393,820,18.7,2,12.0,6.1
7102,2024-03-20,Ratnagiri,Mumbai,235,333,7.4,1,12.0,7.0
7103,2024-03-20,Devgad,Hyderabad,351,837,18.7,1,12.0,11.0
7104,2024-03-20,Ratnagiri,Hyderabad,307,761,17.3,2,12.0,6.0
7105,2024-03-20,Devgad,Pune,321,322,9.7,2,12.0,8.1
7106,2024-03-21,Ratnagiri,Mumbai,401,354,7.5,4,12.0,7.2
7107,2024-03-21,Ratnagiri,Mumbai,182,319,7.1,1,12.0,2.9
7108,2024-03-21,Ratnagiri,Mumbai,216,337,7.3,1,12.0,4.7
7109,2024-03-21,Ratnagiri,Mumbai,232,343,8.0,2,12.0,4.3
7110,2024-03-21,Devgad,Bengaluru,339,870,20.3,5,12.0,8.9
7111,2024-03-21,Ratnagiri,Hyderabad,248,774,19.3,3,12.0,12.2
7112,2024-03-21,Devgad,Pune,252,321,8.1,4,12.0,7.9
7113,2024-03-21,Devgad,Hyderabad,388,805,22.3,5,12.0,9.8
7114,2024-03-22,Devgad,Mumbai,405,383,10.7,2,12.0,7.0
7115,2024-03-22,Devgad,Mumbai,380,363,8.0,1,12.0,2.4
7116,2024-03-22,Ratnagiri,Mumbai,300,352,9.4,3,12.0,8.3
7117,2024-03-22,Devgad,Mumbai,224,387,9.8,4,12.0,9.7
7118,2024-03-22,Ratnagiri,Bengaluru,385,797,19.8,1,12.0,4.4
7119,2024-03-22,Ratnagiri,Pune,407,299,6.9,1,12.0,5.8
7120,2024-03-22,Ratnagiri,Mumbai,287,324,7.1,2,12.0,3.4
7121,2024-03-22,Ratnagiri,Mumbai,254,313,7.3,3,12.0,4.8
7122,2024-03-22,Devgad,Pune,383,338,7.9,1,12.0,6.0
7123,2024-03-22,Ratnagiri,Mumbai,254,327,9.2,0,12.0,6.2
7124,2024-03-22,Ratnagiri,Pune,266,283,7.7,1,12.0,1.9
7125,2024-03-22,Devgad,Mumbai,249,381,8.4,0,12.0,5.7
7126,2024-03-22,Devgad,Mumbai,299,394,9.1,0,12.0,5.0
7127,2024-03-22,Devgad,Mumbai,190,371,7.6,2,12.0,3.8
7128,2024-03-23,Ratnagiri,Pune,364,296,6.7,1,12.0,2.1
7129,2024-03-23,Devgad,Mumbai,317,363,8.7,0,12.0,4.2
7130,2024-03-23,Ratnagiri,Mumbai,412,346,10.0,3,12.0,9.1
7131,2024-03-23,Ratnagiri,Ahmedabad,348,865,17.6,2,12.0,4.5
7132,2024-03-23,Ratnagiri,Pune,281,309,6.7,1,12.0,3.3
7133,2024-03-24,Ratnagiri,Mumbai,330,331,8.0,2,12.0,4.5
7134,2024-03-24,Ratnagiri,Hyderabad,251,795,17.8,3,12.0,9.0
7135,2024-03-24,Devgad,Pune,343,332,9.5,0,12.0,3.0
7136,2024-03-24,Ratnagiri,Mumbai,261,329,13.0,2,12.0,5.9
7137,2024-03-24,Ratnagiri,Mumbai,416,338,7.6,0,12.0,5.3
7138,2024-03-24,Ratnagiri,Mumbai,249,319,6.5,2,12.0,10.3
7139,2024-03-24,Devgad,Pune,379,348,8.5,1,12.0,3.3
7140,2024-03-24,Ratnagiri,Pune,290,304,9.8,2,12.0,5.6
7141,2024-03-24,Devgad,Bengaluru,294,902,17.3,2,12.0,2.8
7142,2024-03-24,Ratnagiri,Mumbai,352,346,7.0,3,12.0,8.0
7143,2024-03-24,Ratnagiri,Mumbai,385,326,6.4,2,12.0,6.7
7144,2024-03-24,Ratnagiri,Ahmedabad,265,787,15.7,4,12.0,8.3
7145,2024-03-24,Ratnagiri,Pune,348,281,7.3,3,12.0,11.0
7146,2024-03-24,Devgad,Mumbai,328,376,10.2,1,12.0,3.1
7147,2024-03-24,Ratnagiri,Mumbai,257,316,8.7,2,12.0,5.0
7148,2024-03-24,Devgad,Mumbai,329,382,9.8,1,12.0,3.1
7149,2024-03-25,Devgad,Mumbai,386,405,10.9,2,12.0,6.7
7150,2024-03-25,Ratnagiri,Mumbai,313,327,8.4,2,12.0,7.1
7151,2024-03-25,Devgad,Ahmedabad,248,896,18.0,6,12.0,13.8
7152,2024-03-25,Devgad,Mumbai,335,375,8.3,5,12.0,13.2
7153,2024-03-25,Devgad,Bengaluru,346,895,24.3,0,12.0,6.5
7154,2024-03-25,Ratnagiri,Bengaluru,291,829,18.6,5,12.0,13.9
7155,2024-03-25,Ratnagiri,Mumbai,304,359,10.6,4,12.0,5.0
7156,2024-03-25,Devgad,Mumbai,241,365,9.9,0,12.0,4.0
7157,2024-03-26,Ratnagiri,Ahmedabad,342,887,18.6,3,12.0,8.0
7158,2024-03-26,Devgad,Mumbai,271,386,12.5,2,12.0,5.1
7159,2024-03-26,Ratnagiri,Mumbai,385,353,7.9,0,12.0,5.8
7160,2024-03-26,Ratnagiri,Mumbai,227,359,7.7,0,12.0,1.7
7161,2024-03-26,Ratnagiri,Mumbai,182,338,8.7,2,12.0,7.6
7162,2024-03-26,Devgad,Mumbai,392,380,11.6,2,12.0,5.7
7163,2024-03-26,Ratnagiri,Pune,384,316,9.8,2,12.0,3.1
7164,2024-03-26,Ratnagiri,Pune,184,304,7.3,2,12.0,8.2
7165,2024-03-27,Ratnagiri,Pune,189,315,8.3,0,12.0,2.4
7166,2024-03-27,Ratnagiri,Pune,317,291,7.3,0,12.0,6.3
7167,2024-03-27,Devgad,Mumbai,343,398,9.1,2,12.0,10.2
7168,2024-03-27,Devgad,Mumbai,404,406,10.1,3,12.0,5.2
7169,2024-03-27,Devgad,Hyderabad,374,833,19.8,1,12.0,5.3
7170,2024-03-27,Devgad,Bengaluru,375,815,20.6,5,12.0,11.3
7171,2024-03-27,Ratnagiri,Bengaluru,202,788,16.9,6,12.0,11.8
7172,2024-03-27,Ratnagiri,Hyderabad,375,756,14.6,3,12.0,6.9
7173,2024-03-28,Devgad,Pune,338,335,6.9,3,12.0,6.0
7174,2024-03-28,Devgad,Ahmedabad,391,924,21.1,3,12.0,9.5
7175,2024-03-28,Ratnagiri,Hyderabad,256,775,19.7,3,12.0,5.5
7176,2024-03-28,Ratnagiri,Bengaluru,343,780,23.8,4,12.0,9.0
7177,2024-03-28,Ratnagiri,Pune,284,313,7.2,3,12.0,4.7
7178,2024-03-28,Ratnagiri,Ahmedabad,227,856,19.0,4,12.0,8.5
7179,2024-03-28,Devgad,Pune,262,344,7.8,0,12.0,4.0
7180,2024-03-28,Ratnagiri,Pune,218,313,8.1,3,12.0,7.4
7181,2024-03-29,Devgad,Bengaluru,210,872,19.3,1,12.0,9.2
7182,2024-03-29,Ratnagiri,Pune,200,305,7.7,3,12.0,3.9
7183,2024-03-29,Ratnagiri,Mumbai,408,360,7.4,0,12.0,0.8
7184,2024-03-29,Ratnagiri,Pune,320,306,9.8,1,12.0,6.3
7185,2024-03-29,Ratnagiri,Mumbai,342,371,10.4,1,12.0,3.3
7186,2024-03-29,Ratnagiri,Mumbai,300,327,8.1,1,12.0,3.9
7187,2024-03-29,Ratnagiri,Pune,321,293,7.6,3,12.0,8.8
7188,2024-03-29,Ratnagiri,Pune,209,303,7.6,3,12.0,6.2
7189,2024-03-29,Devgad,Pune,196,341,10.9,3,12.0,5.8
7190,2024-03-29,Ratnagiri,Bengaluru,321,767,17.1,0,12.0,4.2
7191,2024-03-29,Ratnagiri,Ahmedabad,351,870,18.3,2,12.0,7.8
7192,2024-03-30,Ratnagiri,Pune,256,294,5.3,2,12.0,2.3
7193,2024-03-30,Devgad,Hyderabad,351,835,18.9,0,12.0,5.5
7194,2024-03-30,Ratnagiri,Mumbai,369,361,11.9,2,12.0,8.1
7195,2024-03-30,Ratnagiri,Hyderabad,374,779,19.3,2,12.0,7.7
7196,2024-03-30,Ratnagiri,Mumbai,188,343,7.3,4,12.0,9.9
7197,2024-03-30,Ratnagiri,Bengaluru,418,861,17.9,2,12.0,8.0
7198,2024-03-30,Ratnagiri,Bengaluru,326,890,19.3,3,12.0,11.7
7199,2024-03-30,Ratnagiri,Bengaluru,348,797,16.5,2,12.0,11.0
7200,2024-03-30,Devgad,Ahmedabad,418,834,30.3,5,12.0,13.2
7201,2024-03-30,Ratnagiri,Pune,316,329,6.6,0,12.0,4.9
7202,2024-03-31,Ratnagiri,Mumbai,310,335,9.6,3,12.0,7.5
7203,2024-03-31,Devgad,Pune,246,326,8.3,1,12.0,11.6
7204,2024-03-31,Ratnagiri,Pune,391,308,5.8,2,12.0,5.6
7205,2024-03-31,Devgad,Mumbai,339,369,9.7,4,12.0,7.4
7206,2024-03-31,Ratnagiri,Mumbai,410,328,11.9,1,12.0,5.8
7207,2024-03-31,Ratnagiri,Mumbai,364,305,8.0,3,12.0,9.4
7208,2024-03-31,Ratnagiri,Pune,247,299,7.3,0,12.0,5.1
7209,2024-04-01,Devgad,Mumbai,326,379,10.9,1,12.0,2.5
7210,2024-04-01,Ratnagiri,Mumbai,227,335,11.0,2,12.0,8.2
7211,2024-04-01,Ratnagiri,Mumbai,392,347,8.6,0,12.0,3.9
7212,2024-04-01,Ratnagiri,Mumbai,273,338,9.8,3,12.0,7.6
7213,2024-04-01,Devgad,Hyderabad,221,839,17.9,3,12.0,8.4
7214,2024-04-02,Devgad,Pune,266,343,8.4,4,12.0,6.7
7215,2024-04-02,Ratnagiri,Mumbai,412,372,10.9,2,12.0,6.6
7216,2024-04-02,Devgad,Mumbai,290,374,8.0,1,12.0,3.5
7217,2024-04-02,Ratnagiri,Mumbai,314,349,10.5,5,12.0,10.6
7218,2024-04-02,Ratnagiri,Ahmedabad,251,820,18.5,5,12.0,11.0
7219,2024-04-02,Ratnagiri,Pune,379,287,10.2,1,12.0,5.7
7220,2024-04-02,Devgad,Ahmedabad,289,1009,18.7,5,12.0,9.6
7221,2024-04-02,Ratnagiri,Mumbai,340,328,7.1,2,12.0,6.3
7222,2024-04-03,Ratnagiri,Pune,353,283,6.4,1,12.0,3.4
7223,2024-04-03,Ratnagiri,Mumbai,314,339,10.4,1,12.0,6.0
7224,2024-04-03,Ratnagiri,Bengaluru,261,819,17.8,2,12.0,8.3
7225,2024-04-03,Ratnagiri,Bengaluru,329,844,16.7,2,12.0,6.3
7226,2024-04-03,Ratnagiri,Ahmedabad,376,886,19.0,1,12.0,4.3
7227,2024-04-03,Ratnagiri,Pune,315,285,7.5,1,12.0,2.2
7228,2024-04-03,Ratnagiri,Bengaluru,207,810,16.4,5,12.0,9.3
7229,2024-04-03,Ratnagiri,Mumbai,323,338,8.6,3,12.0,5.2
7230,2024-04-03,Devgad,Bengaluru,335,874,19.8,4,12.0,9.8
7231,2024-04-03,Ratnagiri,Bengaluru,315,838,20.1,3,12.0,10.6
7232,2024-04-03,Ratnagiri,Pune,358,295,7.8,3,12.0,6.7
7233,2024-04-03,Ratnagiri,Mumbai,278,334,8.3,0,12.0,2.9
7234,2024-04-04,Devgad,Ahmedabad,352,921,23.6,11,12.0,16.6
7235,2024-04-04,Ratnagiri,Pune,416,314,9.2,2,12.0,5.5
7236,2024-04-04,Devgad,Mumbai,202,374,9.5,3,12.0,7.9
7237,2024-04-04,Devgad,Hyderabad,180,765,16.0,3,12.0,3.7
7238,2024-04-04,Ratnagiri,Hyderabad,349,771,18.2,0,12.0,4.1
7239,2024-04-04,Ratnagiri,Mumbai,218,352,9.8,4,12.0,7.8
7240,2024-04-04,Devgad,Ahmedabad,418,872,25.5,1,12.0,2.9
7241,2024-04-04,Ratnagiri,Bengaluru,343,845,20.6,1,12.0,3.5
7242,2024-04-04,Ratnagiri,Pune,386,293,8.4,1,12.0,5.9
7243,2024-04-04,Ratnagiri,Mumbai,317,325,11.4,2,12.0,7.6
7244,2024-04-04,Ratnagiri,Pune,345,321,7.7,2,12.0,5.2
7245,2024-04-05,Ratnagiri,Mumbai,321,321,7.3,1,12.0,4.2
7246,2024-04-05,Devgad,Bengaluru,394,843,18.2,1,12.0,8.5
7247,2024-04-05,Ratnagiri,Mumbai,267,343,8.6,0,12.0,5.9
7248,2024-04-05,Ratnagiri,Hyderabad,190,735,18.0,2,12.0,11.1
7249,2024-04-05,Ratnagiri,Bengaluru,357,850,18.4,1,12.0,7.0
7250,2024-04-05,Devgad,Mumbai,222,352,10.5,1,12.0,6.7
7251,2024-04-05,Ratnagiri,Mumbai,266,319,8.9,3,12.0,5.5
7252,2024-04-06,Devgad,Mumbai,321,400,9.0,1,12.0,3.2
7253,2024-04-06,Ratnagiri,Pune,202,280,6.3,0,12.0,0.0
7254,2024-04-06,Ratnagiri,Pune,320,296,6.9,2,12.0,8.3
7255,2024-04-06,Ratnagiri,Bengaluru,404,843,21.6,4,12.0,10.5
7256,2024-04-06,Ratnagiri,Bengaluru,376,827,20.3,2,12.0,7.5
7257,2024-04-06,Devgad,Bengaluru,314,884,17.1,3,12.0,8.2
7258,2024-04-06,Devgad,Mumbai,320,400,9.1,0,12.0,4.3
7259,2024-04-06,Ratnagiri,Hyderabad,229,758,16.8,4,12.0,7.8
7260,2024-04-06,Ratnagiri,Mumbai,393,343,7.9,4,12.0,9.0
7261,2024-04-06,Ratnagiri,Bengaluru,372,811,16.3,0,12.0,6.1
7262,2024-04-06,Ratnagiri,Mumbai,359,363,7.5,0,12.0,5.0
7263,2024-04-06,Ratnagiri,Hyderabad,337,777,20.8,1,12.0,6.2
7264,2024-04-07,Devgad,Mumbai,399,371,11.7,2,12.0,8.8
7265,2024-04-07,Ratnagiri,Bengaluru,392,842,15.6,1,12.0,6.3
7266,2024-04-07,Ratnagiri,Ahmedabad,400,909,20.4,3,12.0,10.5
7267,2024-04-07,Ratnagiri,Mumbai,385,347,8.8,2,12.0,3.9
7268,2024-04-07,Ratnagiri,Mumbai,371,342,8.4,2,12.0,8.5
7269,2024-04-07,Ratnagiri,Pune,232,294,9.3,1,12.0,2.1
7270,2024-04-07,Devgad,Ahmedabad,279,900,18.1,5,12.0,12.5
7271,2024-04-07,Devgad,Pune,211,340,8.8,2,12.0,7.0
7272,2024-04-07,Devgad,Pune,345,356,9.9,3,12.0,11.3
7273,2024-04-07,Devgad,Pune,339,333,8.4,2,12.0,7.7
7274,2024-04-07,Devgad,Mumbai,281,382,8.1,3,12.0,8.1
7275,2024-04-07,Devgad,Mumbai,333,374,11.1,3,12.0,3.2
7276,2024-04-07,Devgad,Pune,277,332,11.5,3,12.0,7.6
7277,2024-04-07,Ratnagiri,Ahmedabad,355,822,16.4,2,12.0,7.1
7278,2024-04-07,Ratnagiri,Hyderabad,308,792,21.7,4,12.0,6.7
7279,2024-04-08,Ratnagiri,Mumbai,399,334,7.1,3,12.0,6.0
7280,2024-04-08,Devgad,Hyderabad,276,815,18.8,2,12.0,6.3
7281,2024-04-08,Devgad,Bengaluru,389,816,19.8,2,12.0,8.8
7282,2024-04-08,Devgad,Hyderabad,354,793,16.1,3,12.0,6.5
7283,2024-04-08,Devgad,Bengaluru,410,828,20.4,4,12.0,13.9
7284,2024-04-08,Ratnagiri,Bengaluru,387,867,22.7,5,12.0,13.7
7285,2024-04-08,Devgad,Mumbai,261,382,10.0,0,12.0,0.0
7286,2024-04-08,Ratnagiri,Mumbai,218,355,8.6,0,12.0,2.2
7287,2024-04-08,Ratnagiri,Mumbai,395,333,10.0,2,12.0,6.5
7288,2024-04-08,Devgad,Pune,320,329,7.1,2,12.0,6.4
7289,2024-04-08,Ratnagiri,Mumbai,393,350,9.0,4,12.0,6.4
7290,2024-04-08,Devgad,Bengaluru,193,943,18.0,0,12.0,2.1
7291,2024-04-08,Devgad,Hyderabad,388,825,21.7,0,12.0,5.2
7292,2024-04-09,Ratnagiri,Pune,339,296,7.2,1,12.0,6.8
7293,2024-04-09,Devgad,Mumbai,409,371,13.4,1,12.0,8.6
7294,2024-04-09,Ratnagiri,Mumbai,224,348,7.2,1,12.0,6.9
7295,2024-04-09,Ratnagiri,Pune,217,286,7.0,0,12.0,6.3
7296,2024-04-09,Devgad,Ahmedabad,304,924,18.6,4,12.0,6.7
7297,2024-04-09,Ratnagiri,Hyderabad,388,757,18.3,4,12.0,8.8
7298,2024-04-09,Ratnagiri,Bengaluru,196,816,17.2,2,12.0,5.9
7299,2024-04-10,Ratnagiri,Ahmedabad,319,832,17.3,2,12.0,12.0
7300,2024-04-10,Ratnagiri,Mumbai,299,335,7.7,3,12.0,9.0
7301,2024-04-10,Devgad,Mumbai,408,353,8.7,0,12.0,6.0
7302,2024-04-10,Ratnagiri,Hyderabad,384,736,16.2,1,12.0,5.4
7303,2024-04-10,Devgad,Ahmedabad,271,887,16.8,2,12.0,2.9
7304,2024-04-10,Devgad,Bengaluru,394,874,18.2,1,12.0,6.7
7305,2024-04-10,Devgad,Pune,346,336,8.7,1,12.0,10.2
7306,2024-04-10,Devgad,Mumbai,266,382,9.2,2,12.0,5.8
7307,2024-04-10,Ratnagiri,Hyderabad,224,757,16.9,0,12.0,2.5
7308,2024-04-10,Ratnagiri,Mumbai,347,344,10.9,3,12.0,7.6
7309,2024-04-11,Devgad,Mumbai,384,381,9.8,2,12.0,2.6
7310,2024-04-11,Devgad,Mumbai,316,395,6.9,3,12.0,8.9
7311,2024-04-11,Ratnagiri,Hyderabad,255,771,14.6,1,12.0,3.4
7312,2024-04-11,Ratnagiri,Mumbai,359,343,9.1,2,12.0,5.7
7313,2024-04-12,Ratnagiri,Mumbai,419,356,10.6,3,12.0,12.0
7314,2024-04-12,Ratnagiri,Pune,195,297,7.0,4,12.0,5.9
7315,2024-04-12,Devgad,Mumbai,288,368,9.3,1,12.0,1.4
7316,2024-04-12,Ratnagiri,Bengaluru,417,900,23.2,4,12.0,12.8
7317,2024-04-12,Devgad,Mumbai,365,378,12.7,4,12.0,10.1
7318,2024-04-12,Ratnagiri,Mumbai,397,301,7.0,0,12.0,1.4
7319,2024-04-12,Devgad,Bengaluru,194,851,18.7,5,12.0,11.5
7320,2024-04-13,Ratnagiri,Hyderabad,287,717,16.4,2,12.0,6.4
7321,2024-04-13,Ratnagiri,Pune,232,289,6.8,1,12.0,5.4
7322,2024-04-13,Devgad,Hyderabad,363,784,16.6,3,12.0,5.0
7323,2024-04-13,Devgad,Mumbai,323,376,9.1,3,12.0,5.7
7324,2024-04-13,Ratnagiri,Ahmedabad,350,833,18.8,5,12.0,8.5
7325,2024-04-13,Ratnagiri,Ahmedabad,187,827,20.6,3,12.0,10.7
7326,2024-04-13,Ratnagiri,Pune,190,298,6.8,3,12.0,5.5
7327,2024-04-13,Ratnagiri,Ahmedabad,233,848,18.2,3,12.0,7.5
7328,2024-04-14,Devgad,Pune,400,334,8.4,0,12.0,3.0
7329,2024-04-14,Ratnagiri,Ahmedabad,255,872,16.1,2,12.0,11.0
7330,2024-04-14,Devgad,Ahmedabad,344,918,20.7,5,12.0,9.9
7331,2024-04-14,Ratnagiri,Mumbai,419,332,9.3,2,12.0,6.3
7332,2024-04-14,Devgad,Mumbai,364,375,8.0,5,12.0,10.9
7333,2024-04-15,Ratnagiri,Ahmedabad,338,906,23.2,6,12.0,15.0
7334,2024-04-15,Ratnagiri,Mumbai,312,342,10.6,0,12.0,1.7
7335,2024-04-15,Ratnagiri,Mumbai,344,367,9.0,1,12.0,7.4
7336,2024-04-15,Devgad,Hyderabad,184,813,18.7,1,12.0,5.4
7337,2024-04-15,Devgad,Bengaluru,238,786,21.4,5,12.0,11.0
7338,2024-04-15,Devgad,Ahmedabad,273,866,22.2,2,12.0,9.4
7339,2024-04-15,Ratnagiri,Mumbai,387,331,7.9,6,12.0,10.6
7340,2024-04-15,Ratnagiri,Ahmedabad,282,867,19.8,6,12.0,10.6
7341,2024-04-15,Devgad,Pune,363,342,10.6,3,12.0,10.3
7342,2024-04-16,Ratnagiri,Pune,392,304,7.1,1,12.0,4.7
7343,2024-04-16,Devgad,Pune,220,334,6.8,7,12.0,8.0
7344,2024-04-16,Devgad,Mumbai,268,404,10.5,2,12.0,5.8
7345,2024-04-16,Ratnagiri,Mumbai,287,347,8.6,2,12.0,6.1
7346,2024-04-16,Ratnagiri,Mumbai,386,328,7.0,1,12.0,9.2
7347,2024-04-16,Devgad,Mumbai,367,377,8.7,4,12.0,3.0
7348,2024-04-16,Devgad,Pune,335,331,10.0,3,12.0,6.9
7349,2024-04-16,Ratnagiri,Bengaluru,388,832,18.6,3,12.0,8.6
7350,2024-04-16,Devgad,Pune,271,357,8.9,0,12.0,7.7
7351,2024-04-16,Ratnagiri,Bengaluru,383,809,19.5,5,12.0,9.5
7352,2024-04-16,Devgad,Hyderabad,208,836,18.1,1,12.0,6.3
7353,2024-04-16,Ratnagiri,Hyderabad,222,754,20.4,1,12.0,7.4
7354,2024-04-16,Ratnagiri,Mumbai,352,342,9.8,4,12.0,8.7
7355,2024-04-16,Ratnagiri,Pune,350,276,7.6,3,12.0,8.3
7356,2024-04-17,Ratnagiri,Mumbai,200,346,8.1,1,12.0,5.9
7357,2024-04-17,Ratnagiri,Bengaluru,182,811,16.3,1,12.0,6.4
7358,2024-04-17,Ratnagiri,Bengaluru,369,841,20.6,5,12.0,10.5
7359,2024-04-17,Devgad,Mumbai,350,383,9.6,2,12.0,6.2
7360,2024-04-17,Ratnagiri,Pune,381,298,6.0,2,12.0,8.7
7361,2024-04-17,Ratnagiri,Ahmedabad,188,868,17.0,4,12.0,10.1
7362,2024-04-17,Devgad,Mumbai,368,398,8.7,3,12.0,7.8
7363,2024-04-17,Devgad,Mumbai,264,413,10.6,4,12.0,8.0
7364,2024-04-17,Ratnagiri,Pune,383,295,7.7,1,12.0,2.7
7365,2024-04-17,Ratnagiri,Ahmedabad,205,830,19.3,0,12.0,7.3
7366,2024-04-17,Ratnagiri,Hyderabad,407,793,17.0,0,12.0,10.4
7367,2024-04-17,Devgad,Pune,288,361,9.8,2,12.0,8.8
7368,2024-04-17,Ratnagiri,Pune,340,315,7.8,2,12.0,8.9
7369,2024-04-17,Ratnagiri,Pune,310,299,7.2,0,12.0,2.4
7370,2024-04-17,Devgad,Mumbai,189,398,9.7,2,12.0,4.0
7371,2024-04-18,Ratnagiri,Mumbai,411,343,10.6,2,12.0,8.0
7372,2024-04-18,Ratnagiri,Mumbai,336,330,9.8,0,12.0,3.2
7373,2024-04-18,Ratnagiri,Mumbai,324,347,10.7,2,12.0,4.2
7374,2024-04-18,Devgad,Ahmedabad,394,868,20.3,3,12.0,8.3
7375,2024-04-18,Ratnagiri,Ahmedabad,217,849,20.3,4,12.0,11.1
7376,2024-04-18,Devgad,Pune,229,329,8.7,2,12.0,3.7
7377,2024-04-18,Devgad,Mumbai,295,376,7.7,4,12.0,8.1
7378,2024-04-18,Devgad,Pune,282,347,8.9,4,12.0,8.5
7379,2024-04-18,Devgad,Mumbai,269,366,8.0,5,12.0,11.9
7380,2024-04-18,Ratnagiri,Hyderabad,293,737,17.7,1,12.0,8.6
7381,2024-04-19,Ratnagiri,Mumbai,388,345,9.5,2,12.0,7.8
7382,2024-04-19,Ratnagiri,Mumbai,319,347,8.3,2,12.0,5.8
7383,2024-04-19,Ratnagiri,Mumbai,301,335,9.2,2,12.0,5.1
7384,2024-04-19,Ratnagiri,Bengaluru,297,802,18.0,1,12.0,7.5
7385,2024-04-19,Ratnagiri,Hyderabad,404,769,14.6,3,12.0,9.1
7386,2024-04-19,Ratnagiri,Mumbai,356,335,7.3,0,12.0,5.3
7387,2024-04-19,Devgad,Bengaluru,271,796,17.9,4,12.0,6.1
7388,2024-04-19,Ratnagiri,Bengaluru,257,733,18.2,3,12.0,8.3
7389,2024-04-19,Ratnagiri,Mumbai,275,351,7.7,4,12.0,7.5
7390,2024-04-19,Devgad,Mumbai,353,389,10.6,4,12.0,9.0
7391,2024-04-20,Ratnagiri,Mumbai,260,363,7.1,2,12.0,3.0
7392,2024-04-20,Devgad,Pune,226,347,8.4,1,12.0,4.8
7393,2024-04-20,Ratnagiri,Hyderabad,209,777,19.5,1,12.0,11.1
7394,2024-04-20,Ratnagiri,Mumbai,391,350,7.2,5,12.0,5.4
7395,2024-04-20,Ratnagiri,Pune,393,301,6.6,2,12.0,5.2
7396,2024-04-21,Ratnagiri,Bengaluru,227,829,22.4,3,12.0,12.5
7397,2024-04-21,Devgad,Pune,342,338,8.9,2,12.0,5.0
7398,2024-04-21,Ratnagiri,Mumbai,209,353,10.7,1,12.0,3.5
7399,2024-04-21,Ratnagiri,Pune,385,303,7.9,0,12.0,1.4
7400,2024-04-21,Devgad,Bengaluru,353,857,18.9,3,12.0,10.2
7401,2024-04-21,Devgad,Bengaluru,223,892,21.3,7,12.0,14.4
7402,2024-04-21,Devgad,Mumbai,338,400,10.5,1,12.0,7.9
7403,2024-04-21,Ratnagiri,Pune,345,296,8.2,3,12.0,9.2
7404,2024-04-21,Devgad,Mumbai,259,388,8.4,4,12.0,9.6
7405,2024-04-21,Ratnagiri,Hyderabad,397,719,18.6,5,12.0,14.6
7406,2024-04-21,Ratnagiri,Mumbai,392,335,10.2,2,12.0,9.8
7407,2024-04-21,Ratnagiri,Bengaluru,416,825,17.2,3,12.0,9.4
7408,2024-04-21,Devgad,Mumbai,293,388,8.5,0,12.0,4.5
7409,2024-04-22,Ratnagiri,Mumbai,394,350,7.7,3,12.0,5.6
7410,2024-04-22,Devgad,Mumbai,247,378,9.2,2,12.0,4.3
7411,2024-04-22,Ratnagiri,Ahmedabad,415,894,23.1,2,12.0,6.9
7412,2024-04-22,Ratnagiri,Mumbai,299,337,10.6,0,12.0,6.4
7413,2024-04-22,Ratnagiri,Mumbai,324,367,9.5,5,12.0,8.9
7414,2024-04-22,Ratnagiri,Mumbai,361,320,7.8,3,12.0,3.3
7415,2024-04-22,Ratnagiri,Pune,256,300,7.9,2,12.0,2.2
7416,2024-04-22,Devgad,Pune,350,343,7.4,0,12.0,4.1
7417,2024-04-22,Ratnagiri,Pune,249,308,8.0,2,12.0,3.1
7418,2024-04-23,Ratnagiri,Bengaluru,395,804,21.8,2,12.0,8.6
7419,2024-04-23,Devgad,Mumbai,385,376,10.3,0,12.0,4.9
7420,2024-04-23,Devgad,Pune,262,355,9.6,3,12.0,6.4
7421,2024-04-23,Devgad,Pune,262,349,9.8,0,12.0,6.8
7422,2024-04-23,Ratnagiri,Hyderabad,343,784,16.5,3,12.0,4.3
7423,2024-04-23,Devgad,Pune,412,348,8.5,1,12.0,3.8
7424,2024-04-24,Ratnagiri,Ahmedabad,300,941,19.3,6,12.0,7.9
7425,2024-04-24,Ratnagiri,Hyderabad,377,771,19.3,2,12.0,7.1
7426,2024-04-24,Ratnagiri,Bengaluru,330,819,18.8,2,12.0,5.8
7427,2024-04-24,Ratnagiri,Mumbai,283,328,10.9,1,12.0,6.4
7428,2024-04-24,Ratnagiri,Mumbai,306,355,10.6,0,12.0,7.0
7429,2024-04-24,Ratnagiri,Mumbai,377,340,7.9,1,12.0,1.3
7430,2024-04-24,Devgad,Pune,211,349,8.9,2,12.0,3.4
7431,2024-04-24,Ratnagiri,Pune,342,307,5.8,4,12.0,10.2
7432,2024-04-24,Ratnagiri,Bengaluru,298,838,18.7,3,12.0,8.2
7433,2024-04-24,Ratnagiri,Bengaluru,186,839,21.9,4,12.0,10.8
7434,2024-04-24,Ratnagiri,Bengaluru,199,807,18.6,2,12.0,4.4
7435,2024-04-24,Devgad,Bengaluru,245,875,16.9,1,12.0,6.8
7436,2024-04-24,Devgad,Pune,253,327,9.6,5,12.0,7.0
7437,2024-04-25,Ratnagiri,Mumbai,412,342,8.9,4,12.0,5.7
7438,2024-04-25,Ratnagiri,Pune,219,300,7.8,0,12.0,0.8
7439,2024-04-25,Devgad,Pune,419,349,8.3,1,12.0,4.9
7440,2024-04-25,Ratnagiri,Bengaluru,239,775,15.3,4,12.0,8.1
7441,2024-04-25,Devgad,Hyderabad,313,810,21.0,3,12.0,11.1
7442,2024-04-25,Ratnagiri,Bengaluru,269,801,19.5,4,12.0,7.8
7443,2024-04-25,Devgad,Hyderabad,234,797,20.3,5,12.0,10.9
7444,2024-04-25,Ratnagiri,Pune,206,295,6.8,2,12.0,4.5
7445,2024-04-25,Ratnagiri,Bengaluru,244,753,15.8,2,12.0,6.0
7446,2024-04-25,Devgad,Pune,196,332,7.9,2,12.0,5.7
7447,2024-04-25,Devgad,Bengaluru,368,923,21.5,3,12.0,6.7
7448,2024-04-26,Devgad,Bengaluru,347,873,20.6,6,12.0,9.1
7449,2024-04-26,Devgad,Bengaluru,398,883,20.8,2,12.0,11.7
7450,2024-04-26,Devgad,Bengaluru,287,852,21.4,3,12.0,9.7
7451,2024-04-26,Devgad,Bengaluru,250,813,17.9,4,12.0,12.3
7452,2024-04-26,Ratnagiri,Mumbai,329,324,6.9,2,12.0,3.4
7453,2024-04-26,Ratnagiri,Mumbai,314,339,8.6,4,12.0,8.4
7454,2024-04-27,Ratnagiri,Hyderabad,255,767,21.1,2,12.0,6.2
7455,2024-04-27,Ratnagiri,Mumbai,314,356,9.7,1,12.0,8.1
7456,2024-04-27,Devgad,Ahmedabad,309,911,25.9,1,12.0,7.6
7457,2024-04-27,Devgad,Mumbai,183,370,10.5,2,12.0,7.0
7458,2024-04-27,Devgad,Hyderabad,294,797,17.6,2,12.0,5.1
7459,2024-04-27,Ratnagiri,Mumbai,365,335,8.5,1,12.0,5.2
7460,2024-04-27,Ratnagiri,Mumbai,214,338,8.2,3,12.0,5.9
7461,2024-04-27,Ratnagiri,Hyderabad,184,749,19.2,3,12.0,8.8
7462,2024-04-28,Ratnagiri,Bengaluru,385,810,19.4,2,12.0,9.0
7463,2024-04-28,Ratnagiri,Pune,350,309,8.0,1,12.0,2.6
7464,2024-04-28,Devgad,Ahmedabad,295,916,20.1,1,12.0,6.1
7465,2024-04-28,Ratnagiri,Mumbai,207,327,7.3,2,12.0,7.0
7466,2024-04-28,Ratnagiri,Pune,180,307,7.2,2,12.0,7.7
7467,2024-04-28,Devgad,Hyderabad,379,822,23.4,3,12.0,9.7
7468,2024-04-28,Ratnagiri,Mumbai,346,342,9.5,3,12.0,6.3
7469,2024-04-28,Ratnagiri,Pune,373,300,9.5,1,12.0,2.3
7470,2024-04-28,Ratnagiri,Mumbai,188,340,10.0,2,12.0,5.6
7471,2024-04-28,Ratnagiri,Mumbai,219,321,9.8,2,12.0,3.4
7472,2024-04-28,Devgad,Mumbai,362,399,14.1,3,12.0,8.3
7473,2024-04-29,Devgad,Bengaluru,354,855,18.8,2,12.0,9.4
7474,2024-04-29,Ratnagiri,Bengaluru,396,799,18.2,3,12.0,9.4
7475,2024-04-29,Ratnagiri,Pune,329,327,6.8,2,12.0,3.0
7476,2024-04-29,Devgad,Pune,220,334,7.2,1,12.0,4.4
7477,2024-04-29,Ratnagiri,Mumbai,394,349,8.0,0,12.0,1.5
7478,2024-04-29,Ratnagiri,Hyderabad,297,769,24.0,4,12.0,12.3
7479,2024-04-29,Ratnagiri,Pune,360,316,10.4,3,12.0,3.4
7480,2024-04-29,Ratnagiri,Pune,368,291,7.3,1,12.0,3.1
7481,2024-04-29,Ratnagiri,Pune,391,296,8.5,0,12.0,2.8
7482,2024-04-29,Ratnagiri,Pune,289,307,11.6,4,12.0,9.5
7483,2024-04-29,Ratnagiri,Bengaluru,357,803,22.4,2,12.0,9.3
7484,2024-04-29,Ratnagiri,Pune,393,309,10.4,2,12.0,3.6
7485,2024-04-30,Ratnagiri,Mumbai,256,338,8.0,2,12.0,4.2
7486,2024-04-30,Devgad,Mumbai,302,388,7.6,1,12.0,4.1
7487,2024-04-30,Ratnagiri,Hyderabad,402,768,18.9,6,12.0,11.2
7488,2024-04-30,Devgad,Hyderabad,317,825,20.5,4,12.0,13.5
7489,2024-04-30,Ratnagiri,Mumbai,346,338,9.4,0,12.0,5.3
7490,2024-04-30,Ratnagiri,Hyderabad,326,805,17.1,0,12.0,5.6
7491,2024-04-30,Ratnagiri,Mumbai,388,323,8.0,1,12.0,7.8
7492,2024-04-30,Ratnagiri,Hyderabad,192,729,14.0,2,12.0,4.1
7493,2024-04-30,Ratnagiri,Pune,273,294,8.1,0,12.0,3.6
7494,2024-05-01,Devgad,Mumbai,216,396,9.0,1,12.0,5.7
7495,2024-05-01,Devgad,Bengaluru,329,863,24.0,2,12.0,10.1
7496,2024-05-01,Ratnagiri,Ahmedabad,268,834,20.6,1,12.0,9.6
7497,2024-05-01,Ratnagiri,Ahmedabad,349,838,17.4,1,12.0,2.6
7498,2024-05-01,Ratnagiri,Pune,394,315,7.1,1,12.0,5.3
7499,2024-05-01,Ratnagiri,Ahmedabad,328,908,19.6,0,12.0,4.2
7500,2024-05-01,Ratnagiri,Mumbai,212,335,11.3,2,12.0,5.6
7501,2024-05-01,Devgad,Hyderabad,194,803,20.8,2,12.0,7.1
7502,2024-05-01,Ratnagiri,Mumbai,217,346,10.1,1,12.0,7.5
7503,2024-05-01,Devgad,Pune,416,364,7.1,2,12.0,6.9
7504,2024-05-01,Ratnagiri,Mumbai,255,350,9.2,1,12.0,9.1
7505,2024-05-01,Ratnagiri,Bengaluru,306,788,21.2,5,12.0,12.2
7506,2024-05-01,Devgad,Bengaluru,290,868,18.3,0,12.0,2.5
7507,2024-05-01,Ratnagiri,Mumbai,291,333,9.8,4,12.0,10.1
7508,2024-05-01,Ratnagiri,Pune,291,299,8.2,2,12.0,4.9
7509,2024-05-01,Ratnagiri,Hyderabad,304,780,17.9,3,12.0,6.6
7510,2024-05-02,Ratnagiri,Pune,183,313,8.9,2,12.0,7.6
7511,2024-05-02,Ratnagiri,Mumbai,268,335,8.8,1,12.0,4.6
7512,2024-05-02,Ratnagiri,Pune,232,275,6.1,2,12.0,7.8
7513,2024-05-02,Devgad,Bengaluru,370,827,16.4,3,12.0,9.6
7514,2024-05-03,Devgad,Pune,237,342,8.1,1,12.0,4.5
7515,2024-05-03,Ratnagiri,Pune,211,296,7.8,5,12.0,8.5
7516,2024-05-03,Devgad,Mumbai,213,391,11.0,1,12.0,7.5
7517,2024-05-03,Ratnagiri,Pune,188,303,7.9,1,12.0,8.4
7518,2024-05-03,Ratnagiri,Pune,255,310,8.7,2,12.0,7.3
7519,2024-05-03,Devgad,Bengaluru,204,861,20.6,3,12.0,11.9
7520,2024-05-04,Ratnagiri,Bengaluru,265,809,17.2,3,12.0,7.2
7521,2024-05-04,Ratnagiri,Ahmedabad,361,890,19.6,0,12.0,0.6
7522,2024-05-04,Devgad,Pune,328,355,10.1,3,12.0,5.0
7523,2024-05-04,Ratnagiri,Mumbai,275,329,7.8,0,12.0,4.2
7524,2024-05-04,Ratnagiri,Pune,418,303,7.0,6,12.0,11.8
7525,2024-05-04,Ratnagiri,Mumbai,220,348,7.8,1,12.0,6.7
7526,2024-05-04,Ratnagiri,Mumbai,345,350,7.8,2,12.0,7.0
7527,2024-05-05,Devgad,Mumbai,204,403,11.4,3,12.0,6.5
7528,2024-05-05,Devgad,Bengaluru,407,851,17.7,3,12.0,9.9
7529,2024-05-05,Ratnagiri,Ahmedabad,218,832,18.4,1,12.0,7.6
7530,2024-05-05,Ratnagiri,Mumbai,354,336,7.0,2,12.0,6.1
7531,2024-05-05,Ratnagiri,Bengaluru,403,786,19.6,1,12.0,8.7
7532,2024-05-05,Devgad,Hyderabad,184,872,18.1,3,12.0,6.2
7533,2024-05-05,Ratnagiri,Mumbai,225,334,8.3,3,12.0,6.7
7534,2024-05-05,Ratnagiri,Mumbai,355,320,7.2,1,12.0,4.7
7535,2024-05-05,Ratnagiri,Mumbai,328,341,7.6,5,12.0,12.2
7536,2024-05-06,Devgad,Mumbai,345,379,9.4,2,12.0,7.6
7537,2024-05-06,Ratnagiri,Bengaluru,343,805,19.1,4,12.0,13.5
7538,2024-05-06,Devgad,Pune,337,339,9.0,3,12.0,6.4
7539,2024-05-06,Devgad,Mumbai,252,382,10.5,0,12.0,6.3
7540,2024-05-06,Devgad,Mumbai,252,382,10.0,0,12.0,3.2
7541,2024-05-06,Ratnagiri,Ahmedabad,197,842,25.9,7,12.0,14.3
7542,2024-05-06,Ratnagiri,Ahmedabad,393,820,16.6,4,12.0,9.2
7543,2024-05-06,Devgad,Bengaluru,316,918,21.4,5,12.0,14.9
7544,2024-05-06,Ratnagiri,Pune,374,304,8.2,1,12.0,4.6
7545,2024-05-06,Ratnagiri,Hyderabad,205,772,20.5,2,12.0,10.8
7546,2024-05-06,Devgad,Hyderabad,372,847,19.7,3,12.0,8.7
7547,2024-05-06,Ratnagiri,Ahmedabad,357,869,19.2,3,12.0,10.2
7548,2024-05-07,Ratnagiri,Ahmedabad,245,829,21.8,2,12.0,4.1
7549,2024-05-07,Ratnagiri,Mumbai,286,331,7.6,1,12.0,5.6
7550,2024-05-07,Devgad,Hyderabad,253,838,18.3,2,12.0,6.5
7551,2024-05-07,Ratnagiri,Pune,283,295,9.3,0,12.0,6.0
7552,2024-05-07,Devgad,Ahmedabad,283,954,20.0,3,12.0,8.7
7553,2024-05-07,Ratnagiri,Mumbai,251,316,8.1,1,12.0,6.2
7554,2024-05-07,Devgad,Ahmedabad,327,914,18.8,4,12.0,10.2
7555,2024-05-07,Ratnagiri,Bengaluru,277,840,18.7,1,12.0,5.8
7556,2024-05-07,Ratnagiri,Hyderabad,280,765,16.1,4,12.0,5.7
7557,2024-05-07,Ratnagiri,Mumbai,243,333,8.0,3,12.0,4.5
7558,2024-05-08,Devgad,Hyderabad,259,835,25.5,4,12.0,15.2
7559,2024-05-08,Ratnagiri,Bengaluru,301,845,17.4,5,12.0,12.0
7560,2024-05-08,Devgad,Hyderabad,258,803,20.0,5,12.0,7.3
7561,2024-05-08,Ratnagiri,Pune,354,316,9.8,1,12.0,6.9
7562,2024-05-09,Ratnagiri,Bengaluru,412,785,15.8,4,12.0,9.5
7563,2024-05-09,Ratnagiri,Mumbai,333,347,9.2,3,12.0,5.3
7564,2024-05-09,Devgad,Ahmedabad,409,939,18.6,3,12.0,13.4
7565,2024-05-09,Ratnagiri,Bengaluru,241,775,18.5,2,12.0,4.2
7566,2024-05-09,Devgad,Ahmedabad,400,912,22.6,1,12.0,9.1
7567,2024-05-09,Ratnagiri,Mumbai,283,350,7.7,2,12.0,5.5
7568,2024-05-09,Ratnagiri,Mumbai,211,325,9.0,0,12.0,7.0
7569,2024-05-09,Devgad,Mumbai,402,388,8.1,0,12.0,5.2
7570,2024-05-10,Devgad,Pune,317,366,9.3,1,12.0,5.6
7571,2024-05-10,Ratnagiri,Mumbai,271,359,12.2,1,12.0,5.3
7572,2024-05-10,Ratnagiri,Ahmedabad,356,819,18.0,4,12.0,13.1
7573,2024-05-10,Ratnagiri,Hyderabad,228,718,17.2,1,12.0,10.3
7574,2024-05-10,Devgad,Hyderabad,398,810,18.6,1,12.0,4.7
7575,2024-05-10,Devgad,Bengaluru,275,837,15.1,2,12.0,6.2
7576,2024-05-10,Devgad,Bengaluru,230,844,22.0,1,12.0,6.5
7577,2024-05-10,Devgad,Ahmedabad,369,917,25.6,3,12.0,14.7
7578,2024-05-10,Ratnagiri,Pune,257,309,7.6,1,12.0,5.5
7579,2024-05-10,Devgad,Pune,244,334,7.3,0,12.0,2.0
7580,2024-05-10,Ratnagiri,Hyderabad,238,727,12.8,0,12.0,3.0
7581,2024-05-11,Ratnagiri,Bengaluru,278,747,20.2,2,12.0,6.6
7582,2024-05-11,Ratnagiri,Pune,408,298,6.7,1,12.0,0.5
7583,2024-05-11,Ratnagiri,Bengaluru,374,846,22.7,5,12.0,13.4
7584,2024-05-11,Ratnagiri,Mumbai,276,345,9.7,1,12.0,6.3
7585,2024-05-11,Ratnagiri,Mumbai,267,353,9.6,2,12.0,6.7
7586,2024-05-11,Ratnagiri,Mumbai,397,324,9.6,4,12.0,8.7
7587,2024-05-11,Devgad,Mumbai,381,390,10.0,3,12.0,7.9
7588,2024-05-11,Devgad,Bengaluru,216,833,19.9,1,12.0,6.2
7589,2024-05-11,Ratnagiri,Ahmedabad,335,839,18.3,1,12.0,7.2
7590,2024-05-11,Ratnagiri,Hyderabad,398,782,19.6,3,12.0,9.2
7591,2024-05-11,Ratnagiri,Hyderabad,389,738,15.7,2,12.0,5.4
7592,2024-05-11,Devgad,Bengaluru,304,893,21.0,4,12.0,6.8
7593,2024-05-12,Ratnagiri,Ahmedabad,260,943,22.0,3,12.0,6.6
7594,2024-05-12,Ratnagiri,Pune,210,309,9.2,3,12.0,5.4
7595,2024-05-12,Devgad,Hyderabad,355,826,17.5,4,12.0,11.1
7596,2024-05-12,Devgad,Bengaluru,412,858,18.0,2,12.0,7.4
7597,2024-05-12,Ratnagiri,Bengaluru,253,784,18.8,5,12.0,13.0
7598,2024-05-12,Ratnagiri,Mumbai,279,352,7.5,3,12.0,4.6
7599,2024-05-13,Devgad,Mumbai,287,378,10.8,3,12.0,5.4
7600,2024-05-13,Devgad,Ahmedabad,343,879,19.6,1,12.0,3.6
7601,2024-05-13,Ratnagiri,Ahmedabad,221,861,17.9,0,12.0,3.3
7602,2024-05-13,Ratnagiri,Hyderabad,307,758,18.9,4,12.0,11.2
7603,2024-05-13,Ratnagiri,Hyderabad,184,686,13.6,1,12.0,4.2
7604,2024-05-13,Devgad,Mumbai,348,365,9.6,2,12.0,5.7
7605,2024-05-13,Devgad,Pune,313,339,8.2,4,12.0,6.4
7606,2024-05-13,Ratnagiri,Bengaluru,271,845,17.8,2,12.0,7.3
7607,2024-05-14,Ratnagiri,Bengaluru,299,849,20.6,5,12.0,10.3
7608,2024-05-14,Ratnagiri,Bengaluru,296,751,17.0,2,12.0,6.9
7609,2024-05-14,Devgad,Mumbai,364,387,11.6,5,12.0,13.6
7610,2024-05-14,Ratnagiri,Ahmedabad,249,890,20.6,2,12.0,5.0
7611,2024-05-14,Ratnagiri,Mumbai,295,353,7.5,0,12.0,3.2
7612,2024-05-14,Devgad,Pune,235,346,9.1,1,12.0,3.0
7613,2024-05-14,Ratnagiri,Pune,401,301,7.1,1,12.0,1.2
7614,2024-05-14,Ratnagiri,Mumbai,274,339,8.7,1,12.0,2.0
7615,2024-05-14,Devgad,Pune,353,350,8.7,1,12.0,6.7
7616,2024-05-14,Ratnagiri,Mumbai,184,343,9.7,0,12.0,4.4
7617,2024-05-14,Ratnagiri,Mumbai,327,328,7.2,4,12.0,6.0
7618,2024-05-14,Ratnagiri,Bengaluru,251,776,17.5,6,12.0,8.3
7619,2024-05-14,Ratnagiri,Ahmedabad,313,827,16.6,3,12.0,11.1
7620,2024-05-15,Ratnagiri,Pune,334,325,11.4,2,12.0,8.4
7621,2024-05-15,Devgad,Mumbai,342,375,8.3,4,12.0,13.1
7622,2024-05-15,Ratnagiri,Hyderabad,195,756,20.2,5,12.0,13.8
7623,2024-05-15,Ratnagiri,Hyderabad,387,753,20.0,2,12.0,6.5
7624,2024-05-15,Ratnagiri,Pune,384,288,6.3,1,12.0,5.7
7625,2024-05-15,Ratnagiri,Hyderabad,278,795,20.5,4,12.0,10.0
7626,2024-05-15,Devgad,Pune,182,337,8.6,3,12.0,6.8
7627,2024-05-15,Ratnagiri,Pune,284,305,6.4,2,12.0,11.1
7628,2024-05-15,Ratnagiri,Ahmedabad,365,874,20.6,4,12.0,7.7
7629,2024-05-15,Devgad,Mumbai,372,369,7.9,1,12.0,6.5
7630,2024-05-15,Devgad,Mumbai,373,364,9.3,1,12.0,5.1
7631,2024-05-15,Ratnagiri,Mumbai,208,339,7.8,0,12.0,2.3
7632,2024-05-15,Ratnagiri,Mumbai,350,358,9.1,5,12.0,8.7
7633,2024-05-15,Devgad,Mumbai,294,402,11.0,2,12.0,4.6
7634,2024-05-16,Ratnagiri,Hyderabad,310,803,22.6,4,12.0,8.5
7635,2024-05-16,Ratnagiri,Pune,377,304,7.0,4,12.0,4.7
7636,2024-05-16,Ratnagiri,Hyderabad,275,715,16.1,2,12.0,8.3
7637,2024-05-16,Devgad,Mumbai,360,402,10.6,4,12.0,6.0
7638,2024-05-16,Devgad,Bengaluru,264,863,20.8,1,12.0,7.8
7639,2024-05-16,Ratnagiri,Pune,212,297,8.8,4,12.0,9.2
7640,2024-05-16,Ratnagiri,Mumbai,234,344,7.3,2,12.0,5.1
7641,2024-05-16,Ratnagiri,Bengaluru,299,763,17.2,2,12.0,3.2
7642,2024-05-17,Ratnagiri,Pune,274,316,8.4,0,12.0,2.3
7643,2024-05-17,Ratnagiri,Pune,182,290,8.9,5,12.0,8.9
7644,2024-05-17,Devgad,Hyderabad,218,851,19.4,4,12.0,9.3
7645,2024-05-17,Ratnagiri,Mumbai,318,355,8.0,0,12.0,3.6
7646,2024-05-17,Devgad,Hyderabad,214,836,17.2,2,12.0,5.4
7647,2024-05-17,Devgad,Pune,317,346,9.1,1,12.0,4.4
7648,2024-05-17,Devgad,Pune,336,347,9.1,4,12.0,9.9
7649,2024-05-17,Ratnagiri,Hyderabad,183,794,16.1,2,12.0,4.1
7650,2024-05-17,Devgad,Mumbai,382,386,9.1,1,12.0,3.3
7651,2024-05-18,Ratnagiri,Mumbai,257,336,8.5,2,12.0,8.4
7652,2024-05-18,Ratnagiri,Hyderabad,345,775,14.1,1,12.0,6.0
7653,2024-05-18,Ratnagiri,Mumbai,240,325,9.7,4,12.0,6.5
7654,2024-05-18,Ratnagiri,Hyderabad,341,787,18.1,1,12.0,4.3
7655,2024-05-18,Devgad,Mumbai,341,373,9.0,4,12.0,8.6
7656,2024-05-18,Ratnagiri,Hyderabad,366,775,21.6,3,12.0,9.1
7657,2024-05-18,Ratnagiri,Pune,339,286,9.0,4,12.0,7.6
7658,2024-05-19,Devgad,Hyderabad,326,801,22.0,6,12.0,9.9
7659,2024-05-19,Ratnagiri,Mumbai,419,317,7.7,1,12.0,4.7
7660,2024-05-19,Ratnagiri,Bengaluru,209,809,22.0,3,12.0,7.3
7661,2024-05-19,Ratnagiri,Pune,330,283,6.0,2,12.0,4.0
7662,2024-05-19,Devgad,Mumbai,192,376,9.4,0,12.0,4.5
7663,2024-05-19,Ratnagiri,Bengaluru,419,770,18.8,6,12.0,11.4
7664,2024-05-19,Ratnagiri,Pune,240,290,7.6,3,12.0,5.1
7665,2024-05-19,Ratnagiri,Pune,221,288,7.0,1,12.0,6.7
7666,2024-05-20,Ratnagiri,Bengaluru,224,814,17.5,1,12.0,4.6
7667,2024-05-20,Ratnagiri,Hyderabad,182,747,17.3,0,12.0,2.5
7668,2024-05-20,Ratnagiri,Ahmedabad,338,922,17.5,4,12.0,10.2
7669,2024-05-20,Ratnagiri,Pune,239,280,9.0,1,12.0,5.5
7670,2024-05-20,Devgad,Mumbai,213,385,9.9,1,12.0,6.4
7671,2024-05-20,Ratnagiri,Pune,390,306,7.7,0,12.0,2.0
7672,2024-05-20,Ratnagiri,Hyderabad,356,736,23.9,3,12.0,10.2
7673,2024-05-20,Ratnagiri,Mumbai,406,353,7.1,0,12.0,5.0
7674,2024-05-20,Ratnagiri,Ahmedabad,361,833,19.1,9,12.0,15.9
7675,2024-05-20,Devgad,Bengaluru,377,821,18.0,0,12.0,4.1
7676,2024-05-20,Ratnagiri,Mumbai,219,339,8.8,3,12.0,7.2
7677,2024-05-20,Devgad,Mumbai,378,400,9.7,2,12.0,8.4
7678,2024-05-20,Ratnagiri,Pune,201,299,7.2,2,12.0,3.4
7679,2024-05-20,Devgad,Bengaluru,206,895,16.6,3,12.0,5.5
7680,2024-05-21,Devgad,Pune,237,326,6.6,2,12.0,8.1
7681,2024-05-21,Ratnagiri,Pune,379,313,10.9,2,12.0,6.1
7682,2024-05-21,Devgad,Mumbai,244,388,8.6,4,12.0,6.9
7683,2024-05-22,Devgad,Mumbai,343,387,12.5,3,12.0,10.1
7684,2024-05-22,Ratnagiri,Ahmedabad,203,922,23.7,2,12.0,9.1
7685,2024-05-22,Ratnagiri,Ahmedabad,352,862,16.5,2,12.0,7.9
7686,2024-05-22,Devgad,Mumbai,379,375,9.0,1,12.0,6.4
7687,2024-05-22,Ratnagiri,Ahmedabad,388,828,15.5,1,12.0,4.6
7688,2024-05-22,Ratnagiri,Pune,217,291,7.1,1,12.0,3.0
7689,2024-05-23,Ratnagiri,Ahmedabad,276,899,20.3,8,12.0,12.4
7690,2024-05-23,Ratnagiri,Mumbai,392,357,10.6,4,12.0,9.7
7691,2024-05-23,Ratnagiri,Mumbai,243,342,7.5,3,12.0,5.3
7692,2024-05-23,Ratnagiri,Mumbai,325,357,7.3,2,12.0,5.8
7693,2024-05-23,Ratnagiri,Mumbai,378,339,8.8,0,12.0,5.8
7694,2024-05-23,Devgad,Mumbai,262,383,10.4,1,12.0,5.8
7695,2024-05-23,Ratnagiri,Bengaluru,200,888,23.0,3,12.0,11.5
7696,2024-05-23,Ratnagiri,Pune,394,289,6.8,1,12.0,4.3
7697,2024-05-24,Ratnagiri,Ahmedabad,350,894,23.6,3,12.0,10.6
7698,2024-05-24,Devgad,Ahmedabad,210,919,18.9,0,12.0,5.5
7699,2024-05-24,Ratnagiri,Pune,417,298,8.4,2,12.0,4.4
7700,2024-05-24,Devgad,Hyderabad,375,802,17.9,1,12.0,6.9
7701,2024-05-24,Ratnagiri,Pune,297,272,6.8,0,12.0,0.0
7702,2024-05-24,Ratnagiri,Pune,208,301,8.3,1,12.0,4.6
7703,2024-05-24,Ratnagiri,Pune,379,287,8.4,2,12.0,4.4
7704,2024-05-24,Devgad,Hyderabad,395,810,20.1,5,12.0,14.7
7705,2024-05-24,Ratnagiri,Mumbai,286,338,7.6,1,12.0,6.5
7706,2024-05-25,Ratnagiri,Ahmedabad,408,934,18.6,6,12.0,13.0
7707,2024-05-25,Ratnagiri,Pune,347,287,8.0,2,12.0,4.2
7708,2024-05-25,Ratnagiri,Pune,196,292,8.9,3,12.0,2.8
7709,2024-05-25,Devgad,Bengaluru,392,879,16.9,2,12.0,5.8
7710,2024-05-25,Devgad,Bengaluru,283,806,17.6,5,12.0,11.0
7711,2024-05-25,Ratnagiri,Mumbai,284,356,8.7,1,12.0,4.6
7712,2024-05-25,Devgad,Bengaluru,335,836,19.3,1,12.0,9.7
7713,2024-05-25,Ratnagiri,Pune,186,301,7.2,3,12.0,7.5
7714,2024-05-25,Devgad,Mumbai,207,386,9.7,2,12.0,8.1
7715,2024-05-25,Ratnagiri,Ahmedabad,275,827,17.4,3,12.0,7.8
7716,2024-05-25,Ratnagiri,Ahmedabad,273,877,22.9,3,12.0,8.0
7717,2024-05-25,Ratnagiri,Ahmedabad,241,809,18.5,2,12.0,8.1
7718,2024-05-25,Ratnagiri,Pune,398,263,7.4,0,12.0,4.7
7719,2024-05-26,Devgad,Mumbai,398,388,8.2,0,12.0,2.6
7720,2024-05-26,Devgad,Pune,341,374,8.6,4,12.0,6.8
7721,2024-05-26,Ratnagiri,Pune,419,307,7.6,0,12.0,2.0
7722,2024-05-26,Ratnagiri,Bengaluru,306,825,18.2,3,12.0,10.2
7723,2024-05-26,Ratnagiri,Mumbai,359,354,8.5,3,12.0,4.6
7724,2024-05-26,Devgad,Pune,395,346,10.8,3,12.0,10.7
7725,2024-05-26,Devgad,Bengaluru,182,857,19.3,4,12.0,10.5
7726,2024-05-26,Devgad,Pune,254,350,8.2,2,12.0,3.8
7727,2024-05-26,Devgad,Pune,264,344,9.2,3,12.0,6.1
7728,2024-05-26,Ratnagiri,Ahmedabad,204,904,19.9,3,12.0,8.3
7729,2024-05-26,Ratnagiri,Mumbai,354,325,8.7,3,12.0,4.4
7730,2024-05-26,Ratnagiri,Mumbai,317,338,9.3,2,12.0,0.7
7731,2024-05-27,Ratnagiri,Ahmedabad,346,860,21.0,8,12.0,11.4
7732,2024-05-27,Devgad,Pune,289,370,10.1,2,12.0,7.7
7733,2024-05-27,Ratnagiri,Bengaluru,351,851,23.1,7,12.0,13.3
7734,2024-05-27,Ratnagiri,Mumbai,295,373,9.2,1,12.0,4.8
7735,2024-05-27,Ratnagiri,Mumbai,183,338,10.6,3,12.0,6.9
7736,2024-05-27,Devgad,Pune,338,345,8.7,3,12.0,7.3
7737,2024-05-27,Ratnagiri,Ahmedabad,325,821,19.2,3,12.0,7.8
7738,2024-05-27,Devgad,Bengaluru,407,849,17.1,3,12.0,6.8
7739,2024-05-27,Ratnagiri,Bengaluru,393,788,19.8,4,12.0,9.1
7740,2024-05-28,Devgad,Bengaluru,331,819,23.1,4,12.0,11.3
7741,2024-05-28,Ratnagiri,Mumbai,414,357,8.5,1,12.0,6.1
7742,2024-05-28,Ratnagiri,Ahmedabad,302,863,23.8,4,12.0,14.4
7743,2024-05-28,Ratnagiri,Mumbai,298,318,7.7,1,12.0,2.5
7744,2024-05-28,Ratnagiri,Mumbai,182,342,7.5,4,12.0,8.9
7745,2024-05-28,Devgad,Pune,337,352,9.1,2,12.0,3.0
7746,2024-05-28,Ratnagiri,Ahmedabad,341,863,22.8,6,12.0,11.6
7747,2024-05-28,Devgad,Hyderabad,312,808,17.0,1,12.0,6.1
7748,2024-05-28,Ratnagiri,Mumbai,215,345,8.7,5,12.0,11.7
7749,2024-05-28,Devgad,Hyderabad,335,745,17.2,5,12.0,8.7
7750,2024-05-28,Devgad,Bengaluru,266,857,19.3,6,12.0,11.0
7751,2024-05-28,Ratnagiri,Ahmedabad,375,879,18.0,3,12.0,5.8
7752,2024-05-29,Ratnagiri,Mumbai,411,328,8.1,0,12.0,4.8
7753,2024-05-29,Ratnagiri,Pune,351,319,7.5,1,12.0,9.1
7754,2024-05-29,Ratnagiri,Mumbai,381,361,10.1,2,12.0,7.4
7755,2024-05-29,Ratnagiri,Mumbai,369,333,11.8,2,12.0,6.1
7756,2024-05-29,Devgad,Mumbai,191,388,9.3,3,12.0,5.9
7757,2024-05-29,Devgad,Mumbai,266,383,8.1,3,12.0,7.8
7758,2024-05-29,Devgad,Bengaluru,321,855,19.1,2,12.0,5.6
7759,2024-05-30,Ratnagiri,Mumbai,251,349,9.9,0,12.0,1.8
7760,2024-05-30,Ratnagiri,Pune,206,313,8.3,3,12.0,6.0
7761,2024-05-30,Ratnagiri,Ahmedabad,409,852,24.7,1,12.0,7.7
7762,2024-05-30,Ratnagiri,Mumbai,284,339,7.4,0,12.0,4.5
7763,2024-05-30,Ratnagiri,Mumbai,356,358,7.9,1,12.0,6.6
7764,2024-05-30,Devgad,Mumbai,236,393,11.1,4,12.0,9.0
7765,2024-05-30,Ratnagiri,Pune,225,300,7.3,2,12.0,4.8
7766,2024-05-30,Ratnagiri,Mumbai,236,338,9.4,1,12.0,3.8
7767,2024-05-30,Devgad,Pune,192,350,8.5,1,12.0,7.5
7768,2024-05-31,Devgad,Pune,257,345,10.1,4,12.0,8.6
7769,2024-05-31,Devgad,Pune,373,350,6.8,2,12.0,9.6
7770,2024-05-31,Devgad,Mumbai,311,396,9.0,4,12.0,12.4
7771,2024-05-31,Ratnagiri,Mumbai,294,337,9.5,0,12.0,6.1
7772,2024-05-31,Ratnagiri,Mumbai,416,328,9.7,3,12.0,6.0
7773,2024-05-31,Ratnagiri,Ahmedabad,251,833,20.1,6,12.0,12.9
7774,2024-06-01,Ratnagiri,Ahmedabad,398,922,19.6,6,12.0,8.5
7775,2024-06-01,Ratnagiri,Hyderabad,400,757,22.5,5,12.0,11.2
7776,2024-06-01,Ratnagiri,Mumbai,337,309,11.2,4,12.0,9.6
7777,2024-06-01,Ratnagiri,Ahmedabad,226,840,20.2,2,12.0,7.9
7778,2024-06-01,Ratnagiri,Ahmedabad,192,868,18.0,1,12.0,5.5
7779,2024-06-01,Devgad,Pune,293,326,8.4,2,12.0,7.7
7780,2024-06-01,Ratnagiri,Mumbai,344,348,7.0,1,12.0,5.0
7781,2024-06-02,Ratnagiri,Mumbai,265,340,10.6,1,12.0,2.1
7782,2024-06-02,Ratnagiri,Bengaluru,188,817,21.0,3,12.0,10.1
7783,2024-06-02,Ratnagiri,Mumbai,197,358,9.9,1,12.0,2.5
7784,2024-06-02,Ratnagiri,Bengaluru,257,842,19.6,1,12.0,6.7
7785,2024-06-02,Devgad,Pune,364,351,8.0,4,12.0,7.9
7786,2024-06-02,Devgad,Mumbai,207,378,12.7,3,12.0,9.0
7787,2024-06-02,Ratnagiri,Mumbai,245,340,7.2,1,12.0,3.5
7788,2024-06-02,Devgad,Ahmedabad,196,877,19.5,6,12.0,13.7
7789,2024-06-02,Devgad,Ahmedabad,294,940,20.7,4,12.0,9.4
7790,2024-06-02,Devgad,Ahmedabad,416,850,20.7,1,12.0,7.3
7791,2024-06-02,Devgad,Pune,358,329,7.8,2,12.0,1.5
7792,2024-06-03,Ratnagiri,Bengaluru,407,826,22.5,5,12.0,12.3
7793,2024-06-03,Ratnagiri,Mumbai,216,348,8.1,3,12.0,8.7
7794,2024-06-03,Devgad,Pune,253,338,14.5,2,12.0,9.6
7795,2024-06-03,Ratnagiri,Pune,301,305,8.0,4,12.0,8.3
7796,2024-06-03,Ratnagiri,Bengaluru,414,820,17.1,5,12.0,13.6
7797,2024-06-03,Devgad,Ahmedabad,243,936,18.5,1,12.0,4.2
7798,2024-06-03,Devgad,Mumbai,191,364,10.5,0,12.0,6.3
7799,2024-06-03,Devgad,Mumbai,201,393,8.7,4,12.0,7.2
7800,2024-06-03,Ratnagiri,Bengaluru,215,859,17.2,5,12.0,12.9
7801,2024-06-03,Devgad,Mumbai,183,384,9.4,3,12.0,10.5
7802,2024-06-03,Devgad,Mumbai,198,393,8.5,4,12.0,8.5
7803,2024-06-03,Ratnagiri,Ahmedabad,310,863,17.8,4,12.0,8.6
7804,2024-06-03,Devgad,Bengaluru,300,870,21.1,3,12.0,7.9
7805,2024-06-04,Devgad,Ahmedabad,344,930,20.3,4,12.0,8.5
7806,2024-06-04,Devgad,Bengaluru,389,856,22.1,2,12.0,6.6
7807,2024-06-04,Ratnagiri,Pune,348,329,8.2,2,12.0,5.6
7808,2024-06-04,Devgad,Pune,261,345,8.9,1,12.0,3.2
7809,2024-06-04,Devgad,Mumbai,261,386,9.4,5,12.0,9.9
7810,2024-06-04,Devgad,Bengaluru,355,893,19.5,7,12.0,17.5
7811,2024-06-04,Devgad,Bengaluru,226,876,21.6,2,12.0,8.5
7812,2024-06-04,Devgad,Ahmedabad,322,848,18.5,1,12.0,4.7
7813,2024-06-04,Ratnagiri,Bengaluru,298,846,18.0,3,12.0,5.7
7814,2024-06-04,Ratnagiri,Hyderabad,237,715,13.7,3,12.0,8.4
7815,2024-06-04,Ratnagiri,Ahmedabad,289,858,20.4,1,12.0,6.7
7816,2024-06-04,Ratnagiri,Mumbai,367,347,9.9,2,12.0,4.3
7817,2024-06-04,Ratnagiri,Pune,252,289,6.8,5,12.0,9.6
7818,2024-06-05,Ratnagiri,Mumbai,309,351,6.9,2,12.0,8.7
7819,2024-06-05,Devgad,Pune,408,348,7.7,4,12.0,9.9
7820,2024-06-05,Ratnagiri,Mumbai,253,343,9.0,4,12.0,9.3
7821,2024-06-05,Ratnagiri,Ahmedabad,203,864,20.3,2,12.0,7.6
7822,2024-06-05,Ratnagiri,Hyderabad,337,769,17.7,3,12.0,8.1
7823,2024-06-05,Ratnagiri,Hyderabad,188,740,15.2,3,12.0,8.6
7824,2024-06-05,Ratnagiri,Hyderabad,293,803,17.4,4,12.0,10.8
7825,2024-06-05,Ratnagiri,Hyderabad,328,788,21.9,4,12.0,12.7
7826,2024-06-05,Devgad,Mumbai,382,389,8.3,0,12.0,4.1
7827,2024-06-05,Devgad,Mumbai,282,398,8.1,3,12.0,9.3
7828,2024-06-05,Ratnagiri,Pune,306,283,8.6,3,12.0,6.4
7829,2024-06-05,Devgad,Pune,344,346,8.7,2,12.0,7.7
7830,2024-06-05,Ratnagiri,Pune,280,294,8.2,2,12.0,7.3
7831,2024-06-05,Devgad,Pune,254,335,7.8,1,12.0,7.6
7832,2024-06-05,Devgad,Mumbai,403,405,11.3,2,12.0,4.9
7833,2024-06-05,Devgad,Pune,359,348,7.4,4,12.0,9.1
7834,2024-06-05,Ratnagiri,Pune,418,295,11.5,5,12.0,8.6
7835,2024-06-06,Ratnagiri,Hyderabad,252,757,14.6,5,12.0,9.0
7836,2024-06-06,Devgad,Mumbai,383,377,9.6,1,12.0,5.0
7837,2024-06-06,Ratnagiri,Bengaluru,275,849,23.7,2,12.0,5.9
7838,2024-06-06,Devgad,Bengaluru,260,907,18.3,5,12.0,10.9
7839,2024-06-06,Ratnagiri,Bengaluru,374,732,17.7,0,12.0,4.6
7840,2024-06-06,Devgad,Hyderabad,312,736,18.4,0,12.0,2.7
7841,2024-06-06,Ratnagiri,Pune,242,313,7.9,1,12.0,5.5
7842,2024-06-06,Ratnagiri,Mumbai,334,334,7.1,5,12.0,9.6
7843,2024-06-06,Ratnagiri,Bengaluru,181,812,16.4,3,12.0,6.5
7844,2024-06-06,Devgad,Hyderabad,257,798,16.2,3,12.0,5.3
7845,2024-06-06,Ratnagiri,Ahmedabad,416,857,16.0,2,12.0,7.2
7846,2024-06-06,Devgad,Hyderabad,296,811,17.1,3,12.0,5.8
7847,2024-06-06,Ratnagiri,Hyderabad,240,750,17.8,2,12.0,9.8
7848,2024-06-06,Devgad,Mumbai,253,371,11.0,2,12.0,3.5
7849,2024-06-06,Devgad,Mumbai,310,384,11.6,2,12.0,10.5
7850,2024-06-06,Ratnagiri,Mumbai,298,365,7.9,1,12.0,5.5
7851,2024-06-07,Ratnagiri,Bengaluru,185,829,22.3,4,12.0,8.1
7852,2024-06-07,Ratnagiri,Hyderabad,317,745,15.7,3,12.0,9.3
7853,2024-06-07,Devgad,Bengaluru,372,829,16.4,2,12.0,8.4
7854,2024-06-07,Devgad,Ahmedabad,188,956,21.3,3,12.0,7.4
7855,2024-06-07,Ratnagiri,Pune,416,311,8.2,1,12.0,3.0
7856,2024-06-07,Ratnagiri,Ahmedabad,292,875,21.9,3,12.0,8.0
7857,2024-06-07,Devgad,Hyderabad,358,812,21.1,1,12.0,3.9
7858,2024-06-07,Ratnagiri,Mumbai,345,314,7.1,2,12.0,6.6
7859,2024-06-07,Ratnagiri,Bengaluru,318,844,18.2,3,12.0,9.2
7860,2024-06-07,Ratnagiri,Mumbai,403,322,10.3,2,12.0,6.0
7861,2024-06-07,Devgad,Mumbai,210,391,9.6,3,12.0,5.8
7862,2024-06-08,Ratnagiri,Mumbai,277,335,7.8,2,12.0,5.4
7863,2024-06-08,Ratnagiri,Ahmedabad,404,814,20.2,2,12.0,8.7
7864,2024-06-08,Devgad,Bengaluru,342,832,20.6,4,12.0,11.1
7865,2024-06-08,Devgad,Pune,283,331,11.1,2,12.0,4.9
7866,2024-06-08,Ratnagiri,Pune,307,287,6.8,1,12.0,5.1
7867,2024-06-08,Ratnagiri,Hyderabad,189,755,20.2,1,12.0,7.0
7868,2024-06-08,Devgad,Hyderabad,349,814,17.9,3,12.0,9.2
7869,2024-06-08,Devgad,Bengaluru,248,908,20.9,6,12.0,15.1
7870,2024-06-08,Ratnagiri,Pune,413,312,8.3,2,12.0,5.4
7871,2024-06-08,Ratnagiri,Hyderabad,390,800,22.0,3,12.0,5.1
7872,2024-06-09,Devgad,Mumbai,204,419,11.7,6,12.0,8.3
7873,2024-06-09,Devgad,Mumbai,219,367,8.7,0,12.0,6.5
7874,2024-06-09,Ratnagiri,Ahmedabad,368,815,20.5,5,12.0,16.5
7875,2024-06-09,Ratnagiri,Hyderabad,203,738,17.1,2,12.0,8.5
7876,2024-06-09,Devgad,Pune,263,352,8.6,3,12.0,7.2
7877,2024-06-09,Devgad,Ahmedabad,260,886,18.7,3,12.0,11.5
7878,2024-06-09,Ratnagiri,Bengaluru,380,821,17.1,1,12.0,8.8
7879,2024-06-09,Ratnagiri,Mumbai,316,331,7.7,1,12.0,3.7
7880,2024-06-09,Ratnagiri,Hyderabad,295,833,20.5,4,12.0,17.2
7881,2024-06-09,Ratnagiri,Hyderabad,380,764,17.6,6,12.0,12.1
7882,2024-06-09,Ratnagiri,Mumbai,367,343,9.1,1,12.0,8.2
7883,2024-06-09,Ratnagiri,Pune,225,305,5.9,3,12.0,5.8
7884,2024-06-09,Ratnagiri,Mumbai,318,346,7.7,0,12.0,6.1
7885,2024-06-09,Ratnagiri,Mumbai,262,342,6.9,1,12.0,6.4
7886,2024-06-09,Devgad,Hyderabad,312,852,19.2,3,12.0,6.9
7887,2024-06-10,Ratnagiri,Hyderabad,301,743,15.2,1,12.0,5.9
7888,2024-06-10,Devgad,Pune,416,347,10.2,2,12.0,10.7
7889,2024-06-10,Ratnagiri,Mumbai,331,368,9.0,3,12.0,4.7
7890,2024-06-10,Ratnagiri,Bengaluru,368,796,20.6,0,12.0,6.3
7891,2024-06-10,Devgad,Bengaluru,228,869,18.6,2,12.0,2.9
7892,2024-06-10,Ratnagiri,Hyderabad,225,770,15.3,3,12.0,5.5
7893,2024-06-10,Ratnagiri,Ahmedabad,233,842,18.9,4,12.0,12.1
7894,2024-06-10,Ratnagiri,Mumbai,202,335,8.7,4,12.0,7.7
7895,2024-06-10,Ratnagiri,Pune,191,302,6.9,3,12.0,7.3
7896,2024-06-11,Ratnagiri,Mumbai,332,340,8.0,2,12.0,4.6
7897,2024-06-11,Devgad,Ahmedabad,188,823,18.5,4,12.0,7.8
7898,2024-06-11,Ratnagiri,Bengaluru,335,806,19.8,4,12.0,9.9
7899,2024-06-11,Devgad,Mumbai,198,363,8.1,2,12.0,5.6
7900,2024-06-11,Ratnagiri,Hyderabad,318,768,19.4,0,12.0,6.4
7901,2024-06-11,Devgad,Mumbai,328,345,8.8,2,12.0,3.2
7902,2024-06-11,Ratnagiri,Hyderabad,326,770,16.7,5,12.0,7.8
7903,2024-06-11,Ratnagiri,Hyderabad,244,777,21.2,2,12.0,5.9
7904,2024-06-11,Ratnagiri,Bengaluru,202,898,19.8,2,12.0,9.1
7905,2024-06-12,Ratnagiri,Pune,354,286,7.9,2,12.0,4.7
7906,2024-06-12,Ratnagiri,Pune,352,298,5.7,0,12.0,4.5
7907,2024-06-12,Ratnagiri,Mumbai,325,341,7.9,1,12.0,2.3
7908,2024-06-12,Ratnagiri,Mumbai,233,336,10.0,2,12.0,6.0
7909,2024-06-12,Ratnagiri,Pune,374,297,7.6,3,12.0,8.5
7910,2024-06-12,Devgad,Bengaluru,406,942,22.4,2,12.0,4.1
7911,2024-06-12,Ratnagiri,Mumbai,326,334,8.6,1,12.0,10.3
7912,2024-06-12,Ratnagiri,Bengaluru,303,870,22.3,1,12.0,1.9
7913,2024-06-12,Devgad,Pune,192,348,7.4,2,12.0,4.8
7914,2024-06-12,Devgad,Mumbai,304,382,7.9,2,12.0,7.2
7915,2024-06-12,Ratnagiri,Bengaluru,278,811,16.6,2,12.0,5.5
7916,2024-06-12,Ratnagiri,Hyderabad,237,759,15.8,2,12.0,7.3
7917,2024-06-12,Ratnagiri,Pune,210,296,6.9,3,12.0,6.9
7918,2024-06-12,Devgad,Ahmedabad,217,903,18.4,2,12.0,5.0
7919,2024-06-12,Ratnagiri,Mumbai,195,347,9.7,1,12.0,5.9
7920,2024-06-13,Ratnagiri,Pune,291,289,6.6,3,12.0,7.3
7921,2024-06-13,Devgad,Mumbai,267,382,8.2,2,12.0,4.4
7922,2024-06-13,Devgad,Mumbai,335,395,10.8,6,12.0,14.1
7923,2024-06-13,Devgad,Hyderabad,195,735,20.1,3,12.0,10.1
7924,2024-06-13,Devgad,Bengaluru,336,891,20.2,3,12.0,9.2
7925,2024-06-13,Ratnagiri,Bengaluru,318,888,18.5,3,12.0,8.9
7926,2024-06-13,Ratnagiri,Ahmedabad,193,820,13.9,0,12.0,7.1
7927,2024-06-13,Devgad,Bengaluru,410,868,18.0,3,12.0,8.4
7928,2024-06-13,Devgad,Hyderabad,201,765,16.3,1,12.0,4.2
7929,2024-06-13,Devgad,Pune,373,359,8.7,0,12.0,2.2
7930,2024-06-13,Devgad,Mumbai,186,385,13.4,2,12.0,8.4
7931,2024-06-13,Ratnagiri,Pune,250,287,9.3,2,12.0,3.8
7932,2024-06-14,Ratnagiri,Mumbai,307,329,7.2,2,12.0,4.4
7933,2024-06-14,Ratnagiri,Pune,238,288,6.8,1,12.0,9.5
7934,2024-06-14,Devgad,Mumbai,207,403,8.8,3,12.0,7.2
7935,2024-06-14,Ratnagiri,Mumbai,244,358,9.4,1,12.0,4.5
7936,2024-06-14,Ratnagiri,Mumbai,331,355,12.8,4,12.0,7.9
7937,2024-06-14,Ratnagiri,Mumbai,410,349,12.9,5,12.0,10.2
7938,2024-06-15,Ratnagiri,Pune,405,300,8.5,1,12.0,6.0
7939,2024-06-15,Ratnagiri,Mumbai,394,333,7.4,1,12.0,4.0
7940,2024-06-15,Devgad,Pune,189,331,7.5,0,12.0,4.0
7941,2024-06-15,Devgad,Hyderabad,194,781,19.3,1,12.0,9.6
7942,2024-06-15,Ratnagiri,Hyderabad,341,745,18.2,3,12.0,11.2
7943,2024-06-15,Ratnagiri,Hyderabad,268,688,13.8,4,12.0,7.6
7944,2024-06-15,Ratnagiri,Mumbai,187,347,9.3,5,12.0,3.6
7945,2024-06-15,Devgad,Mumbai,252,390,9.4,2,12.0,4.5
7946,2024-06-15,Ratnagiri,Mumbai,276,332,8.0,2,12.0,4.6
7947,2024-06-15,Ratnagiri,Mumbai,363,339,7.9,2,12.0,3.3
7948,2024-06-16,Ratnagiri,Mumbai,331,329,8.2,1,12.0,9.0
7949,2024-06-16,Devgad,Bengaluru,235,865,19.7,2,12.0,6.2
7950,2024-06-16,Ratnagiri,Hyderabad,290,751,13.7,5,12.0,12.2
7951,2024-06-16,Ratnagiri,Pune,214,299,8.7,1,12.0,6.0
7952,2024-06-16,Devgad,Bengaluru,417,855,22.2,2,12.0,5.7
7953,2024-06-17,Ratnagiri,Bengaluru,359,821,23.1,4,12.0,10.4
7954,2024-06-17,Devgad,Hyderabad,228,806,18.4,5,12.0,13.0
7955,2024-06-17,Devgad,Pune,182,330,11.7,3,12.0,5.2
7956,2024-06-17,Ratnagiri,Mumbai,390,357,9.8,2,12.0,5.2
7957,2024-06-17,Ratnagiri,Mumbai,249,347,10.6,3,12.0,6.7
7958,2024-06-17,Devgad,Pune,213,344,9.5,0,12.0,2.6
7959,2024-06-17,Ratnagiri,Mumbai,392,325,7.0,0,12.0,2.4
7960,2024-06-17,Ratnagiri,Ahmedabad,234,884,23.9,2,12.0,10.7
