reading_id,device_id,temperature,humidity,pressure,vibration
720,287,21.18,65.84,1021.75,0.459
1437,981,17.97,40.09,1012.18,2.58
1277,413,16.76,52.96,1015.84,0.575
70,543,19.71,62.0,1010.68,1.849
273,382,16.94,53.02,1014.04,0.997
364,560,14.84,69.91,1016.67,0.118
1477,896,24.27,45.02,1014.23,1.328
780,748,23.43,74.08,1018.77,0.467
488,964,24.61,56.02,1009.33,0.042
1115,283,23.05,54.59,1018.0,2.249
1067,341,23.62,85.6,1008.11,1.631
46,835,28.79,53.65,1020.7,0.823
1090,850,27.9,16.74,1006.51,1.9
800,397,23.15,38.84,1002.48,1.795
904,710,23.99,47.8,1007.67,0.547
458,247,25.32,29.33,1017.46,0.267
1386,406,16.85,28.29,1019.13,0.087
342,641,27.06,35.43,1021.62,0.049
1300,974,19.04,61.56,1013.28,0.808
466,336,25.63,58.12,1019.64,0.219
626,181,24.15,26.95,1011.83,0.687
1321,232,22.32,50.86,1015.37,0.001
736,564,24.07,48.06,1013.94,0.729
1397,422,23.78,52.5,1013.53,1.614
1196,243,26.33,47.18,1010.89,1.097
432,501,19.875,71.423,1005.121,0.0106
1231,890,29.39,28.54,1018.27,0.38
676,121,19.52,29.7,1022.02,0.595
350,402,14.69,65.96,1011.88,0.036
1055,459,26.63,63.09,1009.09,0.967
406,616,24.11,33.01,1010.59,1.384
260,564,25.75,40.76,1020.2,1.019
274,834,20.82,31.55,1008.91,0.611
269,550,24.12,45.86,1009.12,0.593
174,908,23.82,52.72,1018.83,0.423
1065,170,13.36,72.88,1012.92,0.078
698,769,14.25,52.26,1020.08,1.952
898,627,21.29,66.46,1019.39,0.659
1453,167,18.17,90.19,1008.37,0.34
1457,224,21.9,45.22,1014.72,0.39
653,156,14.42,51.15,1019.38,1.961
952,573,18.07,54.53,1005.5,0.704
1284,916,20.03,50.84,1017.38,0.308
401,915,24.83,45.89,1009.1,0.71
281,585,20.66,52.07,1013.35,1.578
1444,273,20.56,54.69,1019.92,0.166
705,336,23.66,66.69,1016.28,1.358
1145,804,26.21,60.75,1013.12,0.976
1063,732,23.18,55.51,1020.86,0.967
887,270,26.26,25.44,1001.22,0.419
1038,411,30.51,31.3,1002.91,1.994
872,718,24.88,58.01,1018.63,0.197
1272,377,22.29,54.71,1003.7,1.692
1382,717,21.47,67.73,1008.53,0.321
591,469,25.83,55.6,1008.85,1.246
420,875,24.2,32.0,1017.85,0.091
1066,169,25.84,63.46,1015.12,0.923
284,229,21.03,42.22,1012.0,1.217
845,687,21.87,42.0,1006.59,0.518
15,240,23.31,48.04,1006.37,0.365
663,977,19.69,69.97,1014.01,0.204
550,237,26.4,56.7,1010.66,0.082
1364,183,21.81,70.24,1020.09,0.802
881,682,25.31,57.12,1008.17,0.034
353,892,20.47,32.01,1016.04,0.038
994,812,21.49,58.27,1016.76,2.392
465,886,24.36,53.13,1005.33,1.038
541,817,20.27,46.32,1013.98,0.611
793,778,21.26,41.67,1012.1,0.364
1077,432,20.62,57.66,1011.25,0.421
366,543,18.46,44.52,1012.15,0.459
72,699,29.39,46.48,1009.09,2.585
1207,185,22.83,42.82,1012.35,2.243
848,706,21.26,56.74,1013.91,0.11
1128,304,17.35,56.3,1008.58,0.634
1203,718,15.6,49.66,1017.69,0.135
69,714,18.53,42.87,1014.99,0.328
59,551,14.31,78.87,1008.88,0.814
830,278,21.14,64.11,1016.98,0.788
355,742,23.05,59.44,1016.39,0.098
875,193,15.36,49.24,1010.45,1.592
602,212,13.99,59.54,1015.09,0.094
942,469,22.7,68.36,1012.92,0.156
1004,746,27.56,42.54,1011.19,0.858
599,162,22.77,55.59,1009.9,1.173
652,501,19.866,71.425,1005.101,0.0126
1166,546,23.01,42.75,1007.26,0.037
1360,529,29.99,58.79,1007.44,3.076
1208,424,17.75,45.28,1001.46,0.46
143,756,21.67,50.25,1002.41,2.861
1337,582,20.33,29.47,1015.46,0.424
612,898,23.7,58.59,1018.17,1.114
1016,515,13.32,69.05,1005.08,0.981
659,278,27.23,29.81,1014.29,2.174
102,380,27.44,28.02,1010.32,0.492
569,746,20.49,32.27,1015.61,0.709
1133,874,18.43,42.52,1006.81,1.266
1221,723,19.83,38.14,1007.12,0.152
319,636,19.8,45.89,1009.49,0.191
802,199,24.88,33.75,1020.67,0.636
526,718,21.35,47.45,1014.99,1.213
412,438,19.97,51.27,1009.53,0.469
554,740,17.32,62.01,1021.39,1.658
730,391,22.16,30.26,1017.92,2.986
1112,262,18.08,46.71,1012.4,0.823
733,403,18.64,51.82,1014.74,0.096
581,717,27.7,47.27,1017.39,0.135
922,158,30.29,34.72,1005.7,1.466
1441,997,25.4,50.19,1012.21,0.557
915,838,20.54,64.03,1011.94,0.531
1182,381,16.2,34.42,1007.18,0.907
1029,876,24.88,58.92,1015.07,0.759
1423,365,21.06,45.32,1008.16,0.818
138,130,10.76,48.29,1017.54,0.029
1144,662,23.77,42.07,1000.78,0.734
1187,816,23.32,46.02,1018.57,0.004
66,979,23.39,37.24,1011.73,0.363
843,839,23.85,44.89,1005.08,0.148
1370,820,16.27,40.35,1007.93,1.83
587,958,22.28,32.96,1022.25,1.934
583,395,24.2,45.13,1011.65,2.383
264,162,26.26,34.04,1019.41,0.436
357,712,19.01,53.93,1005.29,1.199
144,373,28.39,77.71,1019.15,0.105
931,455,21.36,64.48,1025.6,0.865
1205,791,28.6,60.85,1011.29,0.163
1175,330,25.61,52.0,1009.2,0.256
200,856,14.2,46.96,1021.88,1.125
288,266,24.96,64.53,1016.74,0.025
461,632,27.83,71.56,1009.19,0.294
601,454,19.09,48.12,1019.19,1.28
910,997,19.22,51.83,1005.84,0.349
146,130,23.65,57.54,1006.02,0.018
1019,690,20.77,58.32,1023.88,0.414
482,233,22.45,60.8,1021.03,2.3
758,795,22.04,44.23,1002.77,0.348
158,792,13.24,73.29,1016.37,0.404
509,606,17.85,52.66,1019.76,2.886
982,832,23.3,53.44,1011.81,0.37
771,385,18.87,80.13,1017.47,0.184
716,493,23.37,64.84,1005.25,0.574
1015,550,19.4,56.18,1004.7,0.417
47,893,20.45,47.38,1007.85,2.036
620,787,24.98,58.54,1009.01,0.008
1414,977,14.92,59.81,1012.87,1.111
1309,326,21.64,40.98,1007.62,4.229
205,506,22.74,57.3,1011.99,0.604
242,261,21.01,67.84,1005.2,1.371
231,969,27.97,50.6,1012.05,0.101
306,793,24.15,51.27,1007.36,0.881
1116,381,19.56,66.07,1012.62,0.419
822,587,26.68,37.97,1016.25,0.387
1403,608,22.29,63.78,1016.93,1.174
756,968,16.46,40.56,1022.8,0.387
1377,781,22.14,49.9,1015.33,0.133
1479,142,24.38,55.25,1011.23,0.116
542,339,17.94,51.37,1008.13,0.349
240,132,20.3,37.55,1011.77,1.094
1464,802,25.08,34.89,1007.87,0.178
1325,230,26.45,58.03,1021.54,0.114
1064,566,17.98,47.34,1019.85,0.666
892,357,23.45,58.31,1014.38,0.004
950,996,18.16,27.92,1014.88,0.534
312,948,24.67,73.09,1012.45,0.976
1155,933,14.19,50.16,1004.04,1.832
738,677,21.76,52.9,1020.03,0.654
115,424,21.61,47.67,1014.72,0.268
810,218,19.62,53.32,1006.71,0.164
997,756,15.63,48.75,1021.35,1.296
1256,450,23.67,49.72,1003.03,0.092
964,271,19.97,39.02,1004.44,0.062
18,498,21.82,46.3,1017.9,0.099
863,885,19.39,63.53,1024.95,0.262
644,682,21.76,51.79,1013.76,0.427
1092,625,20.34,39.49,1012.24,1.029
1467,245,23.59,41.53,1009.33,0.102
1305,880,19.48,57.82,1017.93,2.198
628,949,22.46,54.51,1003.8,0.07
1316,597,19.75,45.37,1014.56,1.784
1214,785,17.15,47.07,1004.02,0.997
646,926,22.13,47.96,1013.59,0.956
585,316,22.23,48.54,1012.31,0.294
625,733,18.54,66.55,1015.7,0.785
1027,670,21.81,45.98,1006.28,0.527
34,756,19.43,54.93,1015.19,1.098
1024,641,18.39,54.84,1013.73,2.233
573,110,28.06,50.88,999.91,0.287
227,933,23.88,53.05,1012.27,0.292
1320,626,21.16,54.92,1012.09,0.137
362,494,17.6,34.87,1012.1,0.332
799,866,26.79,65.73,1025.23,0.875
1192,823,19.45,59.7,1013.67,0.497
1299,890,22.59,32.03,1001.58,0.025
565,570,24.47,65.97,1021.74,0.106
989,501,19.863,71.418,1005.1,0.0355
783,501,19.857,71.432,1005.111,0.0125
324,732,22.75,37.65,1007.58,0.721
965,962,22.84,47.34,1008.53,0.162
1365,821,25.96,42.5,1015.14,0.445
709,655,17.94,55.14,1017.8,0.115
1049,474,21.97,57.63,1015.59,0.018
308,873,24.54,59.11,1020.82,0.013
978,941,21.01,49.45,1012.89,0.443
463,532,22.68,38.72,1015.11,2.302
94,677,26.77,40.68,1012.32,0.502
992,531,19.43,48.88,1016.49,0.394
533,870,26.09,61.36,996.33,0.649
722,728,28.31,55.98,1013.59,0.899
1241,335,20.68,24.82,1011.21,0.119
744,786,22.12,42.86,1009.62,0.341
749,314,22.52,56.34,1017.09,0.13
1022,166,23.75,33.92,1016.33,0.299
969,907,29.74,69.01,1009.88,0.198
961,917,21.98,27.73,1008.6,0.596
1294,998,22.13,52.48,1016.73,0.144
388,493,17.72,57.05,1005.91,0.317
113,910,18.65,49.0,1017.36,0.158
1200,805,23.4,40.14,1019.26,0.106
110,502,17.39,52.45,1008.52,0.159
1366,580,17.24,33.69,1004.53,0.142
552,274,21.7,69.76,1010.79,0.103
189,639,23.82,29.73,1009.35,0.703
247,843,18.3,41.85,1022.66,0.886
279,998,20.74,44.99,1017.34,0.495
1487,360,31.05,26.64,1018.11,0.017
505,811,18.79,43.73,1020.46,2.337
1252,257,18.04,29.39,1014.4,0.059
1463,310,26.03,48.73,1009.74,0.054
386,767,17.17,60.73,1017.32,0.447
437,978,22.51,56.34,1020.35,2.774
769,500,18.42,46.9,1018.14,0.892
1248,754,19.86,54.24,1015.66,0.135
654,501,19.862,71.401,1005.11,0.0205
524,979,21.25,53.24,996.72,1.873
19,835,23.53,63.98,1019.84,0.047
404,664,23.65,37.03,1014.71,0.58
184,458,16.66,48.17,1007.05,1.524
955,641,15.21,44.17,1013.31,2.581
867,244,23.35,50.57,1024.0,0.063
668,252,23.93,44.38,1015.27,0.003
739,705,15.86,58.3,1013.88,0.311
182,959,16.12,30.36,1012.53,0.195
1131,326,15.69,41.65,1016.46,0.234
721,704,25.96,50.38,1014.92,0.294
198,836,20.47,35.05,1014.27,0.195
1436,461,20.14,54.74,1018.63,0.485
1000,292,22.9,38.93,1018.83,0.165
1026,558,24.88,20.92,1003.62,2.858
287,473,26.94,37.19,1018.0,0.508
449,962,26.35,53.45,1012.25,0.579
1292,606,27.26,63.66,1023.42,0.083
249,278,21.15,63.65,1007.98,0.885
257,730,18.81,41.68,1009.31,0.243
370,325,24.53,58.6,1018.31,0.283
882,263,20.43,36.14,1008.19,1.323
513,566,26.65,64.62,1005.49,1.703
213,750,24.65,47.24,1013.52,0.503
926,461,24.89,22.53,1011.87,1.071
1307,984,28.18,37.09,1014.97,1.639
673,443,21.33,61.54,1008.57,0.133
236,719,24.16,31.67,1018.42,0.11
334,411,23.38,53.87,1012.01,0.704
1326,317,17.79,52.16,1010.03,0.014
981,163,19.59,39.99,1008.09,0.146
766,446,18.41,50.76,1009.85,0.266
22,248,20.59,28.9,1016.35,1.956
774,552,23.97,52.34,1007.28,0.592
520,459,24.22,47.26,1002.58,3.72
493,614,22.39,52.56,1015.98,0.4
665,545,28.14,43.41,1013.31,0.498
1465,666,20.45,22.76,1009.12,1.297
71,525,30.15,47.97,1022.21,2.114
1345,992,12.91,58.86,1003.7,0.01
1281,858,23.86,49.92,1013.56,0.543
689,826,18.4,41.33,1016.44,1.41
1429,759,24.05,51.2,1011.8,0.162
21,891,24.89,64.85,1007.93,2.841
1164,692,20.55,31.01,1009.56,1.475
1290,203,20.41,53.09,1008.55,0.958
1276,800,20.78,53.01,1014.59,0.033
1308,963,27.87,67.08,1014.65,0.072
422,733,22.64,44.48,1019.31,1.078
129,483,23.13,41.39,1002.49,0.293
495,831,21.88,57.53,1017.31,3.702
85,964,22.07,53.84,1022.62,1.183
1190,804,24.34,43.29,1021.01,0.246
609,255,16.83,54.18,1007.86,0.543
309,403,28.87,51.78,1014.06,1.823
667,932,23.67,34.65,1020.55,1.058
995,245,22.49,50.73,1025.36,2.416
1407,281,23.8,26.99,1023.88,0.43
740,323,21.02,51.44,1016.78,0.002
368,361,23.88,42.6,1009.12,0.091
1448,527,19.62,56.14,1014.73,0.081
8,441,19.61,38.89,1024.55,0.58
1402,735,16.86,61.97,1018.89,2.116
817,453,20.38,44.23,1015.97,0.069
1404,287,23.42,55.13,1018.67,1.109
1098,364,16.17,26.64,1008.67,0.155
1392,742,11.12,35.8,1013.5,1.063
103,923,21.25,60.52,1019.25,0.518
1239,814,21.59,56.2,1005.16,0.128
1493,693,23.04,49.39,1015.86,0.953
418,367,14.07,50.89,1018.53,0.96
48,501,19.865,71.416,1005.12,0.023
916,694,26.43,41.91,1011.68,0.076
186,360,22.41,53.7,1017.82,0.315
172,684,24.18,24.91,1012.73,1.729
1419,548,23.56,59.44,1002.08,0.049
815,251,25.32,53.27,1017.52,0.785
824,640,24.43,51.68,1015.77,2.839
1181,890,23.37,44.26,1005.27,0.246
62,982,22.43,56.95,1012.52,1.292
1384,332,21.95,43.03,1014.39,0.172
477,501,19.862,71.412,1005.117,0.0343
333,243,26.16,69.64,1009.07,0.137
1140,883,23.24,78.77,1014.22,0.505
286,644,25.72,47.65,1005.97,1.596
195,454,21.95,72.43,1014.56,1.439
1368,211,20.11,36.79,1000.83,1.065
371,217,21.65,39.88,1018.86,0.138
1251,501,18.87,63.02,1020.33,0.251
1137,599,23.32,51.68,1014.66,1.385
530,621,18.69,67.4,1010.07,0.014
1148,489,19.52,85.35,1007.52,0.765
999,372,21.58,46.67,1015.78,0.895
757,264,19.39,46.87,1025.79,1.023
1156,730,18.94,57.26,1019.48,0.529
1335,351,32.11,47.88,1021.28,1.337
471,198,20.45,42.97,1006.67,0.355
1265,860,22.76,47.92,1007.14,0.178
1275,982,17.87,68.14,1011.37,0.042
1405,277,18.65,35.14,1017.16,1.874
499,292,27.79,32.79,998.15,1.034
128,885,19.42,50.91,1022.59,0.391
772,575,23.36,30.07,1014.35,0.07
712,501,19.878,71.415,1005.107,0.0158
170,635,14.98,56.71,1018.3,0.303
120,371,23.84,51.02,1015.17,2.64
956,152,26.84,55.45,1013.58,0.056
545,585,19.24,69.06,1016.77,1.343
692,896,23.7,46.24,1022.23,0.259
1301,870,22.7,43.86,1020.29,0.235
844,878,16.14,57.38,1014.01,2.077
797,635,17.0,54.34,1023.68,0.296
399,652,18.94,38.41,1022.2,0.116
201,166,23.48,55.88,1015.77,0.052
702,726,20.72,28.71,1010.05,0.411
250,239,11.12,47.84,1013.11,0.837
316,994,23.99,42.61,1013.25,0.394
147,271,19.51,64.54,1012.4,0.368
469,668,16.68,47.24,1011.56,1.871
1102,889,27.36,60.08,1018.49,0.603
403,532,24.98,51.45,1022.38,0.619
1425,745,22.08,51.41,1016.78,0.444
142,947,26.72,51.75,1013.76,0.002
1480,852,21.01,43.15,1007.19,0.882
453,123,20.1,60.24,1010.45,0.923
1398,636,16.12,36.48,999.21,0.978
356,730,22.31,43.51,1007.85,1.729
1162,242,21.14,40.02,1000.28,0.66
336,265,16.21,66.01,1021.6,1.676
68,508,22.19,40.64,1000.86,0.276
1352,579,21.77,54.87,1004.08,1.883
1458,980,16.62,42.53,1013.29,0.552
1040,928,14.68,54.38,1002.57,0.78
83,501,19.86,71.424,1005.107,0.009
1007,899,25.97,63.78,1019.97,0.053
1229,714,20.66,48.0,1021.84,1.482
984,104,28.34,50.85,1024.19,0.363
16,163,25.74,63.37,1012.62,0.915
159,180,32.47,54.74,1009.03,0.716
1483,559,22.59,32.18,1019.71,0.055
718,982,18.37,58.54,1014.88,0.434
1323,709,19.35,62.88,1001.33,1.995
480,437,27.7,41.39,1006.99,0.164
536,707,15.77,40.85,1009.46,0.642
558,764,21.84,52.7,1018.15,0.227
1139,977,17.81,58.18,1015.65,1.706
788,152,18.57,26.57,1013.98,0.028
1494,230,30.92,55.6,1020.46,1.403
678,109,28.22,32.09,1017.38,0.91
1319,971,27.61,57.57,1008.85,0.066
1059,865,21.4,41.35,1021.1,0.335
580,327,20.51,48.39,1008.87,3.459
100,288,22.82,38.55,1016.36,0.93
329,257,19.56,66.02,1013.98,2.213
1388,411,20.0,51.4,1014.08,0.089
1378,983,19.6,39.8,1020.63,0.999
84,579,19.04,55.76,1011.89,0.415
3,777,22.2,57.48,1010.0,0.617
504,505,19.84,73.07,1017.28,1.802
1246,397,24.89,53.74,1011.69,0.144
1422,205,18.94,40.92,1000.53,0.113
1222,870,21.98,63.4,1003.86,0.267
557,227,16.41,53.88,1012.25,2.188
216,790,21.54,62.11,1001.74,0.729
1243,718,24.24,58.76,1014.07,0.88
456,444,18.61,55.18,1011.71,1.559
543,767,26.01,70.68,1015.98,0.05
81,716,21.68,26.5,1015.34,0.437
38,580,25.36,67.32,1006.97,0.008
1409,884,19.65,25.21,1004.97,0.021
790,653,28.9,46.93,1002.84,0.024
574,457,23.34,34.26,1019.47,0.104
594,721,21.06,38.99,1014.3,0.211
835,736,26.11,41.82,1009.09,1.383
183,182,22.52,41.37,1015.96,0.237
375,348,20.57,39.17,1012.0,0.483
838,158,20.36,47.64,1003.74,1.926
962,853,24.86,39.35,1013.87,0.749
67,907,16.39,50.13,1009.73,1.087
1499,799,20.98,41.41,1006.04,0.129
419,611,25.23,59.77,1024.31,0.453
1184,244,23.96,47.6,1014.02,1.169
408,794,14.94,33.49,1013.02,2.812
697,218,20.32,18.82,1010.95,1.345
846,456,22.39,64.61,1016.8,0.185
173,290,27.44,38.47,1011.1,1.215
912,901,28.55,51.36,1006.12,1.743
1258,648,22.11,50.41,1014.31,0.444
331,271,20.56,61.62,1012.9,1.413
285,737,31.93,58.73,1024.1,0.165
941,623,29.63,54.05,1008.18,0.307
958,171,20.52,67.86,1010.04,2.115
1176,277,27.7,79.9,1024.89,0.165
485,301,29.39,53.44,1009.84,0.316
1237,182,22.66,51.7,1012.51,0.127
233,574,26.47,35.97,1008.81,1.211
527,435,24.6,72.73,1017.3,0.44
454,637,24.51,64.54,1007.9,1.962
1432,966,22.43,71.15,1000.76,0.036
1073,692,21.02,47.78,1016.1,1.45
836,674,24.69,40.0,1021.0,1.888
1255,708,23.75,43.99,1004.68,0.582
762,262,22.77,52.76,1013.32,0.397
604,855,20.95,54.07,1011.76,0.524
917,909,24.54,57.39,1006.98,0.434
489,343,22.54,43.14,1004.4,1.295
840,908,25.69,65.76,1020.45,0.141
641,814,26.46,46.62,1022.53,0.035
271,579,9.4,35.15,1016.37,0.049
811,748,18.25,54.76,1015.1,0.329
548,488,17.21,60.49,1005.72,1.684
660,161,19.57,70.31,1018.95,1.308
1349,951,21.25,47.82,1001.34,1.274
61,863,19.3,59.26,1017.04,0.157
202,589,23.02,50.82,1012.73,0.244
266,653,28.53,35.99,1005.35,0.098
473,701,19.21,55.73,1023.78,1.389
1481,565,18.16,42.91,1014.1,0.73
400,586,21.19,35.48,1016.91,0.564
1123,936,25.23,41.78,1007.7,0.287
280,899,15.85,77.45,1011.64,1.319
302,854,29.43,59.15,1015.8,0.766
683,354,26.62,48.23,1016.78,0.696
551,538,19.05,55.42,1018.48,0.404
1468,555,27.53,42.03,999.99,0.116
29,224,22.71,44.54,1014.41,0.885
130,847,23.2,56.92,1006.31,0.685
241,788,23.86,48.6,994.39,0.016
1199,945,19.08,26.86,1007.13,0.537
808,904,18.28,26.61,1012.23,1.337
1204,963,19.05,54.09,1019.45,0.213
796,467,19.8,50.39,1014.17,2.849
884,752,23.22,50.82,1020.84,0.063
497,648,26.85,47.18,1013.96,0.052
996,229,17.17,73.81,1017.8,1.1
452,687,24.84,13.11,1014.69,0.922
478,961,28.51,36.93,1015.51,0.269
1054,665,21.07,48.49,1005.97,0.123
598,195,19.41,43.51,1009.14,0.631
127,259,23.07,42.42,1002.19,0.568
924,420,20.1,53.9,1018.13,0.84
348,818,20.51,51.54,1012.24,3.138
1106,217,20.72,67.94,1018.31,0.105
706,424,14.78,66.36,1006.22,0.345
979,812,21.91,47.8,1024.23,0.456
1079,748,18.83,57.36,1020.99,0.584
1227,292,16.45,50.79,1019.55,0.248
392,657,18.44,63.7,1007.1,0.059
1289,843,28.8,43.08,1013.34,0.162
117,716,25.82,46.66,1027.48,0.704
105,958,13.01,59.14,1005.55,0.002
1218,727,33.29,57.92,1010.47,0.533
795,424,15.67,46.67,1017.27,0.671
380,373,27.32,39.18,1019.67,0.167
503,990,18.18,56.7,1002.91,0.604
1394,868,21.04,74.15,1023.4,0.94
1044,521,19.42,61.36,1014.7,0.943
878,365,20.89,25.14,1013.54,0.26
352,599,17.03,49.84,1007.5,0.789
294,540,20.05,64.59,1012.78,0.311
1035,352,21.13,66.23,1015.57,1.872
852,237,22.45,63.32,1023.35,1.539
742,851,27.19,61.61,1013.46,1.22
966,682,19.71,51.8,1017.64,0.27
968,654,15.45,51.74,1012.74,0.022
92,642,22.45,59.91,1019.11,0.425
888,147,16.26,42.25,1011.07,1.355
1206,123,30.15,56.81,1017.1,0.538
337,931,18.1,37.31,1014.31,0.378
24,746,22.56,50.76,1018.69,0.009
745,702,31.12,42.73,1012.32,0.896
1087,476,21.18,53.08,1010.62,0.708
933,496,19.61,40.63,1017.51,0.162
1461,634,20.14,47.94,1022.61,0.174
91,895,21.12,55.06,1007.95,1.388
860,732,17.98,51.09,1018.93,0.086
615,588,16.65,52.56,1017.75,0.136
506,214,25.33,63.15,1011.4,0.332
1153,700,21.91,50.55,1021.05,1.651
1476,318,25.36,54.9,1011.92,0.502
1143,686,27.69,58.32,1006.16,0.721
849,858,19.4,54.07,1011.78,2.356
1095,479,20.89,41.71,1017.64,0.599
1417,594,26.96,65.06,1015.46,0.17
967,819,24.17,20.81,1015.06,0.784
1135,490,21.8,55.6,1013.58,0.917
985,251,21.23,42.66,1015.91,0.444
746,817,25.34,49.87,1016.32,1.13
607,315,20.04,36.31,1019.06,0.035
576,849,16.84,34.11,1002.96,0.357
619,412,25.22,34.76,1016.73,0.341
224,871,23.26,45.36,1009.32,1.347
1078,174,24.3,71.03,1003.12,0.334
214,320,20.28,58.63,1012.85,0.299
728,153,16.85,49.36,1012.8,2.208
1489,418,27.93,82.67,1025.11,0.194
1121,493,23.25,61.38,1007.78,0.362
1250,501,19.859,71.431,1005.099,0.0183
78,736,23.34,60.98,1000.86,0.423
946,738,20.4,45.54,1006.55,2.041
1,650,22.33,47.63,1014.57,0.246
389,620,26.11,43.74,1020.81,0.703
572,501,19.876,71.425,1005.128,0.0189
440,222,19.31,65.77,1023.77,2.374
1215,852,24.22,58.65,1015.77,2.095
983,157,20.9,39.87,1008.97,0.215
561,110,25.25,75.07,1013.38,0.882
787,521,24.85,45.21,1016.64,0.357
1286,193,15.86,63.32,1005.9,1.479
918,718,18.59,55.27,1018.18,0.841
682,247,24.49,41.75,1015.29,0.988
298,923,23.62,30.73,1014.94,0.002
546,113,26.71,62.93,1008.9,0.455
544,692,20.68,58.99,1016.09,0.52
278,535,14.76,51.57,1011.53,0.538
1427,926,20.99,50.85,1018.13,1.539
323,156,16.77,47.46,1006.05,0.241
491,996,27.85,42.39,1021.63,0.763
972,761,22.56,49.24,1008.43,0.152
1391,204,18.07,39.11,1011.42,1.772
1149,614,16.5,63.99,1008.14,0.651
1454,335,20.63,32.68,1010.67,3.261
883,946,18.66,41.58,1015.67,1.176
1372,707,19.66,46.53,1023.15,0.395
1125,670,23.05,55.7,1026.75,0.439
828,319,20.62,43.27,1012.47,1.262
1247,823,22.6,37.73,1011.08,1.892
1177,899,14.87,55.42,1006.82,0.069
1191,913,23.11,58.57,1013.78,2.649
1028,123,19.06,40.25,1013.98,3.487
1485,684,22.15,47.11,1015.9,0.178
803,167,15.29,59.35,1005.1,0.184
1219,821,25.15,54.59,1014.71,0.244
1228,984,22.31,62.72,1016.18,0.164
7,169,20.17,62.05,1005.65,0.156
310,598,23.95,27.97,999.6,1.109
1089,132,22.82,51.04,1018.81,1.25
1211,289,17.3,48.41,1020.81,2.806
282,260,23.06,78.53,1019.72,0.067
1329,233,17.82,46.04,1022.19,0.224
1130,498,17.79,50.87,1011.61,1.23
149,503,18.5,50.53,1016.21,0.305
398,951,22.94,47.38,996.53,0.092
785,122,20.75,53.7,1025.34,0.346
328,879,26.51,41.89,1019.84,0.209
487,631,24.02,47.88,1019.12,0.598
578,372,22.26,29.2,1012.98,0.425
650,866,24.13,44.62,1021.45,0.151
523,705,28.93,56.21,1006.76,0.21
1317,395,24.98,47.46,1007.52,1.015
725,660,22.8,68.27,1012.54,0.468
272,652,25.9,63.33,1001.57,0.748
1257,255,19.27,44.92,1020.06,0.869
764,274,14.14,43.9,1010.09,0.004
87,813,26.91,66.1,1012.54,0.247
165,911,19.97,44.89,1002.61,1.795
1293,143,21.02,40.41,1003.43,1.696
613,217,18.52,31.67,1016.7,0.888
556,413,22.68,41.85,1022.63,0.184
194,701,24.62,54.21,1016.62,0.884
327,852,27.88,38.21,1019.77,3.145
344,692,14.77,30.62,1004.22,2.677
109,432,25.64,38.88,1013.36,0.113
156,891,21.88,65.59,1012.08,1.831
531,984,24.53,43.2,1015.74,0.393
1195,639,31.1,70.11,1009.98,0.704
376,741,13.95,60.44,1018.52,0.05
1362,397,24.36,62.78,1016.01,0.405
737,495,21.11,45.88,1005.2,4.776
481,750,21.61,45.55,1017.5,0.772
889,996,23.06,41.91,1006.75,0.976
1492,834,19.12,31.64,1012.95,0.199
906,919,24.83,56.17,1009.97,0.015
1420,253,23.63,60.27,1010.81,1.387
1266,369,24.11,59.08,1009.04,1.05
472,360,21.45,55.13,1008.21,0.51
1262,946,28.35,53.71,1013.64,0.106
17,864,18.49,57.93,1015.16,0.004
732,960,18.23,71.11,1021.04,0.374
666,145,23.6,48.42,1018.34,4.376
76,892,18.14,61.61,1002.87,0.09
135,917,22.22,38.55,1004.76,1.384
2,303,20.14,41.86,1009.43,0.484
438,993,25.03,62.32,1009.0,1.528
1099,785,20.2,37.4,1006.0,0.23
320,592,30.4,45.33,1003.34,0.403
954,160,13.78,39.9,1016.49,1.165
1223,660,26.4,43.79,1019.04,0.691
1119,263,26.95,26.94,1006.89,0.102
804,374,23.49,48.35,1012.37,1.528
322,587,25.49,51.62,1011.33,0.66
568,739,22.38,44.13,1016.77,0.059
862,982,9.77,63.95,1010.15,3.072
252,644,28.37,70.32,1016.71,0.969
858,283,20.22,40.32,1018.08,0.313
1080,169,15.9,49.58,1001.24,1.248
1339,745,18.41,85.34,1011.96,0.812
63,729,28.08,69.53,1007.25,0.889
791,735,19.31,24.11,1014.67,0.18
90,291,23.71,63.96,1005.68,0.556
1009,660,16.87,49.46,1005.16,1.352
1161,671,19.37,43.17,1014.56,0.067
157,726,21.99,34.55,1011.29,0.978
442,373,21.92,39.43,1027.12,0.673
1253,995,22.66,54.59,1009.77,0.671
700,869,23.49,30.05,1021.5,0.579
415,689,30.85,54.44,1005.03,1.219
825,599,17.11,43.02,1010.5,0.329
553,698,19.39,70.95,1008.17,0.387
512,479,17.43,76.37,1003.1,0.685
522,225,20.79,32.55,1025.88,0.002
847,907,20.61,54.47,1014.76,0.626
691,629,26.17,31.81,1004.55,0.03
1279,218,25.76,57.45,1006.2,0.787
474,820,20.52,66.79,1013.87,0.028
991,912,28.52,51.76,1010.43,0.13
729,329,21.47,50.67,1006.85,2.295
1273,754,21.51,39.35,1010.03,0.004
181,152,18.39,48.36,1020.44,0.145
696,340,18.18,57.06,1009.99,2.551
957,763,20.84,42.99,1014.64,0.775
1355,359,19.89,74.15,1008.54,0.298
402,624,24.11,61.79,1015.31,0.21
1336,528,17.51,47.74,1003.13,1.231
346,987,25.0,47.89,1016.29,1.201
664,388,21.03,59.25,1002.01,1.21
251,711,24.17,73.43,1010.47,0.931
296,471,16.41,49.08,1016.32,0.099
1151,100,23.55,54.27,1010.63,0.394
944,978,26.49,36.39,1009.9,1.613
1224,511,16.96,44.6,1015.89,1.714
263,201,24.56,38.14,1023.08,1.291
121,483,20.48,41.54,1023.05,0.097
1101,203,19.19,49.28,1007.82,0.055
679,629,26.82,23.77,1009.96,0.314
220,682,20.89,34.3,1024.4,0.531
268,209,18.67,50.96,1005.49,2.258
369,598,31.68,46.9,1008.74,0.846
193,501,19.868,71.403,1005.1,0.0294
291,654,18.34,54.51,1015.83,0.081
695,131,26.09,42.42,1007.41,0.648
1367,753,19.51,56.64,1011.12,0.496
1062,942,20.93,51.77,1006.71,1.716
1369,820,26.09,44.84,1012.63,0.051
547,159,16.24,65.03,1016.59,0.456
75,292,24.01,49.55,1016.28,0.63
1210,736,20.01,47.81,1011.82,0.008
1389,795,27.07,53.99,1022.69,0.049
253,547,19.22,45.34,1008.72,0.08
433,967,25.49,48.89,1021.61,0.863
854,620,22.21,37.61,1013.95,0.69
597,434,17.1,54.04,1019.18,0.562
1401,491,27.87,56.15,1005.28,0.023
12,171,26.98,64.59,1017.95,0.849
735,900,13.08,58.03,1015.83,0.167
655,419,22.15,57.42,1005.84,0.287
1216,741,13.18,85.49,1013.51,0.673
970,199,18.73,41.9,1022.75,0.074
210,897,23.08,56.25,1015.36,0.049
753,210,20.37,55.72,1012.15,0.565
1486,944,24.49,47.38,1017.37,0.008
1267,917,25.61,68.37,1015.34,1.468
180,530,25.89,49.7,1013.07,0.104
1043,963,23.52,47.04,1008.93,0.676
514,123,30.38,40.81,1023.45,0.36
313,660,15.37,47.59,1025.24,0.692
441,148,21.62,47.13,1017.92,0.532
622,155,27.83,57.97,1010.85,0.703
161,864,24.95,37.83,1008.98,0.06
777,867,19.17,50.46,1014.17,0.686
377,559,22.66,51.66,1007.23,0.439
206,222,25.4,43.88,1018.14,0.898
289,269,20.97,57.81,1021.92,0.662
57,864,19.67,7.17,1021.1,0.173
685,952,16.32,53.74,1015.13,0.684
385,720,25.7,50.01,1017.35,0.065
501,432,26.41,52.41,1016.92,0.285
1008,912,20.05,64.57,1017.26,0.139
826,891,25.86,47.6,1005.83,0.863
232,973,21.36,47.43,1014.07,0.14
1254,561,22.04,42.3,1010.27,0.899
426,915,17.27,49.56,1009.02,0.149
1197,185,28.18,19.3,1023.9,0.262
311,257,26.05,32.5,1015.12,0.097
590,734,16.51,49.27,1013.4,0.198
238,867,22.04,60.29,1012.72,1.538
237,776,22.58,58.1,1011.26,2.041
427,901,26.37,62.23,1010.21,3.112
930,944,21.55,46.53,1009.35,0.812
1334,336,27.14,37.4,1020.63,4.366
582,282,27.07,46.84,1010.13,0.33
1117,126,28.67,51.59,1008.41,0.0
176,210,24.18,35.15,1012.43,0.386
1122,356,19.96,47.34,1018.63,0.528
1105,976,19.34,38.2,1004.1,0.544
1331,188,24.01,54.26,1003.02,0.019
457,346,28.07,44.7,1020.57,0.048
782,401,18.69,36.79,1013.12,1.245
1304,763,19.76,47.15,1011.49,0.415
789,755,24.31,31.77,1018.72,0.131
1443,407,17.61,75.51,1015.3,0.717
318,532,27.38,39.64,1019.77,2.04
1498,555,18.99,45.07,1021.87,1.571
945,887,25.56,41.84,1009.07,2.791
672,431,25.33,43.8,1031.49,0.862
998,624,22.9,68.11,1025.93,0.304
153,355,19.33,47.01,1005.28,1.293
559,583,12.47,45.05,1015.81,2.453
949,270,16.5,54.13,1016.44,0.549
1359,813,18.36,34.82,1020.53,0.515
886,279,21.63,45.04,1021.23,2.084
1180,843,25.24,59.58,1007.9,0.3
1264,450,16.77,42.54,1012.8,0.904
1357,208,23.02,58.23,1011.79,0.901
1056,101,23.79,33.7,1013.43,0.05
1433,501,19.855,71.414,1005.123,0.0
575,979,31.39,50.01,1001.78,0.539
1298,639,22.5,30.23,1004.6,0.482
265,446,28.15,65.1,1005.43,2.133
292,415,22.13,37.48,1022.56,1.653
1283,637,25.98,69.83,1010.88,0.801
600,530,26.63,31.57,1011.7,0.528
1469,464,27.63,45.45,1012.23,0.204
155,378,19.79,56.41,1023.33,0.209
929,867,21.12,60.86,1005.21,0.051
23,315,24.69,40.91,1007.69,0.669
827,601,22.06,60.94,1012.17,1.551
1406,656,16.26,53.89,1009.9,0.059
1440,193,15.14,48.51,1007.83,0.997
850,811,17.12,18.98,1022.23,0.224
1041,380,31.01,60.22,1015.07,0.386
1396,629,23.24,40.58,1006.32,2.487
1285,521,19.3,54.07,1010.95,0.319
259,107,27.76,65.47,1012.95,0.396
228,866,23.53,55.8,1020.62,0.056
317,816,18.06,54.0,1017.53,2.003
1212,834,18.37,55.52,1004.43,0.31
108,448,22.52,37.41,1013.95,1.27
1371,698,19.12,63.13,1004.87,0.782
1147,519,17.92,30.65,1023.06,0.141
428,659,19.68,35.0,1014.29,0.04
86,733,17.04,74.22,1014.79,0.485
1083,102,18.88,72.7,1017.75,0.757
1245,282,20.68,73.5,1012.99,1.385
1134,628,15.85,42.25,1002.98,0.662
593,803,16.14,50.02,1002.32,0.957
611,876,25.57,45.07,1012.9,0.113
1482,892,18.14,43.98,1013.63,3.083
525,735,24.53,27.65,1011.07,0.277
31,156,25.85,56.52,1016.8,0.093
11,972,24.7,39.5,1009.47,0.018
923,381,22.79,54.87,1012.44,3.495
439,200,17.92,42.86,1008.62,0.098
343,785,29.78,65.77,1006.2,1.4
711,598,24.22,44.29,1023.25,1.225
820,646,23.92,56.3,1008.71,1.341
459,242,23.23,60.69,1007.89,1.439
1225,855,18.46,66.29,1010.37,0.73
670,982,19.58,48.98,1005.45,0.145
1114,914,25.78,36.52,1009.63,0.579
126,335,19.53,51.26,1018.41,1.563
258,837,21.28,46.29,1012.96,0.727
1178,787,23.9,41.24,1013.4,0.165
874,654,23.74,53.94,1003.55,0.299
314,802,24.54,58.13,1014.9,0.076
1138,922,23.6,44.16,1004.77,0.442
1047,486,22.42,36.25,1009.33,0.076
5,254,14.97,57.84,1022.62,1.314
1318,388,25.6,53.74,1022.32,0.335
199,836,17.8,43.79,1015.5,0.739
629,281,23.61,48.67,1015.14,0.875
410,614,16.33,30.66,1018.04,0.068
1240,421,24.57,59.69,1009.6,0.974
717,725,21.76,54.29,1020.39,3.609
814,448,17.13,22.85,1004.56,0.02
175,956,24.28,52.86,1008.53,1.132
1260,678,22.97,73.49,1014.09,0.028
1068,566,26.52,37.72,1016.61,1.482
470,554,20.87,47.11,1018.05,1.074
203,757,27.32,63.5,1010.12,0.515
1171,576,24.78,60.47,1010.99,0.179
596,943,21.4,46.85,1022.84,0.193
632,969,17.01,71.2,1011.93,2.294
178,501,19.866,71.426,1005.114,0.0268
276,966,20.6,66.36,1011.14,1.051
871,314,24.38,57.75,1013.81,1.625
413,825,25.15,39.46,1017.63,1.169
14,438,23.05,59.34,1005.07,0.061
484,741,21.36,65.66,1005.3,0.063
1445,441,34.24,57.89,1018.29,0.166
1434,335,23.04,57.91,1020.53,0.584
476,262,22.16,45.31,1008.52,0.194
1475,476,19.12,70.91,1019.97,0.555
539,258,20.36,64.74,1018.13,1.502
616,883,24.64,41.27,1016.46,3.218
947,657,22.73,39.74,1012.87,0.568
118,296,16.21,65.57,1023.43,0.691
537,114,27.97,60.43,1022.28,0.137
1109,230,15.04,36.77,1011.41,0.965
1269,261,18.97,34.45,1021.94,0.092
642,342,18.14,43.42,1010.05,0.176
603,605,23.35,48.37,1005.95,1.518
1189,358,24.86,62.18,1013.0,0.509
1168,398,25.68,59.1,1015.86,0.683
864,166,24.35,55.58,1000.69,1.291
164,660,15.44,44.75,1017.73,0.027
112,961,12.03,55.71,1011.87,0.143
345,293,18.44,37.01,1001.76,0.323
1169,215,20.89,40.89,1005.66,0.737
1057,543,18.92,41.52,1000.3,0.437
483,778,27.98,62.72,1005.05,1.338
1310,947,22.59,63.89,1009.86,0.824
1261,699,20.53,62.93,1007.96,0.282
131,501,19.876,71.427,1005.1,0.0214
1271,727,17.92,54.34,1019.62,0.368
1278,120,14.55,43.02,1005.71,0.378
339,649,23.29,38.41,1015.35,1.004
1393,498,19.89,66.43,1014.38,0.017
1400,787,26.68,47.94,1009.09,0.107
73,501,19.894,71.415,1005.114,0.0331
515,145,28.91,36.53,1021.92,0.009
932,328,27.07,49.11,1011.14,0.59
516,458,19.63,60.59,1008.61,0.1
1201,614,22.27,33.16,1021.21,0.279
379,814,23.98,38.96,1012.31,1.023
13,581,25.57,41.72,1020.41,0.234
448,650,27.43,57.41,1017.76,0.459
1268,324,17.02,69.45,1003.06,0.711
209,614,20.95,52.29,1016.08,1.087
304,132,34.05,36.71,1011.66,0.377
577,425,26.06,53.56,1007.71,0.203
621,726,23.44,54.46,1009.89,1.197
1096,597,15.54,40.32,1006.97,2.085
566,878,23.22,29.09,1011.6,0.318
1358,719,21.58,52.41,1015.55,0.022
694,829,21.68,51.46,1029.19,0.471
1091,734,21.3,49.25,1019.69,0.4
902,217,17.79,50.34,1012.75,0.43
645,527,17.79,55.55,1013.77,0.385
341,375,13.15,40.95,1008.74,2.865
1472,416,22.71,23.71,1017.17,1.194
347,129,18.91,60.15,1006.57,0.003
1415,305,22.68,40.57,1012.05,2.299
1302,390,19.14,28.92,1007.88,0.287
305,114,21.82,47.51,1021.23,0.222
37,706,15.71,36.63,1013.24,3.118
812,617,24.37,64.21,1016.76,0.78
43,973,19.01,45.08,1016.83,1.226
1306,442,20.9,60.38,1021.51,0.713
395,508,14.35,57.07,1016.35,2.715
879,410,23.49,61.64,1023.33,0.099
1470,301,20.11,44.89,1009.99,1.755
1202,708,24.04,55.18,1012.48,0.469
734,665,24.53,77.05,1013.54,0.533
460,960,29.2,31.69,1001.83,0.255
708,420,23.41,35.46,1020.81,1.115
424,973,23.98,53.39,1013.46,1.371
1473,634,23.75,69.39,1009.53,0.223
908,860,20.3,34.65,1008.21,0.211
880,466,20.19,51.7,1008.85,1.181
295,515,21.87,56.25,1012.31,0.262
586,367,19.27,67.25,1006.28,0.032
27,903,18.56,24.55,1024.36,0.914
681,495,19.67,50.63,1011.46,0.373
1037,814,20.93,33.79,996.55,1.102
1032,175,24.65,65.36,1015.34,0.202
136,186,25.85,34.26,1021.94,1.808
511,147,21.12,63.69,1012.52,0.851
211,501,19.864,71.421,1005.112,0.0176
1314,667,19.95,54.2,1006.74,0.789
354,476,22.0,24.69,1008.82,0.156
927,974,22.05,65.96,1008.98,2.76
1238,481,21.94,34.19,1016.18,0.223
853,228,17.87,68.78,1008.28,0.078
56,608,23.38,27.48,1004.06,0.299
464,152,22.92,45.13,1005.59,0.247
1447,479,22.68,27.87,1016.73,0.064
1431,592,30.15,59.23,1004.66,0.087
857,299,33.63,45.83,1019.57,0.291
217,357,26.94,37.55,1016.73,0.071
1069,846,29.7,55.02,1012.49,0.005
41,627,20.38,59.09,1015.55,0.836
885,482,21.35,50.63,1010.11,1.419
397,379,23.31,39.61,1018.44,0.046
1442,803,14.88,50.53,1016.77,0.294
1045,374,19.95,40.79,1012.03,0.224
1230,287,23.06,46.3,1015.44,0.995
1373,230,22.71,58.28,1029.54,1.246
1353,129,21.81,53.15,1009.85,0.421
1385,433,12.9,57.47,1015.08,0.343
179,874,17.58,60.64,1016.44,0.974
177,585,24.79,73.61,1016.74,0.145
741,670,20.11,56.47,1002.24,0.025
508,711,24.33,59.78,1003.87,0.902
571,608,23.62,58.31,1013.99,0.111
921,237,21.94,52.7,1013.78,0.526
1311,431,25.11,49.13,1004.85,1.219
301,709,12.9,41.27,1004.45,0.726
1412,693,18.73,52.57,1016.01,0.316
953,321,27.11,57.29,1008.0,0.748
640,593,18.13,43.05,1012.44,0.503
564,228,26.26,62.11,1005.45,0.135
1242,900,24.27,45.89,1015.07,0.524
79,521,20.21,61.37,1020.13,3.983
519,248,17.15,36.44,1011.05,0.242
1060,615,21.18,69.13,1008.16,0.49
727,585,22.67,55.11,1006.55,0.181
229,862,18.54,53.45,1016.44,0.071
819,743,21.47,51.29,1018.4,0.738
1259,786,14.66,47.77,1009.9,0.716
51,987,22.05,56.24,1024.86,1.486
30,421,21.67,70.35,1018.09,0.554
634,969,30.15,52.13,1015.94,0.916
657,501,19.876,71.429,1005.115,0.0229
562,776,20.89,22.39,1019.73,1.132
1324,332,23.04,19.82,1013.52,2.733
987,768,23.27,52.15,1020.13,0.409
1002,900,16.14,59.62,1014.5,0.504
1124,964,24.91,40.97,1024.38,0.348
204,801,26.56,36.74,1017.64,0.639
445,756,21.39,35.97,1008.37,0.405
372,932,13.89,71.61,1020.08,0.372
33,960,21.81,8.15,1017.51,1.51
1194,493,26.53,54.66,1024.49,0.284
1052,847,21.2,66.95,1014.04,0.514
894,127,22.54,30.91,1016.12,1.352
669,103,16.52,44.39,1017.49,0.793
1500,287,25.51,52.35,1012.09,1.244
1217,342,28.15,51.21,998.37,0.763
1165,501,19.858,71.439,1005.12,0.0118
335,792,24.35,48.64,1010.79,0.577
383,715,22.3,61.62,1016.88,1.005
1085,173,28.04,50.7,1018.06,0.057
1132,439,23.82,82.0,1007.0,0.28
373,691,15.8,56.0,1011.33,1.671
152,915,21.49,58.91,1007.64,0.298
960,866,24.36,45.29,1004.66,0.418
779,961,23.23,46.04,1017.61,0.124
986,739,23.18,50.96,1017.27,0.927
4,887,24.74,43.74,1029.5,1.282
1330,349,22.96,39.27,1002.22,0.214
703,504,11.29,66.07,1015.51,1.242
643,900,22.98,49.58,1020.8,2.436
430,714,23.52,48.77,1016.32,0.397
1174,811,23.74,48.66,1014.87,0.227
1333,924,20.27,61.08,1023.44,2.071
1282,407,25.3,48.91,1023.28,0.552
446,849,27.55,59.29,1021.64,2.213
855,298,18.3,54.69,1003.3,2.105
1435,151,23.62,62.57,1010.29,0.74
42,831,27.89,62.35,1019.86,1.561
834,600,23.97,34.37,1013.8,4.068
223,372,32.67,32.51,1021.55,0.52
841,592,16.97,47.46,1010.62,1.296
1380,668,22.08,36.37,1003.04,0.107
53,105,23.91,35.46,997.4,1.235
502,171,27.97,54.7,1023.42,0.125
114,625,20.27,58.05,1013.98,3.457
49,668,25.38,58.18,1009.56,0.449
290,402,20.09,46.13,1002.96,0.392
77,785,16.98,64.55,1018.14,0.025
207,854,28.16,21.54,1008.66,0.471
378,168,27.33,29.01,1020.67,0.535
124,110,23.33,36.35,1009.87,0.169
974,415,18.37,56.46,1013.85,1.157
1188,185,23.09,57.24,1002.3,0.235
1450,926,25.72,44.73,1018.12,0.543
387,349,16.09,47.84,1004.9,0.272
226,276,18.46,60.94,1018.73,1.936
1141,797,16.87,52.48,1010.57,0.486
633,533,26.19,56.42,1011.95,0.315
776,152,24.29,54.52,1022.32,0.052
890,984,21.3,38.77,1013.95,0.535
326,373,24.38,47.61,1023.61,1.17
900,336,23.5,33.9,1003.14,3.682
833,277,24.62,37.92,1014.98,0.912
222,183,15.81,32.91,1009.11,1.109
1097,972,18.35,58.93,1009.29,0.356
684,438,27.53,39.36,1016.88,0.093
1356,264,26.62,34.36,1015.31,0.078
1343,662,16.87,68.01,1015.43,1.151
618,909,30.93,27.97,1019.11,0.217
1126,211,18.1,50.38,1002.88,1.091
959,288,29.54,52.8,1009.41,0.25
1478,473,23.45,31.38,1010.95,0.48
686,490,17.88,24.59,1006.45,1.203
870,106,20.13,44.15,1014.08,1.631
1411,124,25.72,83.67,1007.4,0.487
162,133,13.4,36.17,1015.6,0.403
693,572,20.25,53.92,1021.47,0.301
674,124,23.32,63.78,1003.45,0.452
750,913,25.1,67.5,1017.79,0.966
1003,646,22.77,71.89,1014.17,0.041
1328,932,25.0,56.26,1016.09,0.711
409,664,23.09,67.12,1012.73,0.211
630,952,27.63,44.94,1010.3,0.24
647,586,20.19,62.84,1010.39,1.086
140,611,25.99,57.06,1006.25,1.175
1291,335,25.95,41.57,1007.9,0.356
914,331,23.15,66.63,1008.96,0.527
166,272,27.06,46.22,1006.13,1.18
1082,637,25.67,49.7,1014.67,0.822
813,798,30.83,40.46,1025.64,0.394
215,271,23.81,55.15,1016.7,0.391
132,752,17.55,37.69,1002.15,0.044
315,203,19.25,72.75,1005.28,2.77
139,629,27.82,29.22,1012.55,0.266
1179,182,24.24,49.01,1018.42,1.8
417,264,22.46,52.86,1012.08,0.478
1030,989,24.94,58.54,1019.25,0.685
39,492,25.07,64.19,1008.31,0.125
54,943,24.75,50.64,1018.51,0.06
707,914,15.75,61.0,1014.2,1.601
137,269,28.93,33.36,1016.32,1.074
1361,226,16.66,45.59,1012.25,0.233
794,817,27.55,31.1,1012.69,0.341
36,171,24.76,64.01,1012.16,0.627
26,484,15.93,43.27,1013.84,0.968
658,209,19.37,39.04,1021.46,0.605
450,796,22.09,60.97,1014.88,2.752
579,887,25.96,63.42,1014.15,1.996
303,235,21.07,67.52,1014.81,0.346
1399,425,21.23,37.93,1009.98,0.953
1452,774,23.05,69.79,1014.4,0.123
1146,643,31.34,30.86,1019.89,0.73
1053,542,17.55,63.62,1012.32,0.642
1172,218,29.77,48.5,1013.25,0.027
778,771,21.35,40.26,1011.03,2.313
1198,374,18.55,63.5,1012.46,0.222
245,512,18.66,53.11,1003.04,0.467
104,821,23.76,46.97,1015.07,0.035
277,689,24.5,65.07,1009.65,0.72
394,790,23.98,49.08,1009.35,0.056
111,782,20.86,43.67,1019.93,0.384
589,127,17.48,33.12,1020.59,0.911
160,418,19.7,46.52,1014.42,1.313
971,584,17.69,56.77,1013.87,0.708
748,892,25.54,44.9,1006.07,0.57
1159,151,26.93,56.04,1013.0,0.076
1093,335,25.41,35.4,1004.32,0.009
661,572,16.18,46.24,1008.58,0.02
1142,718,16.0,40.37,1021.81,0.396
340,396,23.43,48.17,1016.52,0.904
330,864,17.26,56.55,1016.04,1.293
134,108,22.19,50.27,1010.16,2.61
638,530,25.97,50.31,1005.7,0.252
168,167,24.48,39.79,1005.5,0.039
1374,959,24.38,48.03,1017.37,1.219
928,926,22.65,49.35,1013.87,0.949
861,242,20.74,49.0,1010.84,1.243
1021,181,21.31,38.02,1013.02,0.627
1459,938,25.66,42.39,1014.73,1.339
25,718,23.85,27.65,1014.58,0.44
807,906,15.82,52.75,1018.11,0.0
1390,172,21.22,31.66,1012.87,0.279
444,431,23.54,43.23,1011.87,0.802
151,682,22.72,51.76,1004.91,2.071
1287,588,23.93,50.62,1007.84,0.183
95,365,24.21,37.38,1009.73,1.474
1332,407,27.28,49.22,1005.26,0.167
218,611,23.1,59.27,1003.92,2.264
382,413,24.02,56.67,1009.07,0.613
1048,327,16.88,46.58,1014.91,0.356
781,372,22.98,30.78,1013.34,0.162
901,159,19.75,59.92,1005.16,0.193
1413,437,23.3,58.32,1004.97,0.796
865,405,18.28,47.93,1016.18,1.5
293,276,9.83,45.58,1007.63,0.391
713,797,19.54,39.79,1014.02,1.22
101,137,21.91,56.91,1012.31,0.824
1050,916,19.13,52.03,1007.26,0.108
784,918,15.74,47.16,1009.59,0.96
1185,551,21.97,52.72,1016.29,0.105
490,146,19.83,49.12,1015.81,0.423
701,300,14.13,54.94,1006.83,0.723
1136,443,26.83,53.85,1023.2,0.411
751,113,27.31,26.14,1014.94,0.417
963,934,17.43,39.31,1023.25,0.275
1013,976,24.51,53.27,1012.58,0.341
243,936,26.42,56.69,1021.24,0.254
169,820,24.0,49.1,1007.69,0.187
74,354,24.17,49.29,1016.12,0.543
560,916,17.84,26.81,1018.95,1.121
1297,418,19.17,51.97,1016.6,0.459
1471,501,19.864,71.415,1005.119,0.0195
1249,243,21.83,70.8,1009.85,0.496
119,770,16.87,44.06,1012.59,1.601
521,453,18.85,47.45,1008.6,1.119
714,954,24.57,47.91,1009.14,0.588
993,671,19.47,55.59,1007.92,0.103
6,896,28.74,32.67,1011.12,0.146
255,684,18.91,30.59,1013.24,0.566
1094,410,26.75,50.42,1013.96,1.381
1039,306,28.28,64.68,1016.31,0.006
384,501,19.893,71.416,1005.116,0.0252
1103,758,20.87,47.5,1016.96,0.147
517,585,26.92,53.84,1015.97,0.021
55,283,20.83,63.34,1012.7,0.561
468,577,22.71,51.89,1010.11,4.133
267,581,18.45,59.03,1016.0,0.658
1034,922,27.65,33.79,1016.58,0.031
584,530,19.61,51.42,1009.4,0.006
767,195,21.04,69.09,1011.65,1.764
538,363,20.25,61.32,1007.21,0.411
1418,131,23.75,51.97,1006.18,0.588
60,214,17.3,49.79,1018.83,0.334
1157,711,22.39,31.48,1010.73,1.335
167,429,25.12,47.72,1002.78,1.053
1375,183,23.58,58.96,1010.19,0.777
816,351,19.09,39.89,1024.22,1.169
332,144,17.78,70.61,1021.77,0.026
248,984,21.86,46.43,1023.02,0.16
374,727,17.11,35.73,1005.01,0.601
1183,253,20.0,46.65,1005.97,0.622
500,164,21.84,55.81,1019.77,0.948
1186,501,19.873,71.41,1005.114,0.0321
1347,682,26.95,43.47,1017.1,0.506
637,528,20.82,87.91,1019.68,0.303
617,974,20.15,56.64,999.91,0.063
1154,915,20.86,55.92,1007.27,0.412
567,144,24.64,64.8,1018.3,0.173
235,501,19.859,71.407,1005.102,0.0228
627,782,19.0,57.15,1013.95,0.38
431,464,29.1,40.08,1008.22,0.554
1011,769,13.3,50.31,1017.61,0.08
1342,210,26.35,17.99,1003.96,0.546
192,352,25.59,40.19,1020.15,1.416
1167,873,26.43,46.21,1010.23,0.096
436,861,28.84,32.1,1009.81,0.311
837,578,17.1,61.62,1011.48,0.564
1234,877,21.47,37.57,1009.62,0.082
1017,586,21.65,47.39,1007.33,0.179
185,974,17.67,50.92,1008.87,0.509
688,574,18.48,41.4,1011.5,1.25
639,774,21.94,68.9,1016.04,1.074
570,595,24.79,37.47,1022.65,0.326
934,746,22.67,40.28,1018.44,0.163
1170,384,14.94,40.82,1005.94,0.501
534,462,23.24,61.28,1010.49,0.776
1496,248,16.69,68.49,1024.92,0.54
1213,220,18.5,35.51,1015.34,0.075
743,283,30.23,34.07,1012.77,1.135
197,977,20.79,57.51,1018.44,0.946
1491,151,22.19,61.31,1011.85,0.198
496,399,15.31,46.85,1014.29,1.447
592,807,23.03,46.38,1022.45,0.11
937,234,23.44,43.64,1013.61,0.829
1042,464,19.18,44.87,1008.36,0.587
980,788,22.56,62.39,1014.72,0.109
381,955,20.88,33.67,1007.79,0.172
28,960,27.38,36.6,1010.37,0.063
396,436,20.35,28.61,1022.36,0.552
321,291,20.6,53.99,1011.98,3.324
148,853,22.35,47.18,1022.77,0.353
798,544,15.2,67.72,1017.56,0.943
624,917,20.17,52.9,1016.83,0.976
239,840,16.26,35.51,1009.79,1.61
1010,959,27.34,59.99,1006.42,0.127
911,244,26.28,59.75,1012.7,0.453
896,689,24.13,53.41,1014.09,0.902
1313,552,18.64,53.07,1023.41,0.256
107,390,23.31,52.07,999.11,1.354
351,275,19.71,45.13,1001.55,0.133
651,802,25.24,62.01,1016.89,0.603
390,810,24.06,49.96,1008.18,0.194
1005,216,20.21,58.17,1012.78,0.039
1118,158,26.58,52.78,1015.91,0.939
555,444,20.74,42.42,1023.46,0.39
1416,922,17.57,54.06,1011.04,0.302
171,845,17.44,45.39,1010.29,0.638
1346,935,18.92,50.42,1012.74,1.154
307,204,20.2,58.51,1016.14,1.431
416,710,25.11,45.96,1018.97,0.225
1462,927,27.38,61.17,1014.12,0.997
1274,793,23.5,36.36,1015.2,1.17
429,480,19.96,56.91,1017.98,1.476
187,955,18.71,50.88,1007.54,0.686
1006,890,20.95,35.76,1019.97,0.107
909,548,25.79,55.38,1015.63,1.761
270,661,20.8,60.43,1012.28,0.134
868,956,23.93,57.3,1018.15,0.001
631,300,13.9,59.45,1000.11,0.903
951,468,27.97,46.79,1020.49,0.772
163,671,21.33,57.48,1016.66,2.19
414,450,21.3,75.49,1021.36,0.515
1322,760,29.02,39.43,1016.06,0.885
96,434,18.53,67.68,1022.58,0.482
99,884,18.81,33.23,1008.05,1.512
1031,715,16.79,37.95,1014.66,2.563
877,293,16.63,45.14,1015.68,0.392
818,692,20.76,48.3,1015.41,1.257
823,323,16.66,65.91,1011.67,0.632
208,577,19.22,51.36,1010.3,1.441
975,476,21.08,52.93,1015.56,0.013
687,322,26.05,52.21,1005.21,0.942
873,643,16.21,71.59,1019.34,2.435
246,897,17.01,48.71,1008.88,4.443
230,441,30.07,56.64,1023.05,1.6
907,262,19.09,41.37,1013.44,0.623
9,918,17.81,51.94,1013.36,0.846
897,378,20.34,58.32,1008.74,0.585
1395,421,17.13,32.14,1015.16,1.091
1379,350,25.1,53.33,1016.41,0.947
1424,853,26.88,45.92,1023.21,1.299
866,568,24.49,31.41,1014.67,2.389
1280,735,21.94,50.13,1007.34,1.788
792,957,24.62,57.08,1014.34,0.66
1023,701,22.05,41.17,1016.38,0.42
190,576,26.44,68.01,1021.25,1.786
261,879,20.74,57.17,1012.24,0.525
145,343,26.56,35.83,1011.64,0.372
829,767,30.78,32.07,1023.56,1.635
699,693,24.57,68.96,1010.44,3.899
920,235,25.34,53.68,1014.59,0.697
1387,647,17.35,60.55,1006.72,0.788
938,445,15.13,52.06,1007.16,1.311
1036,531,16.68,65.23,1011.39,2.859
1354,763,22.49,53.48,1011.49,0.851
891,510,28.19,52.67,1021.0,0.618
595,364,27.21,44.18,1010.12,0.302
532,594,17.3,73.42,1014.31,0.705
895,141,23.71,43.97,1014.56,2.218
1460,286,17.9,41.83,1001.82,0.048
1152,654,23.74,50.21,1023.4,0.328
58,943,19.92,60.21,1025.91,1.756
1058,944,21.51,54.84,1014.86,0.197
283,974,25.88,58.9,1008.77,0.955
935,629,17.78,55.39,1021.02,0.834
363,666,17.04,53.36,1007.99,3.484
244,844,22.4,55.44,1011.66,0.066
93,202,22.25,28.95,1021.3,0.412
1235,427,28.39,66.94,1014.87,0.051
338,893,18.13,48.15,1012.52,0.99
1014,116,17.83,43.17,1013.09,0.168
948,291,18.35,44.86,1006.84,1.04
1110,927,17.47,53.45,1010.29,0.745
191,627,24.92,41.0,1016.7,1.74
40,957,25.26,31.44,1010.78,2.432
976,860,19.85,61.63,1013.33,0.313
635,119,23.33,64.93,1005.71,0.301
765,295,22.05,64.18,1008.74,0.669
724,501,19.866,71.415,1005.106,0.004
1129,471,22.6,43.11,1007.03,0.749
64,460,23.08,56.83,1019.8,0.044
234,160,26.75,46.88,1008.32,0.204
677,289,27.8,47.19,1019.57,0.804
106,866,15.29,75.84,1012.92,1.393
754,572,26.82,49.2,1018.23,3.753
903,192,22.39,53.39,1007.9,2.736
254,315,23.86,39.53,1017.03,0.335
423,250,20.81,52.32,1005.83,0.069
775,673,29.51,63.14,1014.53,0.119
1233,897,27.23,44.01,1013.38,1.41
859,169,28.75,38.11,1015.67,0.21
925,684,28.27,44.81,1015.91,1.684
80,501,19.871,71.432,1005.115,0.0
990,461,27.64,57.82,1008.43,0.616
1107,725,26.86,57.22,1019.04,0.742
498,573,24.38,51.29,1020.93,0.981
1439,623,18.11,43.08,1004.63,0.033
88,415,28.08,48.98,1022.15,2.428
65,275,22.37,39.85,1015.41,0.552
1295,926,16.71,51.94,1008.5,1.918
606,523,16.05,52.65,1010.96,0.193
275,372,19.27,42.17,1018.2,0.369
1488,126,24.69,50.84,1008.51,0.361
1340,229,24.58,49.01,1012.31,1.057
1421,769,23.99,39.93,1023.12,0.744
154,574,28.6,38.28,1007.23,0.386
614,875,23.35,75.73,1011.26,0.043
411,838,17.32,39.25,1020.64,0.3
831,943,19.66,45.55,1009.83,1.041
913,630,24.57,33.21,1018.41,0.639
518,512,14.54,54.78,1022.79,0.949
45,603,23.17,58.37,1012.74,4.327
391,446,26.06,74.57,1006.87,1.412
221,613,17.9,44.33,1013.35,0.544
141,903,20.82,42.86,1007.36,0.776
358,448,22.8,49.82,1010.95,0.644
723,400,19.93,39.41,1003.43,1.029
1158,490,21.45,48.99,1008.79,0.578
262,550,26.95,51.08,1016.21,1.502
1303,597,19.91,61.84,1009.87,0.631
899,397,17.96,47.4,1009.03,0.073
1104,808,26.29,47.73,1010.91,2.999
196,380,19.13,29.62,1010.84,0.514
116,132,19.78,47.16,1014.11,1.603
1076,568,24.56,63.22,1014.46,0.378
1074,665,22.82,63.47,1018.32,0.116
719,921,25.61,36.41,1021.69,1.503
1449,546,20.2,63.47,1007.49,0.408
1209,501,19.857,71.412,1005.114,0.0154
1456,359,16.44,62.11,1013.45,0.561
359,600,30.09,31.73,1016.5,1.483
1061,224,16.93,49.76,1010.13,1.297
1020,746,14.64,51.69,1002.34,0.444
1001,770,26.08,45.37,998.73,0.217
936,470,30.15,73.98,1006.78,0.38
755,411,19.07,46.42,1021.97,0.543
421,667,23.99,58.88,1012.51,0.425
150,192,19.19,48.52,1010.06,0.194
10,918,25.73,58.87,1008.01,0.893
1070,552,28.77,49.42,1013.54,1.396
1120,772,23.02,42.52,1004.02,0.007
1428,788,24.34,72.56,1009.31,1.124
535,727,24.82,37.38,1015.81,0.195
549,196,19.18,64.18,1016.31,0.1
299,954,24.42,45.34,1011.78,0.35
977,366,15.66,50.76,1017.74,0.585
1315,848,21.79,46.95,1019.68,0.714
1338,227,19.77,42.84,1014.18,0.029
123,973,24.76,65.42,1009.98,2.706
1466,485,23.24,42.2,1009.55,1.483
1160,564,26.21,57.23,1011.59,0.292
1383,595,24.49,54.15,1008.14,0.089
710,349,20.43,46.29,1003.23,0.489
1363,239,25.13,42.47,1009.02,0.781
770,892,25.02,50.59,999.77,1.248
89,447,17.58,57.79,1013.87,0.756
1430,851,21.59,71.06,1001.05,0.757
1033,589,29.6,57.12,1021.61,0.182
98,900,21.93,52.15,1015.02,0.081
1474,164,17.6,52.03,1016.16,0.407
349,206,21.16,53.03,1003.27,0.072
510,930,21.75,57.28,1012.48,0.127
212,358,17.66,76.05,1019.56,0.057
704,814,19.6,44.62,1008.59,0.164
747,802,21.93,68.36,1010.88,1.3
1046,531,23.03,24.18,1016.81,0.592
940,308,18.71,38.29,1013.98,0.787
1438,610,20.83,43.21,1017.38,1.077
1490,842,25.31,55.83,1015.19,0.147
1381,608,21.87,53.15,1012.94,0.911
479,501,19.874,71.388,1005.115,0.0232
492,520,20.61,42.8,1020.01,0.096
842,245,22.13,17.73,1016.11,0.894
1071,397,22.14,46.08,1020.07,1.949
365,578,19.64,57.17,1003.6,1.091
297,190,17.71,47.19,1009.56,1.365
50,490,20.7,50.48,1018.81,0.183
225,808,26.12,50.25,1010.8,0.354
1244,186,19.67,29.03,1012.98,0.774
1455,524,26.05,70.49,1019.2,0.13
851,979,21.55,34.67,1007.74,1.027
648,238,25.46,72.23,1018.18,1.457
1226,364,23.87,27.77,1011.65,0.39
563,412,24.35,64.34,1015.28,1.51
623,202,19.85,51.07,1009.44,1.8
1495,271,21.25,85.78,1015.31,0.088
1088,501,19.896,71.428,1005.106,0.0162
805,994,18.68,52.06,1012.34,1.125
605,454,15.61,54.67,1015.01,0.55
1270,572,25.85,50.17,1015.58,0.055
443,356,21.75,34.95,1017.32,0.2
1408,451,19.48,59.49,1014.56,0.06
1025,295,14.37,52.41,1008.07,0.197
540,889,14.88,67.24,1009.69,2.543
768,447,26.71,56.61,1004.44,1.167
763,958,26.69,62.1,1020.86,0.447
869,450,22.64,50.49,1009.95,0.394
690,475,19.52,48.41,1017.65,0.263
188,636,18.44,34.27,1006.61,0.242
407,515,21.25,42.43,1011.28,1.218
1012,475,27.46,44.76,1009.16,0.35
1173,602,25.77,62.45,1021.98,0.077
752,432,19.7,42.72,1008.28,0.038
1051,131,20.85,44.64,1013.28,0.085
462,181,21.32,51.11,1013.65,0.975
671,486,19.37,55.47,1015.56,0.6
656,538,21.07,70.13,1014.22,0.126
786,913,22.55,60.71,1013.66,0.17
1084,677,17.58,67.16,1014.67,1.7
715,329,30.38,48.72,1010.28,0.302
1351,212,22.09,51.45,1023.76,0.412
425,671,18.43,63.69,1016.78,0.78
44,616,26.84,43.08,1009.87,1.18
662,802,23.43,42.13,1005.86,1.221
636,623,22.26,52.42,1004.75,1.964
529,722,21.14,59.67,1008.62,0.335
988,476,20.03,59.75,1006.98,2.52
219,898,22.53,52.18,1016.95,0.853
821,196,16.77,50.53,1013.31,0.395
1497,666,21.29,70.39,1010.51,1.002
1446,565,16.43,46.19,1013.07,2.384
856,793,26.81,56.35,1014.65,0.907
610,462,23.76,58.01,1018.5,0.036
486,908,19.14,60.17,1012.71,1.43
1150,941,29.37,66.54,1011.49,1.289
1018,384,25.37,49.88,1003.81,0.229
1086,540,19.85,58.28,1018.84,0.915
82,296,21.71,27.84,1016.56,0.113
325,968,19.04,59.0,1012.37,0.475
1410,957,23.13,71.42,1011.33,0.649
1081,749,21.21,45.81,1012.8,0.122
20,823,20.19,47.32,1015.67,0.814
455,459,22.92,46.03,1016.51,2.312
1111,995,23.56,22.82,1009.9,0.358
839,804,21.64,63.19,1016.16,0.658
759,211,23.38,49.18,1019.83,1.309
1341,446,21.94,49.47,1012.74,0.258
35,618,29.84,49.35,1016.72,0.522
809,263,14.56,57.6,1025.11,0.051
1163,340,24.97,57.26,1019.8,2.193
905,470,21.13,24.08,1011.55,0.795
801,736,23.23,47.05,1023.3,1.024
97,718,22.32,48.71,1011.99,3.094
1108,779,17.0,33.29,1011.12,1.401
447,315,15.48,61.58,1011.28,0.221
475,744,17.65,62.77,1018.86,0.593
367,815,21.64,46.9,1014.28,0.838
1451,635,21.41,45.99,1014.59,1.503
761,984,25.43,59.77,1016.13,0.709
919,879,19.38,23.94,1006.59,0.015
1426,248,23.16,42.29,1018.42,3.815
760,698,25.01,50.09,1018.31,0.149
393,855,22.36,68.16,1016.83,0.706
1296,397,23.23,49.9,1007.15,1.7
507,351,26.38,32.29,1013.44,0.255
435,781,27.33,31.55,1005.35,0.392
649,676,26.82,54.06,1009.66,1.851
943,658,19.98,48.81,1014.53,2.034
1232,441,18.61,53.68,1007.99,0.025
1344,800,31.47,43.32,1023.56,0.438
1484,939,28.79,39.92,1017.64,1.188
133,460,25.87,63.02,1007.21,0.573
1075,886,23.36,32.59,1019.87,1.313
973,847,24.59,42.02,1020.22,1.232
1263,212,24.36,55.72,1020.32,0.58
451,134,20.98,40.24,1011.07,1.916
32,934,25.0,58.71,1008.8,1.574
122,634,27.35,54.43,1009.25,0.461
1236,759,24.96,60.78,1011.39,2.106
1376,537,26.56,48.12,1009.38,0.25
1327,920,22.09,47.24,1001.92,0.016
1113,376,21.41,40.21,1019.35,1.345
1350,319,15.02,43.11,1015.19,0.078
1348,616,22.88,68.72,1013.88,0.756
256,501,19.871,71.416,1005.107,0.0205
893,822,18.87,38.84,1019.4,0.573
360,340,18.51,61.02,1013.67,0.091
52,215,20.34,43.75,1007.9,1.112
876,404,27.08,40.29,1013.27,0.928
939,661,14.71,56.51,1013.22,0.49
773,640,17.78,45.53,1011.18,1.458
1127,433,23.67,67.22,1013.7,2.187
1220,334,30.49,47.42,1019.08,1.272
680,827,28.05,51.87,1009.8,0.575
806,639,17.25,52.91,1005.4,0.543
125,378,15.14,48.49,1007.13,0.281
405,288,21.64,46.98,1011.5,1.9
731,695,21.98,37.05,1014.33,0.978
1312,973,19.91,53.31,1023.73,0.967
832,395,22.81,49.53,1005.73,0.038
1072,521,24.67,31.15,1000.69,0.161
726,753,24.26,34.23,1015.32,0.059
588,690,15.88,60.67,1015.37,2.509
608,412,15.66,45.56,1012.84,0.36
434,879,14.76,36.33,1020.16,0.224
675,501,22.46,39.5,1025.98,0.088
1288,848,15.97,51.67,1017.53,1.483
361,222,9.36,29.25,1014.27,1.033
1100,966,21.74,29.86,1014.46,0.931
467,372,23.64,44.75,1005.34,0.492
300,823,23.24,60.84,1007.15,0.429
494,492,16.36,42.65,1004.8,0.835
528,747,25.68,65.73,1018.67,1.177
1193,501,19.884,71.419,1005.106,0.0069
