burn_id,date,burn_type,thruster_bank,reported_by,burn_seconds,propellant_g,tank_pressure_bar,impulse_ns
1,2031-02-01,AMD,A,ground_model,6.28,65.0,23.96,31.8
2,2031-02-01,TCM,A,onboard_log,70.83,690.1,24.1,1537.75
3,2031-02-01,AMD,A,ground_model,5.37,52.5,23.73,25.86
4,2031-02-01,AMD,B,onboard_log,3.85,39.5,23.89,84.16
5,2031-02-01,trim,B,ground_model,0.91,9.2,23.83,4.45
6,2031-02-01,trim,A,ground_model,1.47,14.8,24.08,7.24
7,2031-02-01,trim,A,onboard_log,1.44,14.7,23.81,32.64
8,2031-02-02,AMD,A,ground_model,8.29,86.7,24.12,42.52
9,2031-02-02,trim,B,ground_model,1.11,10.8,23.84,5.26
10,2031-02-02,AMD,A,onboard_log,4.9,48.7,23.85,105.57
11,2031-02-02,AMD,A,ground_model,3.55,34.9,24.01,17.25
12,2031-02-02,AMD,A,ground_model,4.96,47.9,23.89,24.55
13,2031-02-02,trim,A,onboard_log,0.72,7.3,24.05,15.82
14,2031-02-03,AMD,A,ground_model,3.68,36.2,24.1,17.88
15,2031-02-04,AMD,B,onboard_log,2.72,27.0,24.08,59.27
16,2031-02-04,trim,A,ground_model,1.71,17.3,23.78,8.44
17,2031-02-04,trim,A,ground_model,1.1,10.9,23.88,5.32
18,2031-02-04,trim,A,onboard_log,1.63,16.5,23.89,35.6
19,2031-02-05,trim,B,onboard_log,0.58,6.0,23.86,12.84
20,2031-02-06,AMD,A,onboard_log,5.86,60.2,24.04,129.34
21,2031-02-06,AMD,A,onboard_log,2.69,27.5,23.84,58.95
22,2031-02-06,AMD,A,onboard_log,10.76,109.4,24.14,233.2
23,2031-02-07,AMD,A,ground_model,7.22,75.0,24.05,36.63
24,2031-02-07,AMD,B,ground_model,9.37,94.0,24.04,46.83
25,2031-02-07,trim,A,onboard_log,1.26,12.4,23.82,27.17
26,2031-02-07,trim,A,onboard_log,2.5,24.9,23.68,54.65
27,2031-02-07,AMD,B,ground_model,4.31,45.1,23.87,21.71
28,2031-02-07,trim,B,onboard_log,1.58,14.9,23.68,32.71
29,2031-02-07,trim,A,onboard_log,1.34,13.2,23.69,28.02
30,2031-02-07,trim,B,ground_model,1.04,10.3,23.64,5.02
31,2031-02-07,trim,A,onboard_log,2.16,22.6,23.89,47.92
32,2031-02-07,AMD,A,onboard_log,10.44,105.3,23.58,231.36
33,2031-02-08,trim,A,onboard_log,1.33,13.3,23.63,28.65
34,2031-02-08,TCM,A,ground_model,46.53,473.1,24.15,236.6
35,2031-02-08,trim,A,onboard_log,0.87,8.8,23.73,18.63
36,2031-02-08,AMD,B,ground_model,7.56,74.5,23.78,36.53
37,2031-02-09,AMD,B,onboard_log,4.48,42.6,23.68,93.66
38,2031-02-09,AMD,A,onboard_log,5.69,55.8,23.34,120.65
39,2031-02-09,TCM,B,onboard_log,119.71,1170.9,23.87,2508.58
40,2031-02-09,AMD,B,ground_model,7.38,71.9,23.55,35.9
41,2031-02-09,AMD,A,ground_model,5.06,54.5,23.84,26.32
42,2031-02-10,AMD,B,onboard_log,4.95,51.1,23.77,109.92
43,2031-02-10,trim,B,ground_model,0.53,5.3,23.66,2.62
44,2031-02-10,TCM,B,onboard_log,138.18,1321.0,23.8,2961.66
45,2031-02-10,trim,B,ground_model,1.25,12.0,23.96,5.87
46,2031-02-11,trim,A,ground_model,1.63,15.6,23.71,7.67
47,2031-02-11,AMD,B,onboard_log,3.33,32.7,23.88,71.59
48,2031-02-11,trim,A,onboard_log,0.53,5.3,23.57,11.43
49,2031-02-12,AMD,A,onboard_log,3.98,39.1,23.62,84.91
50,2031-02-12,trim,B,onboard_log,1.63,16.4,23.71,35.29
51,2031-02-12,trim,A,ground_model,4.13,40.6,23.62,19.83
52,2031-02-12,trim,B,ground_model,1.38,13.2,23.48,6.47
53,2031-02-12,trim,B,ground_model,1.56,15.1,23.82,7.47
54,2031-02-13,trim,A,ground_model,1.49,15.4,23.67,7.46
55,2031-02-13,AMD,A,onboard_log,3.89,40.7,23.71,86.67
56,2031-02-14,AMD,B,onboard_log,3.71,37.6,23.35,78.91
57,2031-02-15,AMD,A,onboard_log,7.81,79.2,23.56,174.53
58,2031-02-15,AMD,A,onboard_log,5.62,55.2,23.42,120.82
59,2031-02-15,AMD,A,ground_model,9.55,97.2,23.77,46.29
60,2031-02-15,TCM,B,ground_model,115.14,1128.2,23.25,551.62
61,2031-02-16,AMD,A,onboard_log,4.57,46.5,23.41,99.64
62,2031-02-16,AMD,B,onboard_log,5.44,52.9,23.61,115.37
63,2031-02-16,AMD,A,ground_model,6.01,58.7,23.42,29.19
64,2031-02-17,trim,A,onboard_log,1.1,11.0,23.62,23.97
65,2031-02-17,trim,A,onboard_log,1.85,18.9,23.43,40.9
66,2031-02-17,AMD,A,ground_model,3.73,35.4,23.53,17.87
67,2031-02-18,AMD,A,onboard_log,4.52,46.4,23.33,99.56
68,2031-02-18,AMD,B,onboard_log,5.18,48.6,23.2,107.31
69,2031-02-18,AMD,B,onboard_log,4.48,45.9,23.3,95.18
70,2031-02-19,trim,B,ground_model,2.93,27.6,23.41,13.7
71,2031-02-19,AMD,A,ground_model,2.63,25.8,23.54,12.7
72,2031-02-20,AMD,B,onboard_log,5.63,56.4,23.66,124.26
73,2031-02-20,trim,B,onboard_log,3.09,31.1,23.71,66.33
74,2031-02-20,AMD,A,onboard_log,5.01,48.8,23.59,106.44
75,2031-02-20,AMD,B,onboard_log,14.24,139.0,23.34,292.91
76,2031-02-21,AMD,B,onboard_log,8.25,83.5,23.54,176.84
77,2031-02-22,TCM,A,onboard_log,118.37,1245.5,23.34,2600.91
78,2031-02-23,trim,A,onboard_log,2.28,23.1,23.31,49.06
79,2031-02-23,trim,B,ground_model,1.82,17.9,23.19,8.51
80,2031-02-23,trim,A,onboard_log,1.91,18.5,23.17,40.99
81,2031-02-23,AMD,B,onboard_log,4.34,42.4,23.39,94.06
82,2031-02-23,AMD,B,ground_model,6.12,59.6,23.29,29.14
83,2031-02-24,trim,A,ground_model,1.63,15.9,22.96,7.81
84,2031-02-24,AMD,A,ground_model,4.2,42.5,23.27,20.32
85,2031-02-25,trim,B,onboard_log,1.61,15.0,22.88,32.92
86,2031-02-25,AMD,B,onboard_log,3.54,35.0,23.18,73.61
87,2031-02-25,AMD,A,onboard_log,5.38,54.2,23.0,116.05
88,2031-02-25,TCM,A,onboard_log,129.76,1260.0,23.23,2774.6
89,2031-02-25,trim,A,onboard_log,1.44,14.8,23.55,32.18
90,2031-02-26,AMD,A,ground_model,5.96,57.9,23.08,28.47
91,2031-02-26,AMD,A,onboard_log,2.87,29.3,23.23,62.42
92,2031-02-26,AMD,B,onboard_log,3.67,34.5,23.19,75.89
93,2031-02-26,AMD,A,ground_model,5.91,59.4,23.22,28.99
94,2031-02-27,trim,B,ground_model,1.01,9.5,23.07,4.78
95,2031-02-27,AMD,A,ground_model,6.2,58.6,23.19,29.86
96,2031-02-27,trim,A,onboard_log,0.51,5.2,22.97,11.18
97,2031-02-27,AMD,B,ground_model,3.23,31.2,23.1,14.95
98,2031-02-28,trim,B,ground_model,1.23,11.9,23.23,5.73
99,2031-02-28,AMD,B,onboard_log,3.09,29.9,22.99,64.28
100,2031-02-28,AMD,B,onboard_log,4.65,45.1,23.26,95.76
101,2031-02-28,TCM,B,onboard_log,169.11,1611.5,22.96,3467.85
102,2031-02-28,trim,B,onboard_log,0.83,8.1,23.07,17.24
103,2031-03-01,AMD,B,onboard_log,4.8,45.9,23.39,100.07
104,2031-03-01,AMD,B,onboard_log,4.49,45.3,23.21,97.73
105,2031-03-01,TCM,A,onboard_log,51.42,482.6,23.42,1100.2
106,2031-03-01,AMD,B,ground_model,7.67,75.2,23.22,36.45
107,2031-03-01,trim,B,onboard_log,1.26,12.1,22.85,26.45
108,2031-03-01,TCM,A,ground_model,134.95,1347.5,23.0,630.21
109,2031-03-02,trim,A,onboard_log,1.33,13.4,23.15,29.06
110,2031-03-02,trim,A,onboard_log,0.64,6.4,22.97,13.86
111,2031-03-02,trim,B,ground_model,0.99,9.5,23.01,4.66
112,2031-03-02,AMD,A,onboard_log,8.03,81.7,23.24,173.67
113,2031-03-03,AMD,B,onboard_log,4.21,39.2,23.0,87.93
114,2031-03-03,AMD,B,ground_model,6.77,66.2,22.95,32.06
115,2031-03-03,AMD,A,ground_model,10.69,105.8,22.92,50.48
116,2031-03-04,AMD,A,ground_model,4.67,46.3,23.42,22.87
117,2031-03-04,trim,A,onboard_log,2.59,25.6,22.88,55.81
118,2031-03-05,trim,B,onboard_log,1.08,10.5,23.26,22.62
119,2031-03-05,trim,A,ground_model,0.97,9.4,22.93,4.61
120,2031-03-05,AMD,A,ground_model,2.77,27.9,22.9,13.35
121,2031-03-05,AMD,B,ground_model,8.81,83.5,23.0,40.84
122,2031-03-05,AMD,B,ground_model,6.0,57.6,23.06,27.53
123,2031-03-06,trim,A,ground_model,1.12,11.0,23.19,5.22
124,2031-03-06,AMD,A,onboard_log,5.12,51.8,22.88,108.08
125,2031-03-06,AMD,A,onboard_log,5.14,52.5,22.83,111.72
126,2031-03-06,AMD,A,onboard_log,3.54,35.5,23.0,73.66
127,2031-03-07,TCM,B,onboard_log,115.36,1073.1,22.85,2351.29
128,2031-03-07,trim,A,ground_model,1.39,13.7,22.79,6.58
129,2031-03-07,TCM,A,ground_model,139.12,1322.3,22.82,654.0
130,2031-03-08,AMD,A,onboard_log,5.48,54.8,22.92,118.18
131,2031-03-08,AMD,A,onboard_log,4.95,48.1,22.74,105.43
132,2031-03-08,AMD,B,ground_model,6.88,65.9,23.05,32.1
133,2031-03-08,AMD,B,onboard_log,7.17,70.0,22.96,151.46
134,2031-03-08,AMD,A,onboard_log,8.2,80.6,22.95,171.42
135,2031-03-08,AMD,A,onboard_log,6.75,65.3,22.64,142.97
136,2031-03-08,AMD,A,onboard_log,4.09,40.2,22.97,86.06
137,2031-03-09,AMD,A,ground_model,3.32,34.1,22.98,16.69
138,2031-03-09,AMD,A,onboard_log,3.67,36.3,22.77,78.09
139,2031-03-09,AMD,A,ground_model,7.85,73.4,22.76,36.86
140,2031-03-09,AMD,B,ground_model,7.48,76.5,23.02,35.79
141,2031-03-10,AMD,A,onboard_log,7.49,73.3,22.69,160.39
142,2031-03-10,trim,B,onboard_log,1.14,11.3,22.76,23.98
143,2031-03-10,trim,B,ground_model,0.85,8.3,22.83,4.02
144,2031-03-10,AMD,A,onboard_log,5.21,52.8,22.88,114.25
145,2031-03-11,AMD,B,onboard_log,8.6,80.0,22.87,173.13
146,2031-03-11,AMD,B,ground_model,8.17,78.7,22.99,37.53
147,2031-03-11,TCM,B,ground_model,153.47,1353.0,22.72,679.93
148,2031-03-11,AMD,A,onboard_log,6.4,61.5,22.75,131.73
149,2031-03-11,TCM,A,ground_model,69.12,682.6,22.52,327.03
150,2031-03-11,AMD,B,ground_model,6.62,63.6,22.65,30.44
151,2031-03-12,AMD,A,onboard_log,7.2,67.5,22.77,147.41
152,2031-03-12,AMD,A,ground_model,5.76,54.0,22.65,25.74
153,2031-03-12,trim,A,ground_model,0.9,8.7,22.88,4.25
154,2031-03-12,AMD,A,ground_model,3.58,34.1,22.76,17.64
155,2031-03-12,trim,A,ground_model,1.6,15.7,22.89,7.64
156,2031-03-13,trim,A,onboard_log,1.18,11.5,22.75,25.18
157,2031-03-13,AMD,B,onboard_log,8.72,81.8,22.82,177.17
158,2031-03-13,trim,A,ground_model,1.23,11.7,22.88,5.87
159,2031-03-13,trim,A,ground_model,1.09,10.5,22.71,5.1
160,2031-03-14,trim,B,ground_model,1.95,18.6,22.51,9.22
161,2031-03-14,AMD,A,ground_model,7.59,74.8,22.98,37.13
162,2031-03-14,trim,B,ground_model,1.43,13.7,22.58,6.61
163,2031-03-14,AMD,A,ground_model,4.49,42.8,22.6,20.51
164,2031-03-14,TCM,B,onboard_log,33.94,314.2,22.53,691.49
165,2031-03-15,AMD,B,ground_model,5.67,54.5,22.53,26.01
166,2031-03-15,trim,B,onboard_log,2.46,23.1,22.43,50.4
167,2031-03-15,AMD,A,onboard_log,6.6,64.1,22.67,137.26
168,2031-03-15,AMD,B,ground_model,4.89,46.7,22.6,22.39
169,2031-03-16,TCM,A,onboard_log,61.43,586.9,22.59,1259.49
170,2031-03-17,AMD,B,ground_model,2.56,24.0,22.35,11.77
171,2031-03-17,AMD,B,onboard_log,4.51,44.8,22.66,93.95
172,2031-03-18,trim,A,ground_model,0.85,8.2,22.43,4.01
173,2031-03-18,AMD,B,ground_model,8.23,78.8,22.58,38.85
174,2031-03-18,AMD,B,onboard_log,11.16,109.8,22.66,234.0
175,2031-03-18,trim,A,onboard_log,0.87,8.1,22.39,17.99
176,2031-03-20,AMD,A,onboard_log,7.19,68.7,22.3,153.01
177,2031-03-20,AMD,A,onboard_log,8.67,82.4,22.17,179.47
178,2031-03-21,AMD,B,onboard_log,4.59,42.3,22.79,92.88
179,2031-03-21,AMD,A,onboard_log,5.75,56.2,22.26,122.15
180,2031-03-21,AMD,A,onboard_log,4.52,44.1,22.45,94.99
181,2031-03-22,AMD,B,ground_model,6.56,62.0,22.28,30.19
182,2031-03-22,AMD,B,onboard_log,2.88,27.2,22.24,58.92
183,2031-03-22,trim,A,onboard_log,1.64,14.9,22.31,32.96
184,2031-03-22,AMD,B,ground_model,3.4,31.6,22.46,15.28
185,2031-03-23,AMD,B,onboard_log,8.01,79.2,22.72,168.22
186,2031-03-23,trim,A,ground_model,1.22,12.3,22.26,5.84
187,2031-03-23,AMD,B,ground_model,7.26,71.6,22.48,34.0
188,2031-03-24,AMD,A,ground_model,5.63,53.4,22.24,26.11
189,2031-03-24,AMD,A,onboard_log,9.29,86.6,22.3,189.57
190,2031-03-24,trim,A,ground_model,0.85,8.3,22.3,4.02
191,2031-03-25,trim,B,onboard_log,2.74,23.8,22.32,53.32
192,2031-03-25,trim,A,onboard_log,1.17,11.3,22.63,24.73
193,2031-03-26,TCM,B,onboard_log,202.79,1917.3,22.27,3999.32
194,2031-03-26,TCM,A,ground_model,55.61,553.4,22.4,273.96
195,2031-03-26,AMD,B,ground_model,5.44,48.2,22.31,23.67
196,2031-03-26,AMD,A,ground_model,7.62,71.5,22.19,35.11
197,2031-03-27,trim,B,onboard_log,1.2,11.0,22.36,24.62
198,2031-03-27,trim,B,onboard_log,1.42,12.8,22.05,28.79
199,2031-03-27,AMD,B,onboard_log,7.03,64.9,22.28,140.17
200,2031-03-27,trim,B,onboard_log,1.07,10.5,22.36,22.84
201,2031-03-28,AMD,A,ground_model,8.36,77.5,22.21,38.34
202,2031-03-28,AMD,A,onboard_log,3.77,34.4,22.26,76.56
203,2031-03-28,AMD,A,onboard_log,13.33,126.6,22.21,273.92
204,2031-03-28,TCM,B,onboard_log,86.6,800.7,22.22,1744.61
205,2031-03-29,trim,B,ground_model,1.4,13.3,22.18,6.38
206,2031-03-29,AMD,B,onboard_log,5.38,50.2,22.25,107.77
207,2031-03-29,AMD,B,onboard_log,7.61,70.5,22.04,153.23
208,2031-03-30,AMD,B,onboard_log,9.04,86.5,22.02,186.31
209,2031-03-30,AMD,B,onboard_log,4.34,41.3,22.15,88.88
210,2031-03-30,AMD,A,ground_model,4.98,47.8,22.37,23.64
211,2031-03-30,AMD,B,ground_model,7.11,69.6,22.51,33.57
212,2031-03-30,AMD,A,ground_model,4.79,46.9,22.26,22.9
213,2031-03-30,TCM,B,onboard_log,103.62,972.0,22.27,2116.79
214,2031-03-31,TCM,A,onboard_log,113.28,1049.2,22.29,2308.61
215,2031-03-31,trim,B,onboard_log,2.02,19.5,22.49,41.57
216,2031-03-31,trim,A,onboard_log,1.96,19.3,22.09,41.62
217,2031-03-31,TCM,B,ground_model,113.74,1122.2,22.47,523.31
218,2031-03-31,trim,A,onboard_log,0.87,8.1,21.98,17.5
219,2031-04-01,AMD,B,onboard_log,4.33,39.7,22.31,87.52
220,2031-04-02,AMD,A,onboard_log,5.44,50.9,22.01,109.35
221,2031-04-02,trim,A,ground_model,0.79,7.7,22.16,3.56
222,2031-04-02,trim,A,ground_model,3.07,28.7,22.1,14.04
223,2031-04-02,trim,A,onboard_log,1.46,14.0,22.18,30.52
224,2031-04-02,trim,B,ground_model,2.16,20.0,21.98,9.71
225,2031-04-02,AMD,A,onboard_log,6.45,61.0,21.83,135.11
226,2031-04-03,AMD,A,onboard_log,7.19,67.6,22.28,150.68
227,2031-04-03,trim,B,onboard_log,2.77,25.7,21.76,55.49
228,2031-04-03,trim,B,ground_model,1.44,13.3,21.85,6.4
229,2031-04-03,trim,A,onboard_log,1.4,13.5,21.75,29.42
230,2031-04-04,AMD,B,ground_model,7.36,69.0,22.04,33.13
231,2031-04-04,AMD,A,onboard_log,12.5,115.7,21.87,254.8
232,2031-04-04,AMD,B,onboard_log,5.66,52.2,22.06,115.97
233,2031-04-04,AMD,B,ground_model,6.35,57.8,22.11,28.6
234,2031-04-04,TCM,B,onboard_log,151.13,1435.9,21.67,3031.19
235,2031-04-04,AMD,A,onboard_log,8.31,81.1,22.04,168.19
236,2031-04-05,AMD,A,onboard_log,6.24,57.6,21.87,129.71
237,2031-04-05,AMD,B,ground_model,8.01,74.7,22.04,36.29
238,2031-04-05,AMD,B,ground_model,7.9,73.5,22.01,35.43
239,2031-04-05,AMD,B,ground_model,6.76,61.1,21.87,30.52
240,2031-04-05,AMD,B,onboard_log,5.31,49.0,21.94,104.15
241,2031-04-05,AMD,A,onboard_log,9.26,86.6,21.75,191.61
242,2031-04-06,trim,B,onboard_log,0.85,7.8,22.21,16.95
243,2031-04-06,trim,A,ground_model,1.25,11.9,22.02,5.94
244,2031-04-06,trim,B,ground_model,1.29,11.8,21.74,5.85
245,2031-04-07,AMD,B,ground_model,4.4,40.4,21.93,19.61
246,2031-04-07,AMD,A,onboard_log,6.77,63.8,21.87,138.64
247,2031-04-08,AMD,A,ground_model,5.04,49.3,21.9,23.91
248,2031-04-08,AMD,A,ground_model,5.7,51.8,21.68,25.86
249,2031-04-09,AMD,B,onboard_log,3.61,34.7,21.77,72.88
250,2031-04-09,AMD,A,ground_model,4.46,41.6,21.77,20.34
251,2031-04-09,AMD,B,ground_model,8.99,79.0,21.75,39.23
252,2031-04-10,AMD,B,ground_model,5.39,49.9,21.84,24.06
253,2031-04-10,AMD,A,onboard_log,6.06,57.8,21.94,122.51
254,2031-04-11,AMD,A,ground_model,11.05,105.9,21.9,50.73
255,2031-04-11,trim,A,onboard_log,0.88,8.5,21.83,18.07
256,2031-04-12,AMD,A,ground_model,5.77,54.2,21.49,26.32
257,2031-04-12,AMD,A,ground_model,5.88,53.2,21.33,25.45
258,2031-04-12,trim,B,onboard_log,1.2,11.3,21.8,24.01
259,2031-04-12,trim,A,onboard_log,0.86,8.2,21.94,17.83
260,2031-04-12,TCM,A,onboard_log,78.28,729.2,21.62,1558.08
261,2031-04-12,AMD,A,onboard_log,5.26,50.1,21.72,107.67
262,2031-04-13,AMD,A,ground_model,8.52,77.1,21.73,38.64
263,2031-04-13,trim,A,onboard_log,0.65,6.2,21.55,13.37
264,2031-04-13,AMD,A,onboard_log,5.21,46.9,21.43,105.5
265,2031-04-13,trim,B,ground_model,1.16,11.2,21.63,5.45
266,2031-04-14,AMD,B,ground_model,3.07,27.7,21.68,13.79
267,2031-04-14,AMD,A,onboard_log,8.3,80.8,21.42,170.61
268,2031-04-14,trim,A,ground_model,1.32,12.3,21.51,6.03
269,2031-04-14,TCM,B,onboard_log,193.61,1895.0,21.3,4023.99
270,2031-04-15,AMD,B,onboard_log,7.63,69.7,21.67,150.13
271,2031-04-15,AMD,A,ground_model,5.09,46.4,21.77,22.93
272,2031-04-15,AMD,B,onboard_log,3.54,32.9,21.79,70.0
273,2031-04-16,trim,A,onboard_log,1.43,13.3,21.61,28.77
274,2031-04-16,TCM,B,onboard_log,131.84,1148.8,21.64,2555.12
275,2031-04-16,TCM,B,onboard_log,114.24,1042.0,21.43,2230.91
276,2031-04-16,trim,A,onboard_log,1.13,10.8,21.51,23.34
277,2031-04-17,AMD,A,ground_model,4.31,39.1,21.76,19.53
278,2031-04-17,trim,A,ground_model,1.87,18.4,21.48,8.79
279,2031-04-18,TCM,A,onboard_log,93.13,893.9,21.48,1904.32
280,2031-04-18,trim,A,onboard_log,1.05,9.9,21.56,21.61
281,2031-04-19,AMD,A,ground_model,6.03,52.8,21.27,26.78
282,2031-04-19,AMD,A,onboard_log,5.31,51.1,21.48,109.6
283,2031-04-19,AMD,A,ground_model,4.76,44.3,21.6,21.38
284,2031-04-20,trim,B,ground_model,1.54,14.0,21.39,6.74
285,2031-04-20,AMD,B,onboard_log,3.51,31.4,21.52,66.81
286,2031-04-20,AMD,B,onboard_log,6.67,64.5,21.49,137.7
287,2031-04-20,AMD,A,ground_model,10.59,97.8,21.47,47.37
288,2031-04-20,trim,A,ground_model,2.6,24.0,21.01,11.83
289,2031-04-20,AMD,B,ground_model,6.89,61.3,21.57,30.13
290,2031-04-20,AMD,B,ground_model,5.39,52.8,21.89,24.7
291,2031-04-20,TCM,B,ground_model,117.02,1044.1,21.65,504.65
292,2031-04-20,trim,A,onboard_log,1.2,11.4,21.24,24.37
293,2031-04-21,trim,A,onboard_log,1.49,14.1,21.82,30.73
294,2031-04-21,trim,A,onboard_log,1.29,11.6,21.28,25.29
295,2031-04-21,trim,B,ground_model,1.87,16.5,21.37,7.91
296,2031-04-21,AMD,B,onboard_log,6.18,58.6,21.48,125.31
297,2031-04-22,AMD,A,ground_model,7.35,67.9,21.55,33.15
298,2031-04-22,AMD,A,onboard_log,7.55,68.3,21.25,148.88
299,2031-04-22,AMD,B,ground_model,11.23,106.2,21.16,50.24
300,2031-04-22,AMD,A,ground_model,6.98,64.4,21.62,31.36
301,2031-04-22,AMD,A,onboard_log,4.51,40.1,21.09,88.66
302,2031-04-23,AMD,A,onboard_log,6.18,58.1,20.9,125.04
303,2031-04-23,trim,A,onboard_log,1.59,15.0,21.44,32.48
304,2031-04-23,TCM,B,ground_model,182.1,1621.7,21.38,810.77
305,2031-04-24,AMD,A,onboard_log,5.26,48.0,21.37,106.98
306,2031-04-24,AMD,B,onboard_log,7.52,70.2,21.46,149.92
307,2031-04-24,AMD,B,onboard_log,3.63,33.2,21.28,72.27
308,2031-04-24,trim,A,onboard_log,1.22,11.4,21.31,24.41
309,2031-04-24,trim,B,onboard_log,1.51,14.7,21.49,31.48
310,2031-04-24,AMD,B,ground_model,9.32,79.9,21.02,39.95
311,2031-04-24,AMD,B,ground_model,5.09,45.7,21.17,22.8
312,2031-04-25,AMD,A,onboard_log,3.75,34.8,21.21,75.36
313,2031-04-25,AMD,B,onboard_log,11.16,98.7,21.33,220.01
314,2031-04-25,AMD,B,onboard_log,4.49,41.8,21.28,90.62
315,2031-04-25,trim,B,ground_model,2.37,19.7,20.83,9.83
316,2031-04-25,AMD,A,onboard_log,6.47,59.7,21.23,129.9
317,2031-04-26,AMD,A,onboard_log,5.81,52.4,21.12,116.1
318,2031-04-26,trim,B,onboard_log,2.03,18.6,21.52,40.68
319,2031-04-26,AMD,A,ground_model,8.24,76.4,21.01,37.53
320,2031-04-27,TCM,A,onboard_log,68.93,656.9,21.48,1421.02
321,2031-04-27,trim,A,onboard_log,2.22,21.2,21.28,46.19
322,2031-04-27,AMD,A,onboard_log,5.62,54.4,21.18,115.29
323,2031-04-27,AMD,A,onboard_log,7.87,72.8,21.21,155.6
324,2031-04-27,AMD,A,ground_model,8.19,78.3,21.1,36.93
325,2031-04-27,AMD,A,ground_model,6.84,59.4,21.01,30.33
326,2031-04-28,AMD,A,onboard_log,6.52,60.8,21.26,130.38
327,2031-04-28,trim,A,ground_model,2.23,21.3,21.12,10.09
328,2031-04-28,AMD,B,onboard_log,6.05,54.9,20.93,119.35
329,2031-04-28,trim,A,ground_model,1.06,10.0,21.34,4.78
330,2031-04-29,AMD,B,onboard_log,5.83,53.0,21.34,114.55
331,2031-04-30,AMD,B,ground_model,4.07,38.3,21.13,17.9
332,2031-04-30,AMD,A,onboard_log,8.06,70.8,21.13,159.13
333,2031-04-30,AMD,B,onboard_log,8.18,70.9,20.98,154.55
334,2031-05-01,AMD,B,ground_model,9.99,92.2,21.26,44.4
335,2031-05-01,trim,A,ground_model,1.4,12.7,20.83,6.25
336,2031-05-01,AMD,B,onboard_log,6.83,60.1,21.1,129.88
337,2031-05-01,AMD,A,ground_model,7.87,73.4,21.13,35.51
338,2031-05-01,TCM,A,ground_model,51.36,453.1,21.02,219.38
339,2031-05-02,AMD,B,onboard_log,5.62,51.2,20.95,111.56
340,2031-05-02,trim,B,onboard_log,1.87,17.2,20.94,36.62
341,2031-05-02,AMD,B,ground_model,7.8,73.1,21.03,34.63
342,2031-05-03,trim,B,onboard_log,1.81,15.2,20.99,33.76
343,2031-05-03,AMD,A,ground_model,3.97,37.3,20.91,17.73
344,2031-05-03,trim,A,ground_model,1.59,14.1,20.86,6.85
345,2031-05-03,AMD,B,onboard_log,4.95,44.6,20.95,95.38
346,2031-05-03,AMD,A,onboard_log,5.98,54.8,20.88,115.14
347,2031-05-04,AMD,A,ground_model,5.3,47.1,21.23,23.5
348,2031-05-04,trim,A,ground_model,1.69,16.2,20.96,7.76
349,2031-05-04,AMD,B,onboard_log,5.29,47.8,21.17,103.6
350,2031-05-04,trim,A,onboard_log,1.83,16.8,20.89,36.91
351,2031-05-04,AMD,B,onboard_log,3.81,33.7,21.01,74.85
352,2031-05-04,AMD,B,ground_model,7.98,69.1,20.66,34.38
353,2031-05-04,AMD,B,onboard_log,4.05,36.0,20.89,79.5
354,2031-05-04,trim,A,onboard_log,1.1,10.0,20.97,21.1
355,2031-05-05,AMD,A,onboard_log,5.56,54.1,20.8,117.74
356,2031-05-05,TCM,B,onboard_log,137.81,1211.4,21.0,2609.26
357,2031-05-06,trim,B,onboard_log,1.99,17.4,21.1,38.08
358,2031-05-06,AMD,A,onboard_log,5.71,54.5,21.12,119.65
359,2031-05-06,AMD,B,ground_model,5.46,50.3,20.96,23.64
360,2031-05-06,TCM,B,onboard_log,64.22,575.2,21.08,1250.38
361,2031-05-07,AMD,B,onboard_log,7.4,66.0,20.85,143.25
362,2031-05-08,AMD,A,ground_model,5.52,47.5,21.01,24.36
363,2031-05-08,AMD,A,onboard_log,6.35,56.3,20.78,125.4
364,2031-05-09,AMD,B,onboard_log,6.38,57.7,20.63,121.47
365,2031-05-09,AMD,A,onboard_log,7.88,72.3,20.81,150.31
366,2031-05-10,trim,A,onboard_log,2.37,21.5,20.92,46.98
367,2031-05-11,AMD,A,ground_model,6.07,56.3,20.89,27.17
368,2031-05-11,trim,A,onboard_log,1.38,12.6,20.98,27.51
369,2031-05-11,trim,B,ground_model,2.27,19.8,20.56,9.61
370,2031-05-12,AMD,B,onboard_log,3.45,29.8,20.75,65.18
371,2031-05-12,AMD,A,ground_model,4.58,42.7,21.17,20.61
372,2031-05-12,AMD,B,onboard_log,9.07,83.1,20.99,180.45
373,2031-05-13,AMD,B,onboard_log,6.22,56.7,20.87,122.29
374,2031-05-13,trim,B,ground_model,0.96,8.8,21.06,4.26
375,2031-05-13,AMD,B,onboard_log,3.09,26.6,20.54,59.8
376,2031-05-14,AMD,A,onboard_log,4.21,37.5,20.58,83.9
377,2031-05-14,AMD,B,onboard_log,4.0,36.2,21.09,78.03
378,2031-05-14,AMD,A,ground_model,4.61,41.7,20.76,20.55
379,2031-05-14,trim,B,onboard_log,1.16,10.6,20.97,22.82
380,2031-05-14,trim,A,onboard_log,0.88,7.7,20.89,16.86
381,2031-05-15,trim,A,ground_model,1.11,10.0,20.58,4.8
382,2031-05-15,AMD,A,ground_model,3.39,30.3,20.53,14.69
383,2031-05-15,trim,B,onboard_log,1.01,8.6,20.48,18.94
384,2031-05-15,AMD,A,onboard_log,6.8,59.6,20.45,131.9
385,2031-05-15,AMD,B,onboard_log,11.12,97.0,20.59,209.48
386,2031-05-16,AMD,B,ground_model,6.09,53.0,20.66,25.89
387,2031-05-16,AMD,A,onboard_log,3.77,34.5,20.31,73.42
388,2031-05-17,AMD,A,ground_model,5.76,51.2,20.62,25.03
389,2031-05-17,trim,B,ground_model,1.43,12.5,20.27,6.12
390,2031-05-17,AMD,A,onboard_log,4.16,38.4,20.64,81.49
391,2031-05-17,AMD,A,ground_model,4.41,39.4,20.57,19.15
392,2031-05-17,AMD,B,ground_model,8.35,75.7,20.57,36.29
393,2031-05-17,AMD,B,ground_model,3.11,27.6,20.54,13.85
394,2031-05-17,trim,B,onboard_log,3.05,25.9,20.51,58.1
395,2031-05-17,AMD,B,ground_model,4.59,39.7,20.52,19.66
396,2031-05-18,AMD,A,onboard_log,13.83,121.6,20.47,267.51
397,2031-05-18,trim,A,onboard_log,1.41,12.6,20.39,27.65
398,2031-05-18,trim,B,ground_model,2.3,19.3,20.44,9.92
399,2031-05-18,AMD,B,onboard_log,7.74,69.2,20.44,147.91
400,2031-05-18,AMD,A,onboard_log,8.78,76.8,20.34,166.03
401,2031-05-18,AMD,B,ground_model,3.19,28.8,20.63,13.83
402,2031-05-18,AMD,B,onboard_log,6.74,60.8,20.64,135.33
403,2031-05-19,AMD,B,ground_model,5.46,47.7,20.63,24.05
404,2031-05-19,AMD,B,onboard_log,16.64,143.6,20.68,312.53
405,2031-05-19,TCM,B,onboard_log,41.06,365.6,20.45,793.16
406,2031-05-19,AMD,B,ground_model,5.09,44.6,20.54,21.43
407,2031-05-19,AMD,A,ground_model,5.38,48.8,20.67,23.78
408,2031-05-19,AMD,A,onboard_log,8.99,82.7,20.74,174.17
409,2031-05-19,trim,A,onboard_log,2.37,21.4,20.67,46.38
410,2031-05-19,trim,A,onboard_log,0.89,7.7,20.55,16.9
411,2031-05-20,TCM,A,ground_model,49.09,442.0,20.52,218.7
412,2031-05-20,AMD,A,onboard_log,5.7,51.6,20.36,109.4
413,2031-05-20,AMD,A,onboard_log,6.43,58.5,20.38,128.13
414,2031-05-21,trim,A,ground_model,0.86,7.7,20.19,3.78
415,2031-05-21,AMD,A,ground_model,6.23,53.5,20.41,26.81
416,2031-05-21,trim,A,onboard_log,1.53,13.9,20.51,29.7
417,2031-05-21,AMD,B,ground_model,4.89,40.9,20.29,20.14
418,2031-05-22,AMD,B,onboard_log,4.9,44.5,20.43,95.93
419,2031-05-22,trim,A,onboard_log,1.49,12.6,20.28,27.29
420,2031-05-22,AMD,B,ground_model,6.39,56.0,20.78,27.85
421,2031-05-22,AMD,A,onboard_log,5.97,53.2,20.25,113.67
422,2031-05-22,AMD,A,onboard_log,9.66,89.1,20.21,187.95
423,2031-05-22,trim,B,ground_model,0.99,8.3,20.27,4.06
424,2031-05-22,AMD,B,ground_model,7.0,58.9,20.12,28.98
425,2031-05-23,AMD,A,onboard_log,2.92,26.1,20.43,56.6
426,2031-05-23,AMD,A,onboard_log,5.83,54.6,20.34,119.31
427,2031-05-23,trim,B,ground_model,1.02,9.0,20.53,4.41
428,2031-05-23,AMD,A,ground_model,7.88,67.8,20.3,34.06
429,2031-05-23,trim,B,onboard_log,1.51,14.0,20.47,29.41
430,2031-05-23,AMD,B,ground_model,6.31,56.1,20.35,26.39
431,2031-05-23,AMD,B,onboard_log,7.24,63.2,20.34,141.47
432,2031-05-24,AMD,A,ground_model,11.34,104.3,20.32,50.53
433,2031-05-24,trim,B,onboard_log,1.18,10.0,20.39,21.95
434,2031-05-24,AMD,A,onboard_log,9.25,78.0,20.14,174.2
435,2031-05-24,trim,A,onboard_log,1.84,16.4,20.37,35.54
436,2031-05-24,AMD,A,onboard_log,8.67,74.1,20.56,159.7
437,2031-05-25,trim,A,onboard_log,2.17,17.7,20.08,39.72
438,2031-05-25,AMD,A,onboard_log,9.76,89.3,20.22,192.36
439,2031-05-26,AMD,B,ground_model,6.27,56.9,20.16,27.43
440,2031-05-26,AMD,B,onboard_log,5.85,50.2,20.12,108.37
441,2031-05-27,trim,A,ground_model,2.22,19.9,20.53,9.86
442,2031-05-27,AMD,A,onboard_log,5.03,45.8,20.23,97.4
443,2031-05-28,AMD,A,onboard_log,11.08,92.7,20.16,208.08
444,2031-05-28,AMD,B,onboard_log,8.69,74.2,20.21,163.47
445,2031-05-28,AMD,B,onboard_log,3.91,33.6,20.07,72.75
446,2031-05-29,AMD,A,onboard_log,6.13,56.4,20.32,122.32
447,2031-05-29,AMD,A,ground_model,7.81,66.5,20.24,32.27
448,2031-05-29,AMD,B,onboard_log,3.5,31.0,20.09,65.9
449,2031-05-29,TCM,B,onboard_log,139.78,1185.2,20.12,2612.4
450,2031-05-30,AMD,A,onboard_log,4.61,43.0,20.13,89.43
451,2031-05-30,AMD,A,onboard_log,3.86,34.5,20.29,74.16
452,2031-05-30,AMD,A,ground_model,8.52,76.2,20.0,36.99
453,2031-05-30,trim,B,onboard_log,1.65,14.9,20.38,32.05
454,2031-05-30,AMD,B,ground_model,7.11,63.0,20.35,31.06
455,2031-05-30,AMD,B,ground_model,7.44,60.8,20.11,30.03
456,2031-05-31,AMD,B,onboard_log,8.25,67.8,19.93,150.23
457,2031-05-31,trim,B,onboard_log,1.11,9.5,20.19,20.91
458,2031-05-31,AMD,A,ground_model,5.95,51.5,19.82,24.82
459,2031-06-01,AMD,A,onboard_log,11.79,101.4,20.03,222.58
460,2031-06-01,TCM,A,ground_model,87.99,798.4,20.12,393.24
461,2031-06-01,TCM,B,onboard_log,95.1,820.2,20.11,1779.12
462,2031-06-01,AMD,A,ground_model,8.49,73.8,20.38,36.3
463,2031-06-02,AMD,B,onboard_log,9.95,88.4,20.06,188.18
464,2031-06-02,AMD,A,ground_model,8.02,67.5,20.39,34.24
465,2031-06-02,AMD,A,ground_model,16.56,143.9,20.0,70.46
466,2031-06-02,AMD,A,onboard_log,7.59,68.5,20.16,147.96
467,2031-06-02,TCM,B,ground_model,26.47,228.9,19.97,108.83
468,2031-06-02,trim,A,onboard_log,1.6,14.5,20.13,31.14
469,2031-06-03,AMD,B,ground_model,7.35,62.6,20.06,31.21
470,2031-06-03,trim,A,onboard_log,1.99,17.3,20.17,38.51
471,2031-06-03,trim,B,onboard_log,1.45,12.0,20.1,26.03
472,2031-06-03,AMD,A,ground_model,5.73,50.5,20.04,24.66
473,2031-06-03,trim,A,ground_model,2.09,18.8,19.99,9.11
474,2031-06-04,trim,A,ground_model,1.5,13.3,19.84,6.33
475,2031-06-04,trim,B,onboard_log,2.7,23.8,20.3,50.25
476,2031-06-04,trim,A,ground_model,2.88,24.8,19.62,12.37
477,2031-06-04,AMD,A,onboard_log,3.22,28.8,20.0,63.29
478,2031-06-04,AMD,A,onboard_log,5.19,48.1,20.04,102.55
479,2031-06-04,AMD,A,onboard_log,8.65,75.3,20.06,160.11
480,2031-06-04,AMD,B,ground_model,6.27,57.9,20.12,27.66
481,2031-06-05,trim,A,onboard_log,1.92,16.5,19.9,36.15
482,2031-06-05,AMD,A,ground_model,5.94,52.9,20.06,25.43
483,2031-06-05,TCM,B,onboard_log,143.01,1213.7,20.0,2655.18
484,2031-06-05,AMD,B,onboard_log,10.67,91.8,19.96,198.99
485,2031-06-05,AMD,A,onboard_log,4.76,41.6,20.02,90.69
486,2031-06-06,trim,A,ground_model,1.33,11.2,19.91,5.53
487,2031-06-06,AMD,B,onboard_log,6.89,59.5,20.06,127.96
488,2031-06-07,trim,A,onboard_log,0.98,8.5,19.95,18.58
489,2031-06-07,AMD,B,ground_model,9.89,81.5,19.88,40.33
490,2031-06-07,trim,B,ground_model,1.05,8.8,19.95,4.26
491,2031-06-07,AMD,A,onboard_log,6.12,55.2,19.82,117.73
492,2031-06-08,TCM,A,ground_model,38.29,337.1,19.7,162.19
493,2031-06-08,AMD,A,onboard_log,8.0,67.3,20.03,150.35
494,2031-06-08,trim,A,ground_model,2.14,18.7,19.82,9.16
495,2031-06-08,AMD,A,onboard_log,8.33,73.4,19.99,158.58
496,2031-06-08,AMD,B,onboard_log,4.32,35.6,19.84,77.35
497,2031-06-09,AMD,A,onboard_log,4.43,40.1,19.86,84.89
498,2031-06-09,AMD,B,onboard_log,13.45,116.0,19.99,248.51
499,2031-06-09,AMD,B,onboard_log,6.03,52.1,20.09,112.12
500,2031-06-09,AMD,B,ground_model,8.43,73.4,19.77,35.65
501,2031-06-09,trim,A,ground_model,0.79,6.7,19.79,3.34
502,2031-06-09,AMD,A,ground_model,8.33,71.4,19.7,36.18
503,2031-06-09,trim,B,onboard_log,1.58,13.6,20.18,29.77
504,2031-06-09,AMD,A,ground_model,7.24,63.6,19.71,30.87
505,2031-06-10,AMD,A,ground_model,5.01,43.9,19.69,21.14
506,2031-06-10,AMD,A,onboard_log,8.68,74.6,19.51,163.91
507,2031-06-10,AMD,B,onboard_log,7.61,63.0,19.6,137.71
508,2031-06-10,AMD,A,ground_model,8.65,73.1,19.58,35.52
509,2031-06-10,AMD,B,onboard_log,9.1,77.2,19.87,167.32
510,2031-06-10,trim,A,onboard_log,2.22,19.2,19.68,41.99
511,2031-06-10,TCM,B,onboard_log,279.41,2521.7,19.8,5278.93
512,2031-06-11,trim,A,onboard_log,1.22,10.6,19.75,23.08
513,2031-06-11,AMD,A,ground_model,4.31,39.6,19.85,18.56
514,2031-06-11,AMD,A,ground_model,4.03,34.1,20.08,16.59
515,2031-06-12,AMD,B,ground_model,5.4,46.0,19.59,21.93
516,2031-06-12,AMD,B,onboard_log,3.77,31.5,19.57,67.49
517,2031-06-12,TCM,B,ground_model,157.3,1311.1,19.6,650.83
518,2031-06-13,AMD,B,onboard_log,5.93,48.6,19.94,107.31
519,2031-06-13,AMD,B,onboard_log,10.31,87.7,19.59,194.32
520,2031-06-13,AMD,B,onboard_log,5.72,47.7,19.62,103.73
521,2031-06-13,trim,A,ground_model,1.8,15.2,19.35,7.43
522,2031-06-14,AMD,B,ground_model,6.12,51.6,19.43,25.25
523,2031-06-14,trim,A,ground_model,1.42,12.6,19.76,6.17
524,2031-06-14,AMD,A,ground_model,9.46,82.4,19.71,40.02
525,2031-06-14,AMD,A,ground_model,4.63,39.3,19.72,19.33
526,2031-06-15,trim,B,ground_model,3.01,25.2,19.59,12.51
527,2031-06-15,trim,A,onboard_log,1.4,12.0,19.67,25.97
528,2031-06-16,AMD,A,onboard_log,5.87,48.8,19.5,106.32
529,2031-06-16,AMD,B,onboard_log,7.87,66.8,19.68,144.04
530,2031-06-16,AMD,A,ground_model,6.58,57.1,19.43,27.65
531,2031-06-16,AMD,A,onboard_log,5.85,50.5,19.56,109.68
532,2031-06-17,AMD,A,ground_model,6.05,54.8,19.61,26.0
533,2031-06-17,trim,A,onboard_log,1.37,12.0,19.4,26.08
534,2031-06-17,AMD,A,ground_model,5.87,50.5,19.68,24.72
535,2031-06-17,trim,B,onboard_log,3.36,30.2,19.62,65.3
536,2031-06-18,trim,B,ground_model,1.47,12.2,19.34,5.91
537,2031-06-18,AMD,A,onboard_log,6.97,59.0,19.58,128.69
538,2031-06-18,AMD,A,ground_model,5.03,44.5,19.56,21.87
539,2031-06-19,trim,B,ground_model,1.71,14.8,19.37,7.01
540,2031-06-19,AMD,A,onboard_log,4.99,44.6,19.32,92.97
541,2031-06-19,AMD,A,onboard_log,4.83,40.7,19.73,90.94
542,2031-06-19,AMD,B,onboard_log,14.55,134.0,19.53,276.04
543,2031-06-20,AMD,B,ground_model,10.65,87.9,19.42,44.21
544,2031-06-20,AMD,B,onboard_log,6.73,59.1,19.72,125.01
545,2031-06-20,trim,A,onboard_log,1.35,12.0,19.54,26.0
546,2031-06-20,AMD,B,onboard_log,7.86,67.1,19.67,143.74
547,2031-06-20,trim,A,ground_model,1.7,14.9,19.31,7.26
548,2031-06-20,AMD,A,ground_model,5.53,46.7,19.39,22.23
549,2031-06-21,AMD,B,onboard_log,4.23,34.7,19.55,76.2
550,2031-06-21,AMD,A,onboard_log,8.7,77.3,19.42,165.93
551,2031-06-21,trim,A,ground_model,1.52,12.9,19.33,6.29
552,2031-06-21,AMD,B,onboard_log,6.88,59.8,19.48,128.54
553,2031-06-21,AMD,B,onboard_log,7.3,57.4,19.37,129.05
554,2031-06-21,AMD,B,onboard_log,7.57,60.9,19.17,136.4
555,2031-06-21,AMD,A,onboard_log,6.12,53.5,19.6,114.95
556,2031-06-21,AMD,B,onboard_log,7.29,59.6,19.52,132.44
557,2031-06-22,trim,B,ground_model,1.89,15.5,19.37,7.69
558,2031-06-22,trim,A,ground_model,1.57,13.2,19.2,6.55
559,2031-06-22,AMD,B,onboard_log,6.85,57.1,19.38,120.3
560,2031-06-22,AMD,A,onboard_log,7.21,61.6,19.34,132.14
561,2031-06-22,AMD,B,onboard_log,10.28,89.4,19.31,188.19
562,2031-06-23,AMD,B,ground_model,15.55,131.5,19.21,63.96
563,2031-06-23,AMD,A,ground_model,11.07,92.2,19.24,44.77
564,2031-06-23,AMD,A,onboard_log,8.15,69.6,19.28,150.28
565,2031-06-23,AMD,B,onboard_log,5.54,47.3,19.32,103.01
566,2031-06-24,TCM,B,ground_model,197.16,1687.1,19.01,829.69
567,2031-06-24,AMD,A,ground_model,5.97,49.5,19.18,23.8
568,2031-06-25,trim,A,onboard_log,1.12,9.1,19.17,20.01
569,2031-06-25,trim,B,onboard_log,1.94,16.4,19.45,34.74
570,2031-06-25,AMD,A,onboard_log,5.69,48.0,19.02,104.75
571,2031-06-25,trim,B,ground_model,1.17,10.0,19.32,4.8
572,2031-06-26,AMD,A,onboard_log,6.66,57.2,19.49,122.87
573,2031-06-26,AMD,B,ground_model,7.42,62.2,19.21,30.71
574,2031-06-26,trim,A,ground_model,1.61,14.6,19.2,6.74
575,2031-06-27,trim,B,ground_model,1.23,10.0,19.27,4.97
576,2031-06-27,trim,A,ground_model,2.14,18.0,19.03,8.76
577,2031-06-27,AMD,B,onboard_log,8.19,70.6,19.28,150.09
578,2031-06-27,TCM,B,ground_model,93.68,776.6,19.09,387.19
579,2031-06-27,trim,A,ground_model,1.45,12.0,19.09,5.95
580,2031-06-27,AMD,A,onboard_log,6.39,54.0,19.27,120.07
581,2031-06-28,AMD,A,onboard_log,14.93,132.0,19.08,278.54
582,2031-06-28,AMD,A,ground_model,8.12,68.2,19.34,34.5
583,2031-06-29,trim,A,ground_model,0.74,6.1,19.16,3.08
584,2031-06-29,AMD,B,ground_model,7.1,60.5,19.18,29.46
585,2031-06-29,AMD,B,ground_model,5.46,46.1,19.15,22.12
586,2031-06-29,trim,A,onboard_log,1.08,9.5,19.19,20.28
587,2031-06-30,trim,A,onboard_log,1.16,10.1,19.29,21.97
588,2031-06-30,AMD,A,onboard_log,5.83,52.3,19.3,110.07
589,2031-06-30,AMD,B,ground_model,6.4,52.6,19.08,25.15
590,2031-06-30,trim,A,onboard_log,2.42,20.1,19.16,43.43
591,2031-06-30,AMD,A,onboard_log,3.8,31.2,19.08,68.28
592,2031-07-01,trim,A,onboard_log,2.56,22.6,19.23,47.99
593,2031-07-01,trim,B,ground_model,1.51,12.0,19.02,6.04
594,2031-07-02,trim,A,onboard_log,1.24,10.4,19.23,22.96
595,2031-07-02,TCM,B,ground_model,202.08,1651.4,18.8,795.63
596,2031-07-02,AMD,B,ground_model,11.16,90.5,18.8,43.82
597,2031-07-03,trim,A,ground_model,1.69,14.0,19.18,7.02
598,2031-07-03,AMD,A,onboard_log,8.95,74.4,19.01,161.25
599,2031-07-03,AMD,B,ground_model,9.32,76.4,19.12,37.31
600,2031-07-03,AMD,A,onboard_log,9.57,80.6,18.92,175.46
601,2031-07-03,trim,A,ground_model,3.21,26.9,18.75,13.15
602,2031-07-03,AMD,A,ground_model,3.11,26.2,19.28,12.85
603,2031-07-04,trim,A,ground_model,1.35,11.6,19.13,5.62
604,2031-07-04,AMD,A,onboard_log,4.63,38.6,19.12,85.04
605,2031-07-04,trim,A,onboard_log,1.81,14.8,18.9,33.22
606,2031-07-04,AMD,A,ground_model,5.51,45.0,18.92,22.8
607,2031-07-04,AMD,A,onboard_log,6.21,52.9,18.93,111.02
608,2031-07-05,trim,A,onboard_log,1.47,12.8,19.06,27.8
609,2031-07-05,AMD,B,onboard_log,6.11,50.4,18.76,107.72
610,2031-07-05,AMD,B,onboard_log,9.22,76.3,18.84,168.88
611,2031-07-06,trim,B,ground_model,1.66,13.9,19.01,6.7
612,2031-07-06,trim,B,ground_model,1.7,14.1,18.56,6.52
613,2031-07-06,AMD,B,onboard_log,6.12,50.1,19.18,111.16
614,2031-07-06,trim,B,onboard_log,1.81,15.2,18.93,33.0
615,2031-07-06,AMD,A,onboard_log,12.16,102.7,19.14,220.44
616,2031-07-06,AMD,A,onboard_log,9.03,76.1,19.07,167.94
617,2031-07-06,trim,B,ground_model,2.83,22.8,18.6,11.05
618,2031-07-07,AMD,A,onboard_log,2.73,23.0,18.93,50.42
619,2031-07-07,trim,B,onboard_log,2.69,22.1,18.69,47.25
620,2031-07-07,AMD,B,ground_model,6.89,59.5,19.01,28.83
621,2031-07-07,trim,A,onboard_log,1.99,16.4,19.12,36.24
622,2031-07-08,trim,A,onboard_log,2.3,19.9,18.78,43.03
623,2031-07-09,trim,A,onboard_log,1.23,10.4,18.92,22.97
624,2031-07-09,AMD,B,onboard_log,4.83,40.4,18.69,88.13
625,2031-07-09,trim,A,ground_model,0.64,5.4,18.91,2.63
626,2031-07-10,AMD,A,onboard_log,5.42,44.9,18.73,96.93
627,2031-07-10,AMD,B,onboard_log,4.87,39.7,18.81,87.06
628,2031-07-10,TCM,A,ground_model,103.85,871.7,18.72,422.32
629,2031-07-10,AMD,B,ground_model,5.69,47.3,18.84,22.87
630,2031-07-10,AMD,B,ground_model,10.37,82.7,18.53,41.69
631,2031-07-11,trim,B,onboard_log,1.64,13.5,18.8,28.91
632,2031-07-11,AMD,B,ground_model,11.97,97.4,18.64,49.0
633,2031-07-11,AMD,A,ground_model,18.48,153.1,18.68,74.66
634,2031-07-12,trim,A,onboard_log,3.59,29.3,18.71,64.03
635,2031-07-12,trim,B,onboard_log,2.99,24.6,18.67,51.99
636,2031-07-12,trim,A,ground_model,2.01,16.9,18.66,8.35
637,2031-07-13,AMD,A,ground_model,4.89,41.9,18.83,19.67
638,2031-07-13,trim,A,onboard_log,1.36,11.4,18.7,24.77
639,2031-07-13,trim,A,onboard_log,1.88,15.3,18.44,34.11
640,2031-07-13,AMD,A,onboard_log,5.53,46.2,18.79,99.29
641,2031-07-13,AMD,A,onboard_log,8.64,73.8,18.61,159.12
642,2031-07-14,AMD,A,ground_model,6.67,54.8,18.45,27.23
643,2031-07-14,AMD,B,ground_model,5.17,42.0,18.48,20.36
644,2031-07-14,trim,A,ground_model,1.36,11.5,18.54,5.55
645,2031-07-15,AMD,B,ground_model,8.9,72.7,18.76,34.9
646,2031-07-15,AMD,A,ground_model,10.16,84.9,18.66,40.97
647,2031-07-15,AMD,A,onboard_log,4.98,39.9,18.42,86.4
648,2031-07-15,AMD,A,ground_model,5.06,41.7,18.7,20.43
649,2031-07-16,trim,A,ground_model,3.28,26.3,18.59,12.84
650,2031-07-16,AMD,B,onboard_log,7.37,56.6,18.56,123.95
651,2031-07-17,AMD,A,ground_model,5.82,51.2,18.95,25.09
652,2031-07-17,AMD,A,ground_model,7.86,66.6,18.68,32.65
653,2031-07-17,AMD,A,ground_model,7.46,60.8,18.56,29.58
654,2031-07-17,AMD,A,onboard_log,6.57,51.5,18.45,114.95
655,2031-07-17,trim,B,ground_model,1.29,10.5,18.94,5.21
656,2031-07-17,AMD,A,onboard_log,2.94,24.0,18.71,53.66
657,2031-07-18,trim,B,onboard_log,1.48,11.8,18.49,25.95
658,2031-07-18,TCM,A,onboard_log,116.4,949.1,18.6,2028.85
659,2031-07-18,AMD,A,onboard_log,5.17,46.1,18.47,95.51
660,2031-07-18,trim,A,onboard_log,0.9,7.2,18.3,16.05
661,2031-07-18,trim,B,onboard_log,3.04,24.2,18.68,52.95
662,2031-07-18,AMD,B,onboard_log,8.64,70.1,18.73,153.14
663,2031-07-19,AMD,B,ground_model,3.71,30.7,18.72,14.84
664,2031-07-19,AMD,A,ground_model,5.35,40.1,18.47,20.51
665,2031-07-19,AMD,B,ground_model,10.67,83.9,18.44,41.62
666,2031-07-19,AMD,A,onboard_log,7.56,64.1,18.56,138.61
667,2031-07-20,AMD,B,ground_model,5.85,47.9,18.75,23.53
668,2031-07-20,AMD,A,onboard_log,12.88,109.0,18.48,233.68
669,2031-07-20,AMD,A,ground_model,12.04,101.5,18.54,48.84
670,2031-07-20,AMD,B,onboard_log,4.5,37.4,18.4,80.74
671,2031-07-21,trim,B,ground_model,1.19,9.7,18.62,4.77
672,2031-07-21,AMD,B,onboard_log,7.08,59.3,18.47,123.86
673,2031-07-21,AMD,B,ground_model,6.75,56.8,18.39,26.28
674,2031-07-21,AMD,A,ground_model,3.5,29.2,18.62,14.03
675,2031-07-21,AMD,A,onboard_log,7.94,67.2,18.7,144.32
676,2031-07-21,AMD,B,onboard_log,6.49,51.6,18.26,111.59
677,2031-07-22,trim,B,ground_model,1.37,11.1,18.34,5.39
678,2031-07-22,AMD,B,ground_model,9.89,75.7,18.45,38.61
679,2031-07-22,AMD,B,ground_model,7.74,63.5,18.39,30.82
680,2031-07-22,trim,B,ground_model,2.38,17.8,18.36,8.99
681,2031-07-22,TCM,A,onboard_log,368.67,3015.6,18.29,6600.99
682,2031-07-23,trim,B,onboard_log,2.01,16.1,18.07,34.96
683,2031-07-23,trim,B,ground_model,2.49,20.0,18.66,9.86
684,2031-07-23,trim,A,ground_model,0.74,6.1,18.41,2.98
685,2031-07-23,trim,A,ground_model,3.43,28.3,18.6,13.96
686,2031-07-23,AMD,A,onboard_log,8.0,66.0,18.35,143.4
687,2031-07-23,AMD,A,onboard_log,6.97,56.7,18.53,123.13
688,2031-07-23,AMD,B,ground_model,4.78,37.9,18.51,18.69
689,2031-07-23,AMD,B,onboard_log,13.92,109.2,18.49,236.73
690,2031-07-24,TCM,A,onboard_log,73.88,610.7,18.34,1312.98
691,2031-07-24,AMD,B,onboard_log,6.58,54.8,18.47,121.23
692,2031-07-24,AMD,A,onboard_log,6.44,54.4,18.21,116.93
693,2031-07-24,trim,A,onboard_log,2.21,18.1,18.24,39.04
694,2031-07-25,AMD,A,onboard_log,7.56,61.1,18.55,133.85
695,2031-07-25,trim,B,ground_model,1.32,10.3,18.58,5.1
696,2031-07-25,TCM,B,ground_model,378.47,2818.5,18.28,1425.03
697,2031-07-25,AMD,A,onboard_log,7.24,61.4,18.21,130.68
698,2031-07-26,trim,A,onboard_log,1.66,14.1,18.62,30.4
699,2031-07-26,AMD,A,ground_model,6.33,50.3,18.11,24.74
700,2031-07-26,TCM,B,onboard_log,188.52,1468.8,18.42,3209.12
701,2031-07-26,AMD,B,ground_model,3.69,31.1,18.6,14.74
702,2031-07-26,AMD,B,onboard_log,19.43,157.7,18.25,333.12
703,2031-07-27,AMD,A,onboard_log,4.15,33.2,18.31,73.08
704,2031-07-27,AMD,B,ground_model,10.32,78.7,18.22,39.1
705,2031-07-27,AMD,A,ground_model,7.76,65.3,18.45,31.44
706,2031-07-27,TCM,B,onboard_log,219.1,1809.2,18.14,3823.15
707,2031-07-27,TCM,B,onboard_log,27.89,218.0,18.17,482.63
708,2031-07-28,TCM,B,onboard_log,109.95,882.4,18.38,1938.62
709,2031-07-28,trim,A,onboard_log,3.08,24.8,18.43,54.05
710,2031-07-28,AMD,B,onboard_log,4.64,36.2,18.32,79.46
711,2031-07-28,trim,B,onboard_log,1.39,11.3,18.38,23.66
712,2031-07-28,AMD,A,onboard_log,9.87,79.6,18.09,172.04
713,2031-07-28,AMD,B,ground_model,6.32,50.4,18.14,24.57
714,2031-07-29,AMD,A,onboard_log,14.59,122.6,18.21,263.62
715,2031-07-29,trim,B,onboard_log,2.52,19.7,18.27,43.37
716,2031-07-29,AMD,B,ground_model,10.0,79.2,18.24,39.09
717,2031-07-29,AMD,B,ground_model,7.27,55.3,17.97,26.88
718,2031-07-29,TCM,B,onboard_log,111.96,934.4,18.03,1978.93
719,2031-07-30,trim,B,onboard_log,1.91,15.8,18.04,33.98
720,2031-07-30,trim,A,onboard_log,1.8,15.0,18.16,32.05
721,2031-07-30,trim,B,onboard_log,2.8,23.2,18.26,49.74
722,2031-07-30,AMD,A,onboard_log,4.64,39.0,18.07,84.36
723,2031-07-31,trim,A,onboard_log,2.76,23.8,18.31,50.64
724,2031-07-31,AMD,A,onboard_log,13.64,104.0,18.02,240.75
725,2031-07-31,AMD,A,onboard_log,7.18,58.4,18.12,125.83
726,2031-07-31,AMD,A,onboard_log,5.54,44.7,18.17,96.22
727,2031-07-31,AMD,A,ground_model,7.63,65.9,18.22,31.14
728,2031-07-31,AMD,A,ground_model,3.27,27.1,17.73,13.25
729,2031-08-01,AMD,B,ground_model,7.34,65.1,18.25,30.38
730,2031-08-01,AMD,B,ground_model,7.8,60.3,18.1,29.61
731,2031-08-01,AMD,A,onboard_log,4.68,38.1,18.2,81.9
732,2031-08-01,AMD,B,onboard_log,10.07,74.0,17.88,165.77
733,2031-08-01,AMD,A,onboard_log,9.81,81.4,18.12,171.84
734,2031-08-02,AMD,A,ground_model,7.93,63.4,18.04,31.77
735,2031-08-02,trim,A,onboard_log,0.96,8.1,18.12,17.51
736,2031-08-03,AMD,A,onboard_log,4.71,39.1,18.13,84.19
737,2031-08-03,TCM,B,onboard_log,171.71,1351.7,17.89,2962.92
738,2031-08-03,AMD,A,ground_model,8.04,63.9,17.89,31.56
739,2031-08-04,AMD,B,onboard_log,9.68,77.2,17.96,165.85
740,2031-08-04,AMD,B,ground_model,12.66,99.6,17.68,48.52
741,2031-08-04,AMD,A,ground_model,9.52,78.7,18.05,38.23
742,2031-08-04,trim,A,onboard_log,1.67,13.5,18.03,29.69
743,2031-08-04,trim,B,ground_model,4.78,37.7,17.67,17.94
744,2031-08-04,AMD,B,onboard_log,8.41,66.7,17.84,144.13
745,2031-08-04,TCM,B,onboard_log,58.2,485.9,18.12,1009.8
746,2031-08-05,AMD,B,onboard_log,10.5,83.1,17.97,182.44
747,2031-08-05,AMD,B,onboard_log,8.0,61.5,18.15,132.31
748,2031-08-05,trim,B,ground_model,3.18,25.1,18.02,12.44
749,2031-08-05,AMD,A,ground_model,5.24,43.7,18.14,21.63
750,2031-08-05,AMD,B,onboard_log,5.54,44.1,17.81,94.97
751,2031-08-06,AMD,A,onboard_log,4.87,40.9,17.84,87.73
752,2031-08-06,AMD,A,ground_model,10.3,85.0,17.93,41.14
753,2031-08-06,AMD,A,ground_model,5.09,40.8,17.66,20.25
754,2031-08-06,AMD,A,onboard_log,4.71,36.1,17.69,79.47
755,2031-08-07,AMD,B,ground_model,5.09,41.0,18.06,19.83
756,2031-08-07,AMD,A,onboard_log,6.15,50.3,18.18,109.15
757,2031-08-07,AMD,B,onboard_log,5.03,41.1,17.68,86.61
758,2031-08-07,AMD,A,ground_model,8.08,64.0,17.8,31.77
759,2031-08-07,AMD,A,onboard_log,8.46,69.6,17.79,150.14
760,2031-08-08,trim,B,onboard_log,1.49,11.8,17.82,25.66
761,2031-08-08,trim,B,onboard_log,1.65,13.4,17.88,28.73
762,2031-08-08,trim,A,onboard_log,1.47,11.8,17.91,25.34
763,2031-08-08,AMD,A,ground_model,5.17,41.5,17.48,20.36
764,2031-08-08,AMD,B,ground_model,8.47,65.8,17.75,32.17
765,2031-08-08,trim,A,onboard_log,2.03,16.4,17.79,35.16
766,2031-08-08,AMD,A,onboard_log,4.38,34.4,17.61,75.76
767,2031-08-09,trim,B,ground_model,1.4,10.1,17.66,5.13
768,2031-08-09,AMD,A,onboard_log,6.1,48.1,17.88,103.95
769,2031-08-09,trim,A,ground_model,0.87,7.1,17.9,3.46
770,2031-08-09,AMD,A,ground_model,4.26,35.9,17.98,17.34
771,2031-08-09,AMD,A,onboard_log,6.61,54.2,17.82,116.4
772,2031-08-10,AMD,A,onboard_log,4.05,31.5,17.79,70.01
773,2031-08-10,trim,A,onboard_log,1.36,10.6,17.84,23.67
774,2031-08-11,AMD,A,ground_model,11.09,89.6,17.66,43.1
775,2031-08-11,trim,B,ground_model,4.12,33.5,18.01,16.07
776,2031-08-11,trim,B,onboard_log,2.44,19.3,17.86,40.42
777,2031-08-11,AMD,A,onboard_log,9.12,72.8,17.77,155.18
778,2031-08-11,trim,B,ground_model,1.09,8.5,17.69,4.12
779,2031-08-11,trim,A,ground_model,2.85,22.7,17.97,10.82
780,2031-08-12,AMD,B,onboard_log,5.94,47.7,17.62,101.1
781,2031-08-12,AMD,B,ground_model,4.5,35.1,17.77,17.31
782,2031-08-12,AMD,A,onboard_log,8.95,72.6,17.96,155.67
783,2031-08-12,AMD,B,onboard_log,5.84,45.1,17.44,96.64
784,2031-08-14,AMD,B,onboard_log,8.23,61.6,17.61,136.25
785,2031-08-14,AMD,B,onboard_log,6.33,48.8,17.75,107.24
786,2031-08-15,AMD,A,onboard_log,8.05,65.9,17.79,142.56
787,2031-08-15,AMD,A,ground_model,8.37,63.4,17.7,31.38
788,2031-08-15,AMD,A,onboard_log,3.92,31.7,17.62,68.31
789,2031-08-15,AMD,B,ground_model,4.71,36.1,17.57,17.59
790,2031-08-15,AMD,A,ground_model,2.64,22.1,17.93,10.48
791,2031-08-15,AMD,A,onboard_log,8.04,64.5,17.75,141.28
792,2031-08-15,AMD,B,onboard_log,5.44,42.1,17.73,91.93
793,2031-08-16,AMD,A,onboard_log,5.27,41.7,17.74,92.41
794,2031-08-16,AMD,B,ground_model,6.01,47.0,17.67,23.36
795,2031-08-16,AMD,B,onboard_log,4.66,37.2,17.7,80.35
796,2031-08-16,AMD,B,ground_model,9.12,74.4,17.6,35.35
797,2031-08-17,trim,B,onboard_log,1.75,14.3,17.48,30.66
798,2031-08-17,AMD,B,ground_model,8.12,61.5,17.67,30.17
799,2031-08-17,AMD,A,onboard_log,8.4,66.3,17.64,142.01
800,2031-08-18,AMD,B,ground_model,10.3,81.8,17.3,39.61
801,2031-08-18,AMD,A,onboard_log,4.56,36.1,17.43,78.67
802,2031-08-18,trim,A,onboard_log,1.78,13.7,17.49,29.49
803,2031-08-19,trim,B,onboard_log,1.77,14.4,17.64,30.25
804,2031-08-19,trim,A,ground_model,0.92,7.3,17.35,3.47
805,2031-08-19,AMD,B,onboard_log,14.16,107.1,17.64,239.92
806,2031-08-19,trim,A,ground_model,1.69,13.0,17.55,6.46
807,2031-08-20,trim,B,onboard_log,1.49,10.4,17.43,23.25
808,2031-08-20,AMD,B,onboard_log,8.14,62.3,17.28,136.02
809,2031-08-20,trim,A,ground_model,1.23,9.7,17.57,4.76
810,2031-08-21,trim,A,onboard_log,1.11,9.1,17.25,18.7
811,2031-08-21,trim,B,ground_model,1.5,11.3,17.33,5.52
812,2031-08-22,AMD,A,ground_model,7.61,60.8,17.33,28.4
813,2031-08-22,AMD,B,onboard_log,6.37,49.2,17.6,107.7
814,2031-08-22,AMD,A,onboard_log,4.48,33.4,17.52,73.8
815,2031-08-23,AMD,A,onboard_log,7.36,57.8,17.52,124.82
816,2031-08-24,AMD,B,onboard_log,4.07,31.9,17.33,67.85
817,2031-08-24,AMD,B,ground_model,6.23,46.2,17.36,23.05
818,2031-08-24,AMD,A,ground_model,8.68,66.7,17.12,32.78
819,2031-08-25,AMD,B,onboard_log,4.85,36.6,17.44,79.93
820,2031-08-25,AMD,A,onboard_log,8.4,64.2,17.14,137.18
821,2031-08-25,AMD,B,onboard_log,9.0,67.1,17.18,146.54
822,2031-08-25,AMD,A,onboard_log,3.94,30.3,17.19,64.58
823,2031-08-27,TCM,A,ground_model,144.42,1168.7,17.29,551.98
824,2031-08-27,trim,B,onboard_log,1.94,15.2,17.3,32.84
825,2031-08-28,TCM,A,ground_model,125.79,976.0,17.37,465.76
826,2031-08-28,AMD,B,ground_model,11.2,87.2,16.97,41.13
827,2031-08-28,AMD,A,onboard_log,11.32,91.7,17.11,197.08
828,2031-08-28,TCM,B,onboard_log,295.71,2158.8,17.05,4688.62
829,2031-08-29,AMD,A,ground_model,5.13,39.1,17.0,19.35
830,2031-08-29,AMD,B,onboard_log,9.35,70.4,17.22,155.12
831,2031-08-29,trim,B,onboard_log,1.97,15.0,16.92,32.67
832,2031-08-29,trim,A,onboard_log,1.27,10.4,16.81,22.53
833,2031-08-29,trim,A,ground_model,2.51,19.2,17.25,9.41
834,2031-08-29,AMD,A,onboard_log,7.39,59.2,17.24,127.65
835,2031-08-30,AMD,B,ground_model,4.51,35.0,17.13,17.12
836,2031-08-30,TCM,B,onboard_log,110.26,833.3,16.91,1820.43
837,2031-08-31,trim,A,onboard_log,1.1,8.8,17.25,18.62
838,2031-08-31,trim,B,ground_model,1.4,11.1,17.22,5.37
839,2031-08-31,trim,A,onboard_log,1.56,12.4,17.11,26.64
840,2031-08-31,AMD,B,onboard_log,7.91,61.4,17.22,134.03
841,2031-08-31,trim,B,onboard_log,1.24,9.7,17.0,20.63
842,2031-08-31,AMD,A,ground_model,4.3,34.4,17.29,16.89
843,2031-09-01,AMD,A,ground_model,10.01,76.0,16.85,37.45
844,2031-09-01,AMD,B,onboard_log,11.69,85.5,16.85,189.58
845,2031-09-01,trim,B,onboard_log,1.4,10.3,17.08,22.57
846,2031-09-02,AMD,B,onboard_log,6.16,46.8,16.86,100.64
847,2031-09-02,AMD,A,ground_model,11.51,89.3,16.98,44.47
848,2031-09-02,TCM,B,ground_model,46.07,360.1,17.12,173.15
849,2031-09-02,AMD,A,onboard_log,5.82,44.0,16.82,94.22
850,2031-09-03,trim,A,ground_model,3.37,27.1,17.02,13.05
851,2031-09-03,trim,A,ground_model,1.67,13.2,17.08,6.31
852,2031-09-03,trim,A,onboard_log,2.15,16.9,16.9,36.28
853,2031-09-03,AMD,A,onboard_log,6.34,50.8,16.92,107.62
854,2031-09-04,AMD,B,ground_model,7.41,56.4,17.01,26.77
855,2031-09-04,AMD,B,ground_model,7.98,59.4,17.15,29.64
856,2031-09-05,trim,A,ground_model,1.67,12.3,16.93,6.06
857,2031-09-05,trim,B,onboard_log,2.09,16.1,16.77,34.57
858,2031-09-05,AMD,A,onboard_log,8.77,63.4,16.75,143.24
859,2031-09-05,trim,B,ground_model,1.23,9.5,16.85,4.6
860,2031-09-05,AMD,B,onboard_log,5.41,41.6,16.91,88.4
861,2031-09-05,AMD,B,ground_model,9.61,70.1,16.76,34.08
862,2031-09-05,AMD,B,ground_model,5.98,44.6,16.96,22.16
863,2031-09-06,trim,A,onboard_log,3.81,29.0,17.07,62.99
864,2031-09-07,trim,A,onboard_log,2.55,20.0,16.87,42.85
865,2031-09-07,trim,A,onboard_log,1.39,11.0,16.78,23.31
866,2031-09-07,AMD,B,ground_model,9.09,68.4,17.03,33.53
867,2031-09-07,trim,B,onboard_log,1.99,15.0,16.85,32.59
868,2031-09-07,AMD,B,onboard_log,9.65,73.3,16.89,160.11
869,2031-09-08,AMD,B,ground_model,6.45,46.4,16.67,22.95
870,2031-09-08,AMD,B,ground_model,7.56,58.7,16.85,28.23
871,2031-09-08,AMD,B,ground_model,7.95,61.5,16.84,28.57
872,2031-09-08,AMD,B,onboard_log,14.06,99.4,16.63,215.84
873,2031-09-09,AMD,A,onboard_log,5.55,43.0,16.89,90.97
874,2031-09-09,AMD,B,onboard_log,6.36,47.7,16.95,103.83
875,2031-09-10,AMD,B,onboard_log,6.3,47.2,16.66,100.8
876,2031-09-10,trim,A,ground_model,2.06,15.8,16.79,7.75
877,2031-09-10,AMD,A,ground_model,4.64,34.4,16.72,17.18
878,2031-09-11,AMD,A,ground_model,7.57,56.4,16.49,27.59
879,2031-09-11,AMD,A,ground_model,8.62,63.8,16.67,30.88
880,2031-09-11,AMD,B,onboard_log,5.76,44.7,16.75,95.96
881,2031-09-11,trim,B,ground_model,2.13,15.4,16.49,7.63
882,2031-09-11,AMD,B,onboard_log,7.81,55.4,16.82,121.23
883,2031-09-12,AMD,A,ground_model,5.46,39.7,16.71,19.66
884,2031-09-12,AMD,B,onboard_log,17.79,136.1,16.66,294.64
885,2031-09-12,AMD,B,ground_model,5.85,43.1,16.58,21.09
886,2031-09-12,AMD,B,onboard_log,8.53,67.3,16.81,142.49
887,2031-09-12,trim,B,onboard_log,1.46,10.9,16.5,23.24
888,2031-09-12,AMD,B,ground_model,3.49,24.1,16.5,12.06
889,2031-09-13,trim,B,ground_model,2.07,14.7,16.73,7.4
890,2031-09-13,trim,B,ground_model,1.03,7.6,16.75,3.77
891,2031-09-13,trim,B,onboard_log,4.0,29.1,16.65,64.58
892,2031-09-13,trim,B,onboard_log,2.9,21.4,16.66,46.61
893,2031-09-13,trim,B,ground_model,3.26,24.9,16.66,11.81
894,2031-09-14,AMD,A,onboard_log,8.07,63.9,16.88,137.24
895,2031-09-14,AMD,B,ground_model,4.51,33.0,16.43,16.23
896,2031-09-14,AMD,A,onboard_log,5.03,38.0,16.57,82.37
897,2031-09-15,AMD,A,ground_model,6.92,53.3,16.88,26.58
898,2031-09-16,AMD,B,onboard_log,4.13,29.3,16.74,66.01
899,2031-09-16,trim,B,onboard_log,1.6,11.6,16.52,25.31
900,2031-09-16,AMD,B,onboard_log,7.3,52.7,16.53,116.25
901,2031-09-16,trim,B,onboard_log,1.76,13.3,16.49,29.17
902,2031-09-16,AMD,A,onboard_log,5.5,42.1,16.56,91.79
903,2031-09-16,AMD,B,ground_model,4.85,36.2,16.72,17.45
904,2031-09-17,trim,A,onboard_log,1.06,7.6,16.53,17.0
905,2031-09-17,trim,B,ground_model,2.38,17.1,16.66,8.45
906,2031-09-17,AMD,A,onboard_log,7.41,54.1,16.32,120.49
907,2031-09-17,trim,A,ground_model,2.44,18.9,16.47,9.08
908,2031-09-18,AMD,A,onboard_log,5.67,42.3,16.18,92.73
909,2031-09-18,AMD,A,onboard_log,8.51,66.9,16.32,142.06
910,2031-09-18,trim,B,ground_model,2.7,20.4,16.52,9.83
911,2031-09-18,AMD,B,onboard_log,14.46,103.7,16.64,233.36
912,2031-09-19,trim,A,onboard_log,1.82,13.6,16.38,29.54
913,2031-09-19,trim,A,ground_model,0.72,5.4,16.46,2.66
914,2031-09-19,AMD,B,ground_model,8.01,57.7,16.54,28.07
915,2031-09-20,AMD,A,onboard_log,5.63,43.1,16.44,91.95
916,2031-09-20,AMD,A,ground_model,5.92,45.2,16.46,22.14
917,2031-09-20,AMD,B,onboard_log,7.26,51.9,16.31,112.64
918,2031-09-20,trim,B,onboard_log,1.32,9.8,16.47,20.58
919,2031-09-21,AMD,A,ground_model,11.81,88.7,16.42,43.19
920,2031-09-21,AMD,A,onboard_log,5.33,40.0,16.35,85.26
921,2031-09-21,TCM,B,onboard_log,41.03,301.7,16.41,672.83
922,2031-09-21,AMD,A,onboard_log,7.3,55.1,16.18,119.28
923,2031-09-21,AMD,A,onboard_log,8.41,64.5,16.44,142.01
924,2031-09-21,AMD,A,onboard_log,9.54,72.7,16.35,156.45
925,2031-09-21,AMD,B,ground_model,10.53,76.0,16.13,37.46
926,2031-09-21,AMD,B,ground_model,7.8,60.4,16.54,28.65
927,2031-09-22,AMD,B,ground_model,8.52,60.1,16.37,30.49
928,2031-09-22,AMD,B,onboard_log,7.95,59.2,16.22,126.9
929,2031-09-22,AMD,A,ground_model,6.92,50.6,16.24,24.33
930,2031-09-22,AMD,A,onboard_log,9.41,68.9,16.45,149.07
931,2031-09-22,AMD,A,onboard_log,8.32,63.7,16.27,136.37
932,2031-09-23,trim,B,onboard_log,2.92,20.2,16.04,43.81
933,2031-09-23,AMD,B,ground_model,6.66,48.7,16.17,23.64
934,2031-09-23,trim,A,ground_model,1.28,9.4,16.5,4.71
935,2031-09-23,AMD,A,ground_model,4.66,33.3,16.07,16.5
936,2031-09-24,AMD,B,onboard_log,10.53,78.0,16.43,162.97
937,2031-09-24,trim,A,onboard_log,3.21,24.5,16.22,52.99
938,2031-09-24,AMD,B,ground_model,5.67,42.8,16.3,20.32
939,2031-09-24,TCM,A,ground_model,68.89,539.0,16.54,259.61
940,2031-09-24,trim,A,onboard_log,1.68,12.7,16.25,27.78
941,2031-09-25,AMD,B,onboard_log,10.72,79.0,16.01,170.81
942,2031-09-25,AMD,A,onboard_log,8.62,65.1,16.27,139.41
943,2031-09-25,trim,A,onboard_log,2.21,16.4,16.27,35.5
944,2031-09-25,AMD,B,onboard_log,7.97,58.2,16.02,126.11
945,2031-09-25,AMD,A,ground_model,6.59,46.6,16.05,23.04
946,2031-09-25,AMD,B,onboard_log,7.35,51.0,15.93,112.72
947,2031-09-25,AMD,A,onboard_log,11.15,78.2,16.31,174.99
948,2031-09-26,AMD,A,ground_model,21.65,157.6,16.27,78.17
949,2031-09-26,trim,A,onboard_log,2.25,16.5,16.27,37.24
950,2031-09-26,TCM,A,onboard_log,133.61,997.6,16.28,2172.63
951,2031-09-26,TCM,B,ground_model,110.74,821.9,16.12,391.65
952,2031-09-27,trim,B,onboard_log,2.92,21.5,16.17,46.23
953,2031-09-27,AMD,A,ground_model,5.24,39.4,16.28,18.88
954,2031-09-28,AMD,B,onboard_log,8.93,67.0,16.18,139.26
955,2031-09-28,trim,B,ground_model,0.7,5.0,16.22,2.56
956,2031-09-28,TCM,B,onboard_log,313.41,2352.3,16.2,4906.79
957,2031-09-28,AMD,B,ground_model,10.22,72.8,16.12,35.28
958,2031-09-29,AMD,A,ground_model,6.02,43.8,16.02,21.36
959,2031-09-29,AMD,A,onboard_log,5.49,40.3,16.24,86.96
960,2031-09-30,AMD,B,onboard_log,7.0,50.9,16.07,109.97
961,2031-09-30,AMD,A,ground_model,9.77,74.8,16.14,35.21
962,2031-09-30,AMD,A,ground_model,9.55,68.6,16.02,34.03
963,2031-10-01,AMD,B,ground_model,6.1,42.5,16.11,20.84
964,2031-10-01,trim,B,onboard_log,1.62,11.7,16.11,24.71
965,2031-10-01,AMD,B,onboard_log,8.29,57.6,15.98,127.1
966,2031-10-02,trim,A,ground_model,1.95,14.2,15.95,6.91
967,2031-10-02,AMD,A,onboard_log,10.01,73.1,16.07,160.7
968,2031-10-02,AMD,A,onboard_log,5.5,41.0,16.32,90.45
969,2031-10-02,AMD,B,ground_model,7.24,54.0,15.97,25.98
970,2031-10-03,AMD,A,ground_model,6.84,49.5,15.93,24.43
971,2031-10-03,AMD,A,ground_model,9.36,69.5,16.17,33.82
972,2031-10-03,trim,A,onboard_log,1.49,11.5,15.91,24.4
973,2031-10-03,AMD,A,ground_model,8.25,60.1,16.17,29.35
974,2031-10-03,AMD,B,ground_model,5.88,40.4,16.16,20.08
975,2031-10-04,trim,B,onboard_log,2.41,17.6,15.94,37.73
976,2031-10-04,trim,A,ground_model,1.88,13.2,16.14,6.62
977,2031-10-04,AMD,B,ground_model,10.92,77.5,16.08,38.91
978,2031-10-04,AMD,A,onboard_log,6.92,52.2,16.01,110.11
979,2031-10-05,AMD,B,onboard_log,9.75,66.0,15.76,147.13
980,2031-10-05,AMD,A,ground_model,7.12,51.4,16.12,25.64
981,2031-10-05,AMD,A,ground_model,6.13,44.2,16.0,21.38
982,2031-10-05,AMD,A,ground_model,6.8,50.1,15.94,24.29
983,2031-10-05,AMD,B,onboard_log,7.23,49.1,15.93,109.38
984,2031-10-05,trim,B,ground_model,1.27,8.8,15.75,4.3
985,2031-10-05,trim,B,onboard_log,2.75,20.0,16.13,43.62
986,2031-10-06,trim,A,ground_model,1.4,10.4,15.86,4.87
987,2031-10-06,trim,A,onboard_log,2.95,22.3,16.06,47.78
988,2031-10-06,TCM,A,ground_model,279.54,2121.1,16.16,996.92
989,2031-10-07,AMD,A,ground_model,7.25,53.2,15.96,25.57
990,2031-10-07,AMD,A,onboard_log,7.77,58.7,16.08,124.21
991,2031-10-07,trim,A,ground_model,1.32,9.8,16.08,4.7
992,2031-10-08,trim,A,onboard_log,2.21,16.0,16.03,35.33
993,2031-10-08,trim,A,ground_model,4.21,31.4,15.81,14.86
994,2031-10-08,AMD,A,ground_model,5.91,42.7,15.9,20.97
995,2031-10-09,AMD,B,ground_model,7.18,49.9,15.72,24.35
996,2031-10-09,AMD,A,ground_model,7.36,54.3,15.77,25.9
997,2031-10-09,AMD,A,onboard_log,6.09,45.4,15.81,97.51
998,2031-10-09,AMD,A,onboard_log,9.14,62.0,15.5,140.83
999,2031-10-09,AMD,B,ground_model,7.71,54.5,16.08,26.53
1000,2031-10-09,AMD,B,onboard_log,17.2,121.9,15.79,266.18
1001,2031-10-09,AMD,B,ground_model,5.9,41.0,15.91,20.27
1002,2031-10-10,trim,B,onboard_log,1.15,8.3,16.02,18.0
1003,2031-10-10,AMD,B,ground_model,5.47,40.2,15.72,18.94
1004,2031-10-10,AMD,A,ground_model,13.69,100.7,16.11,49.36
1005,2031-10-11,AMD,B,ground_model,11.19,77.5,15.56,37.56
1006,2031-10-11,AMD,A,onboard_log,5.25,36.8,15.78,81.3
1007,2031-10-11,AMD,B,ground_model,7.99,57.1,15.82,28.07
1008,2031-10-11,AMD,B,ground_model,8.45,62.1,16.02,28.96
1009,2031-10-11,AMD,B,ground_model,13.52,96.9,15.68,47.64
1010,2031-10-11,AMD,A,ground_model,9.81,72.6,15.76,35.79
1011,2031-10-11,trim,A,onboard_log,2.42,17.7,15.63,38.88
1012,2031-10-13,AMD,A,ground_model,9.36,67.2,15.62,33.48
1013,2031-10-13,AMD,B,ground_model,9.39,64.4,15.58,32.07
1014,2031-10-13,AMD,B,onboard_log,3.86,27.8,15.7,58.88
1015,2031-10-13,AMD,A,ground_model,7.67,57.2,15.92,27.73
1016,2031-10-14,AMD,A,ground_model,8.75,63.8,15.6,30.85
1017,2031-10-15,AMD,B,ground_model,10.54,74.5,15.75,37.0
1018,2031-10-15,TCM,A,onboard_log,102.29,757.4,15.69,1616.1
1019,2031-10-15,AMD,B,ground_model,5.45,37.7,15.51,18.7
1020,2031-10-16,AMD,B,onboard_log,4.09,27.5,15.44,61.24
1021,2031-10-16,trim,A,onboard_log,1.67,12.4,15.76,26.8
1022,2031-10-17,AMD,A,ground_model,10.54,79.6,15.59,37.45
1023,2031-10-17,trim,B,ground_model,2.14,14.8,15.37,7.4
1024,2031-10-17,AMD,B,ground_model,6.41,47.0,15.73,22.15
1025,2031-10-17,AMD,A,ground_model,5.46,39.7,15.8,19.75
1026,2031-10-18,trim,B,onboard_log,1.9,13.6,15.38,29.27
1027,2031-10-18,trim,B,ground_model,1.22,8.4,15.51,4.12
1028,2031-10-18,AMD,A,onboard_log,10.71,75.2,15.39,166.43
1029,2031-10-19,trim,A,ground_model,2.75,20.4,15.59,9.98
1030,2031-10-19,AMD,A,ground_model,6.23,46.0,15.27,21.96
1031,2031-10-19,trim,B,onboard_log,1.73,11.6,15.32,25.93
1032,2031-10-20,AMD,A,onboard_log,15.77,117.5,15.4,250.44
1033,2031-10-20,trim,A,onboard_log,1.31,9.8,15.6,20.87
1034,2031-10-20,AMD,A,ground_model,8.18,56.6,15.47,28.65
1035,2031-10-20,TCM,A,ground_model,137.26,1010.9,15.71,485.6
1036,2031-10-20,AMD,A,onboard_log,6.51,48.0,15.42,100.25
1037,2031-10-20,AMD,B,onboard_log,6.56,47.7,15.72,100.2
1038,2031-10-21,AMD,B,onboard_log,14.89,104.3,15.26,223.46
1039,2031-10-21,AMD,A,ground_model,11.44,85.0,15.41,40.52
1040,2031-10-21,trim,A,ground_model,3.08,21.5,15.54,10.71
1041,2031-10-22,trim,A,onboard_log,2.07,15.0,15.35,32.22
1042,2031-10-22,AMD,A,onboard_log,7.4,53.2,15.35,117.03
1043,2031-10-22,TCM,B,ground_model,140.99,992.7,15.46,476.92
1044,2031-10-22,TCM,B,onboard_log,310.1,2196.1,15.47,4770.71
1045,2031-10-23,AMD,B,onboard_log,9.57,70.2,15.72,147.35
1046,2031-10-23,AMD,A,onboard_log,5.99,45.3,15.47,96.64
1047,2031-10-23,trim,B,onboard_log,2.79,19.1,15.49,41.34
1048,2031-10-24,AMD,B,onboard_log,4.48,31.2,15.44,68.04
1049,2031-10-24,AMD,A,onboard_log,11.49,83.7,15.45,183.27
1050,2031-10-24,AMD,B,ground_model,5.14,35.8,15.56,17.55
1051,2031-10-24,trim,B,onboard_log,1.18,8.2,15.59,17.31
1052,2031-10-24,AMD,B,onboard_log,8.21,59.7,15.21,125.8
1053,2031-10-24,AMD,B,ground_model,6.51,48.5,15.56,23.31
1054,2031-10-24,AMD,B,onboard_log,7.09,50.4,15.51,111.0
1055,2031-10-24,AMD,A,ground_model,8.2,58.6,15.14,28.9
1056,2031-10-24,AMD,A,onboard_log,6.76,49.4,15.46,104.65
1057,2031-10-25,TCM,A,onboard_log,239.73,1740.6,15.56,3768.22
1058,2031-10-25,AMD,B,onboard_log,7.14,50.3,15.21,110.8
1059,2031-10-25,AMD,B,onboard_log,6.2,43.1,15.37,93.61
1060,2031-10-25,AMD,A,onboard_log,10.05,73.3,15.04,157.04
1061,2031-10-26,AMD,B,ground_model,8.82,61.7,15.17,30.14
1062,2031-10-27,AMD,A,onboard_log,2.74,19.8,15.24,42.58
1063,2031-10-27,AMD,A,onboard_log,9.89,71.2,15.23,151.79
1064,2031-10-27,TCM,A,onboard_log,151.13,1079.3,15.25,2371.98
1065,2031-10-27,AMD,A,onboard_log,8.3,61.9,15.18,127.22
1066,2031-10-27,AMD,B,onboard_log,6.8,47.9,15.1,100.05
1067,2031-10-28,trim,B,onboard_log,3.16,22.7,15.36,48.74
1068,2031-10-28,AMD,A,onboard_log,9.86,67.8,15.0,150.82
1069,2031-10-28,AMD,B,onboard_log,5.75,41.6,15.3,87.85
1070,2031-10-28,TCM,A,ground_model,38.39,271.2,15.21,132.77
1071,2031-10-28,trim,B,onboard_log,3.28,23.0,15.28,48.47
1072,2031-10-29,trim,A,ground_model,2.25,15.7,15.14,7.69
1073,2031-10-29,AMD,B,onboard_log,7.47,52.2,15.32,113.81
1074,2031-10-29,AMD,B,ground_model,5.44,36.9,15.39,18.08
1075,2031-10-29,trim,A,onboard_log,1.57,11.0,15.34,23.94
1076,2031-10-30,AMD,A,onboard_log,7.73,54.6,15.3,119.35
1077,2031-10-30,AMD,B,ground_model,6.32,44.9,15.42,21.77
1078,2031-10-30,trim,A,ground_model,2.9,19.9,15.21,10.13
1079,2031-10-30,trim,B,onboard_log,1.7,12.3,15.16,25.68
1080,2031-10-30,AMD,B,onboard_log,8.49,55.0,14.83,119.71
1081,2031-10-30,AMD,B,onboard_log,10.24,70.3,15.05,152.8
1082,2031-10-30,trim,A,onboard_log,2.01,14.3,15.66,31.46
1083,2031-10-31,AMD,A,onboard_log,14.47,96.1,14.96,212.31
1084,2031-10-31,AMD,B,onboard_log,9.15,60.3,14.88,133.85
1085,2031-10-31,TCM,A,ground_model,209.86,1396.6,14.98,687.82
1086,2031-10-31,AMD,B,onboard_log,9.69,65.5,14.88,141.09
1087,2031-10-31,trim,A,onboard_log,2.09,14.8,15.03,32.43
1088,2031-11-01,trim,A,onboard_log,1.36,9.6,15.12,20.68
1089,2031-11-01,AMD,B,onboard_log,7.33,50.5,14.88,106.05
1090,2031-11-01,AMD,B,onboard_log,10.06,70.9,14.93,154.91
1091,2031-11-02,trim,A,ground_model,2.48,17.3,14.89,8.38
1092,2031-11-02,TCM,B,ground_model,48.26,325.6,15.05,158.52
1093,2031-11-02,AMD,B,ground_model,6.08,42.3,15.1,20.06
1094,2031-11-03,TCM,A,ground_model,369.82,2601.1,15.0,1262.37
1095,2031-11-03,trim,A,onboard_log,3.46,24.2,14.88,50.89
1096,2031-11-04,trim,A,ground_model,2.35,16.1,15.26,8.09
1097,2031-11-04,AMD,B,ground_model,5.97,40.4,14.86,20.15
1098,2031-11-04,AMD,A,ground_model,11.49,77.7,14.86,38.38
1099,2031-11-04,trim,B,onboard_log,2.73,18.6,14.78,39.82
1100,2031-11-05,trim,A,onboard_log,3.04,21.5,14.88,45.86
1101,2031-11-05,AMD,A,onboard_log,8.63,61.8,14.85,131.75
1102,2031-11-06,AMD,A,ground_model,8.63,59.5,14.97,29.24
1103,2031-11-06,AMD,A,onboard_log,10.74,76.1,14.8,165.01
1104,2031-11-06,AMD,A,ground_model,11.85,84.6,14.71,41.52
1105,2031-11-06,AMD,B,ground_model,8.46,59.5,14.99,28.27
1106,2031-11-07,AMD,B,ground_model,4.73,32.9,14.92,15.83
1107,2031-11-07,AMD,A,ground_model,7.26,50.6,14.91,25.3
1108,2031-11-07,AMD,A,ground_model,11.69,81.0,14.78,39.11
1109,2031-11-07,AMD,A,onboard_log,7.27,51.1,14.93,109.9
1110,2031-11-08,TCM,B,onboard_log,29.33,204.2,14.92,443.89
1111,2031-11-08,trim,B,onboard_log,1.32,9.1,14.67,19.47
1112,2031-11-09,trim,A,onboard_log,1.93,13.5,14.8,29.47
1113,2031-11-09,AMD,A,onboard_log,11.12,75.2,14.81,164.76
1114,2031-11-09,AMD,A,ground_model,8.08,60.1,15.1,28.38
1115,2031-11-09,AMD,B,onboard_log,11.26,76.2,15.07,167.82
1116,2031-11-09,AMD,B,onboard_log,6.06,39.9,14.69,87.23
1117,2031-11-10,AMD,B,onboard_log,7.38,48.2,14.99,105.07
1118,2031-11-10,AMD,B,ground_model,6.17,39.7,14.8,19.89
1119,2031-11-10,AMD,B,ground_model,22.53,144.3,14.68,73.16
1120,2031-11-10,trim,A,onboard_log,1.33,9.3,14.7,19.87
1121,2031-11-11,AMD,A,ground_model,6.45,46.2,14.53,21.38
1122,2031-11-11,trim,B,onboard_log,2.56,17.9,14.97,38.8
1123,2031-11-12,trim,A,onboard_log,2.44,16.4,14.48,36.76
1124,2031-11-12,trim,A,ground_model,1.56,10.5,14.7,5.07
1125,2031-11-12,AMD,A,ground_model,12.93,86.9,14.5,41.78
1126,2031-11-13,trim,B,ground_model,0.71,4.8,14.55,2.29
1127,2031-11-13,AMD,A,onboard_log,7.92,53.4,15.16,117.24
1128,2031-11-13,AMD,B,onboard_log,9.37,58.8,14.58,127.16
1129,2031-11-13,trim,B,onboard_log,3.02,20.2,14.69,43.94
1130,2031-11-13,TCM,B,ground_model,46.22,307.8,14.59,148.37
1131,2031-11-13,TCM,B,onboard_log,115.23,784.5,14.87,1737.21
1132,2031-11-13,AMD,A,ground_model,6.57,46.9,14.7,21.98
1133,2031-11-13,trim,B,ground_model,3.73,23.3,14.47,11.57
1134,2031-11-14,trim,B,ground_model,1.66,11.3,14.59,5.45
1135,2031-11-14,AMD,A,ground_model,5.19,36.1,14.67,17.58
1136,2031-11-14,AMD,A,ground_model,6.46,45.5,14.8,21.73
1137,2031-11-15,trim,A,onboard_log,3.61,23.8,14.61,51.34
1138,2031-11-15,AMD,A,onboard_log,22.85,146.0,14.51,324.59
1139,2031-11-15,TCM,A,onboard_log,85.61,596.8,14.67,1318.28
1140,2031-11-16,AMD,A,onboard_log,10.05,71.3,14.61,153.53
1141,2031-11-16,AMD,A,ground_model,6.58,45.7,14.68,21.78
1142,2031-11-16,trim,B,ground_model,2.39,15.8,14.33,7.63
1143,2031-11-16,AMD,A,onboard_log,15.09,104.4,14.58,223.95
1144,2031-11-16,AMD,B,onboard_log,9.12,61.8,14.39,131.45
1145,2031-11-16,AMD,A,onboard_log,16.21,114.1,14.4,237.26
1146,2031-11-17,trim,A,onboard_log,1.72,11.3,14.38,24.48
1147,2031-11-17,AMD,A,onboard_log,9.96,66.0,14.58,148.85
1148,2031-11-17,trim,A,ground_model,1.21,8.4,14.64,3.98
1149,2031-11-17,AMD,A,ground_model,12.08,79.6,14.29,39.32
1150,2031-11-17,AMD,B,ground_model,9.65,64.9,14.78,31.44
