customer_id,age,region,items_in_cart,order_value,is_returning_customer
1001,41,South,3,107.07,1
1002,27,West,3,88.61,0
1003,46,South,4,101.23,1
1004,48,East,5,27.09,1
1005,18,East,6,88.98,1
1006,24,North,2,177.86,1
1007,39,South,3,77.5,0
1008,35,South,7,48.18,0
1009,38,South,4,51.54,0
1010,29,South,2,169.93,0
1011,48,East,7,7.08,0
1012,47,North,4,297.58,1
1013,39,North,7,13.42,1
1014,50,West,7,62.02,0
1015,43,South,7,31.72,0
1016,29,East,5,106.19,0
1017,42,East,6,117.86,1
1018,27,East,7,85.04,0
1019,48,South,2,68.75,1
1020,37,South,1,17.05,1
1021,36,West,3,57.44,0
1022,31,West,5,67.21,1
1023,51,South,4,32.0,1
1024,36,East,1,93.51,1
1025,33,West,4,85.34,0
1026,34,North,2,60.35,1
1027,44,West,4,74.93,1
1028,42,South,5,59.53,1
1029,43,West,5,17.53,1
1030,43,East,3,103.48,0
1031,62,West,3,5.59,1
1032,34,North,5,90.75,1
1033,32,North,6,26.21,0
1034,29,West,6,95.29,1
1035,45,East,3,97.45,1
1036,50,East,3,97.61,1
1037,37,North,3,126.18,0
1038,29,North,4,160.33,0
1039,29,West,1,55.54,1
1040,45,South,4,124.31,1
1041,46,East,2,54.57,1
1042,44,South,4,93.19,1
1043,31,South,6,136.22,1
1044,41,North,7,40.72,1
1045,150,West,4,8.1,0
1046,40,West,1,37.78,0
1047,48,North,2,148.84,0
1048,40,South,1,34.16,1
1049,45,East,6,143.74,0
1050,39,South,7,37.93,0
1051,130,East,4,64.98,1
1052,45,South,2,75.13,0
1053,22,North,1,34.03,0
1054,34,South,7,65.49,1
1055,33,East,3,20.44,0
1056,31,North,1,59.15,1
1057,35,West,2,70.99,1
1058,54,North,2,8.57,0
1059,28,North,5,37.53,1
1060,49,East,7,91.34,1
1061,19,East,2,30.95,1
1062,34,South,5,101.32,1
1063,40,South,1,107.76,1
1064,44,North,1,91.08,1
1065,46,East,1,123.37,1
1066,47,South,7,19.25,0
1067,34,North,5,140.03,1
1068,33,South,6,34.47,1
1069,47,West,1,81.05,1
1070,36,South,1,211.26,0
1071,24,West,6,58.25,0
1072,26,South,1,76.42,1
1073,28,North,2,34.64,1
1074,43,South,4,209.99,1
1075,40,South,5,37.6,0
1076,46,North,2,113.79,0
1077,33,East,4,160.15,1
1078,40,South,5,120.7,0
1079,45,East,4,94.78,1
1080,35,South,3,80.22,0
1081,43,South,1,27.16,0
1082,31,South,4,204.34,0
1083,34,North,6,89.76,1
1084,34,East,5,76.46,1
1085,25,North,7,32.3,1
1086,43,East,1,78.99,1
1087,33,West,1,73.23,0
1088,38,West,4,211.25,1
1089,43,South,2,76.42,0
1090,43,South,5,78.13,0
1091,45,West,7,32.62,1
1092,37,South,3,43.52,0
1093,33,South,4,105.34,1
1094,37,West,5,16.01,1
1095,19,West,2,139.57,1
1096,22,West,7,141.91,1
1097,23,North,2,40.1,1
1098,27,West,6,95.01,0
1099,42,North,5,163.37,0
1100,28,East,1,69.22,0
1101,34,West,6,60.55,1
1102,52,East,2,65.89,1
1103,34,West,5,89.62,0
1104,46,South,7,47.86,1
1105,28,South,7,56.95,1
1106,36,South,7,90.8,1
1107,28,South,4,53.64,1
1108,34,East,4,30.34,1
1109,47,South,3,14.67,1
1110,19,East,7,77.44,1
1111,43,South,4,157.16,0
1112,41,South,6,98.11,1
1113,31,North,3,31.31,0
1114,22,East,6,43.28,1
1115,39,West,2,60.24,0
1116,32,West,6,215.34,0
1117,41,South,1,222.41,0
1118,38,South,1,206.81,1
1119,56,East,3,82.79,0
1120,35,East,4,385.79,0
1121,27,North,5,44.92,1
1122,40,East,3,58.68,1
1123,40,North,1,132.94,1
1124,53,North,3,91.11,1
1125,47,East,4,94.53,1
1126,42,North,4,35.66,0
1127,54,South,5,72.86,0
1128,25,East,2,45.42,1
1129,31,East,5,25.57,0
1130,28,South,5,49.52,1
1131,34,North,6,91.13,1
1132,23,West,4,119.6,1
1133,45,West,6,14.16,1
1134,36,West,2,75.2,1
1135,22,East,5,70.63,1
1136,27,South,1,88.06,1
1137,41,West,1,31.79,0
1138,47,South,7,32.3,0
1139,60,North,4,159.75,1
1140,70,West,5,40.5,0
1141,43,South,5,56.68,1
1142,27,West,5,60.88,0
1143,18,South,2,46.07,1
1144,200,West,2,103.28,1
1145,29,East,1,97.73,1
1146,33,South,7,68.49,1
1147,31,South,2,48.08,0
1148,36,West,5,64.8,1
1149,50,North,4,79.49,0
1150,40,South,2,43.32,1
1151,36,South,3,108.21,1
1152,27,East,1,138.93,1
1153,20,South,2,176.51,1
1154,33,East,1,169.99,1
1155,37,South,6,60.61,0
1156,57,North,4,82.14,1
1157,39,North,7,67.59,1
1158,49,East,4,67.42,1
1159,33,South,2,64.49,1
1160,25,South,5,76.14,0
1161,27,East,7,153.1,0
1162,30,South,4,92.93,0
1163,61,South,1,30.65,0
1164,29,North,3,135.32,1
1165,47,South,7,87.27,1
1166,28,East,4,104.03,1
1167,48,East,7,91.74,1
1168,42,West,4,94.48,1
1169,36,West,1,97.32,1
1170,38,North,7,17.19,0
1171,31,South,6,103.19,1
1172,43,South,6,44.74,0
1173,33,East,7,53.53,1
1174,25,South,2,75.73,1
1175,24,West,7,193.35,1
1176,40,South,2,35.03,1
1177,55,East,7,74.01,0
1178,40,North,2,63.4,1
1179,37,West,4,134.12,1
1180,41,West,6,62.18,1
1181,52,West,1,87.92,1
1182,40,South,1,35.11,1
1183,33,North,6,148.17,1
1184,50,East,1,23.75,1
1185,43,South,5,102.3,1
1186,55,West,7,88.28,1
1187,40,East,5,96.8,1
1188,25,East,4,24.05,1
1189,23,West,3,61.29,0
1190,56,West,5,130.11,1
1191,57,South,5,210.93,0
1192,36,North,4,70.32,0
1193,34,North,2,122.6,1
1194,54,South,5,82.77,0
1195,26,East,6,72.82,0
1196,28,North,5,56.42,0
1197,45,North,1,75.99,1
1198,34,East,5,115.86,1
1199,38,West,6,121.85,1
1200,36,North,2,28.35,0
1201,42,East,6,52.85,1
1202,53,North,4,33.73,1
1203,39,East,4,78.55,1
1204,45,West,6,59.77,1
1205,18,West,4,94.73,0
1206,37,East,4,98.97,1
1207,29,East,3,9.84,1
1208,25,West,7,75.59,1
1209,28,East,7,154.95,1
1210,34,South,1,52.87,1
1211,48,West,6,51.76,1
1212,23,East,1,138.83,0
1213,38,West,3,125.37,1
1214,33,East,7,36.51,1
1215,34,West,2,117.82,0
1216,49,North,3,42.95,1
1217,44,North,2,51.37,0
1218,53,North,6,36.49,1
1219,36,East,4,28.16,0
1220,30,East,5,81.62,1
1221,36,North,7,24.71,0
1222,41,North,4,83.82,1
1223,40,West,6,82.1,1
1224,26,West,1,68.19,0
1225,39,East,2,54.66,1
1226,41,South,7,47.24,1
1227,66,South,7,32.93,1
1228,59,North,5,177.31,0
1229,29,North,3,66.14,1
1230,35,West,2,64.62,0
1231,22,South,6,37.86,0
1232,32,East,6,166.11,1
1233,41,East,2,49.45,1
1234,51,South,5,89.1,1
1235,30,North,5,100.37,0
1236,31,East,4,81.66,1
1237,18,North,7,24.2,1
1238,36,South,1,114.71,1
1239,26,West,2,49.08,1
1240,32,East,1,124.6,0
1241,28,West,5,72.43,0
1242,37,North,5,104.27,1
1243,19,North,7,159.5,1
1244,22,South,4,112.07,0
1245,61,South,2,105.88,0
1246,150,North,4,117.97,0
1247,26,West,1,41.82,1
1248,58,North,5,127.88,0
1249,70,East,5,62.68,1
1250,25,East,7,64.11,1
1251,34,East,3,79.98,0
1252,42,North,3,58.7,1
1253,57,South,1,35.45,1
1254,27,East,3,75.99,1
1255,35,South,4,64.32,0
1256,47,East,6,62.75,1
1257,43,North,6,70.87,0
1258,34,North,1,10.97,1
1259,37,East,2,63.07,1
1260,23,East,4,171.61,0
1261,35,North,3,163.46,0
1262,35,West,1,77.77,1
1263,41,North,6,76.03,0
1264,32,West,6,8.11,0
1265,43,East,4,51.15,1
1266,49,West,3,117.23,0
1267,40,West,6,57.71,0
1268,42,South,1,142.25,1
1269,39,West,4,137.03,0
1270,38,North,6,50.43,1
1271,30,South,7,81.68,1
1272,41,North,2,179.84,1
1273,37,South,5,23.73,0
1274,61,West,2,58.62,1
1275,55,South,1,21.67,0
1276,42,North,3,39.57,1
1277,30,South,7,211.68,0
1278,26,West,5,58.6,1
1279,51,East,4,13.89,0
1280,41,East,2,35.17,0
1281,43,South,1,19.66,1
1282,19,South,2,83.75,0
1283,48,East,2,99.44,0
1284,43,East,2,128.94,1
1285,26,West,5,113.33,1
1286,33,East,1,24.73,0
1287,41,West,1,96.26,1
1288,39,West,4,68.8,1
1289,35,North,3,140.48,1
1290,37,South,4,121.41,1
1291,35,South,1,228.31,1
1292,40,North,2,37.41,1
1293,54,North,4,33.33,1
1294,18,West,5,53.44,1
1295,35,South,3,70.68,0
1296,40,North,4,46.13,0
1297,41,South,4,38.95,0
1298,34,South,2,92.22,1
1299,19,North,2,53.32,1
1300,42,North,3,44.69,1
1301,57,West,1,24.69,1
1302,21,West,5,8.95,1
1303,48,South,5,166.62,0
1304,34,East,3,163.65,1
1305,37,West,3,123.72,1
1306,26,West,3,106.16,0
1307,34,North,5,49.84,1
1308,52,West,6,108.9,0
1309,44,North,1,31.45,1
1310,57,North,3,80.38,1
1311,51,South,1,41.89,0
1312,43,East,4,109.19,0
1313,57,North,2,187.17,0
1314,43,South,3,35.06,0
1315,47,South,4,51.64,1
1316,35,South,3,79.39,0
1317,39,West,3,15.63,0
1318,30,South,6,20.53,1
1319,49,North,6,183.89,1
1320,25,North,1,92.48,1
1321,47,North,3,47.84,1
1322,36,North,6,73.87,0
1323,51,East,4,53.6,1
1324,46,South,2,80.96,0
1325,58,South,5,55.05,1
1326,46,West,2,70.04,1
1327,21,East,1,115.31,1
1328,37,North,5,110.71,1
1329,25,South,4,177.69,1
1330,32,South,6,96.72,0
1331,55,West,3,77.04,1
1332,45,South,6,193.66,1
1333,30,North,3,65.15,1
1334,27,East,6,9.97,1
1335,38,South,1,124.67,0
1336,25,North,1,89.48,1
1337,31,East,6,74.64,0
1338,41,North,6,126.71,0
1339,51,West,7,55.39,0
1340,45,West,3,10.53,1
1341,18,South,1,128.26,0
1342,41,East,7,46.61,0
1343,39,East,5,36.18,0
1344,43,East,2,11.16,1
1345,56,North,6,121.68,1
1346,18,South,7,6.38,0
1347,31,North,2,158.74,0
1348,44,East,6,59.3,1
1349,21,North,6,125.29,0
1350,54,East,4,98.61,1
1351,42,East,5,215.22,1
1352,47,West,2,96.9,1
1353,32,South,7,155.18,0
1354,47,North,7,50.46,1
1355,50,East,7,20.45,0
1356,41,North,6,137.39,1
1357,41,North,1,19.9,1
1358,41,West,3,120.85,1
1359,29,West,4,32.85,1
1360,36,East,7,90.62,0
1361,36,West,4,217.63,1
1362,42,North,4,115.03,1
1363,49,North,2,65.34,0
1364,26,South,6,100.08,1
1365,37,North,3,51.81,1
1366,54,West,1,267.93,1
1367,30,North,7,44.02,1
1368,29,East,2,70.35,1
1369,40,West,1,108.65,1
1370,47,East,1,95.49,0
1371,38,North,4,102.47,0
1372,53,South,1,52.59,0
1373,47,East,6,63.49,1
1374,47,West,4,133.51,1
1375,44,South,3,129.48,1
1376,64,South,1,96.96,0
1377,36,West,4,166.94,0
1378,18,West,2,136.79,1
1379,56,South,7,127.07,0
1380,33,North,3,19.55,0
1381,39,East,4,96.21,1
1382,52,West,1,85.34,0
1383,20,West,1,179.9,0
1384,24,South,2,3.27,1
1385,20,North,1,67.66,1
1386,29,East,6,80.79,0
1387,43,West,7,32.5,1
1388,44,West,7,37.76,1
1389,41,North,2,180.25,1
1390,151,South,6,102.23,1
1391,18,South,4,217.93,1
1392,39,North,1,66.81,1
1393,33,West,1,23.92,1
1394,43,North,4,60.34,1
1395,46,East,3,53.22,0
1396,40,West,1,117.55,0
1397,46,East,7,114.61,1
1398,41,West,6,105.46,0
1399,44,South,4,258.47,1
1400,30,West,7,161.11,1
1401,36,South,7,39.86,1
1402,40,North,7,139.55,0
1403,47,South,2,77.29,1
1404,34,South,7,65.55,1
1405,44,East,4,173.35,0
1406,35,South,6,37.9,0
1407,37,South,7,133.88,0
1408,47,South,2,121.09,0
1409,18,South,4,37.34,0
1410,24,East,1,18.93,1
1411,22,South,2,71.61,1
1412,18,West,3,149.47,0
1413,31,South,6,95.97,0
1414,46,West,7,176.72,0
1415,35,South,3,91.78,1
1416,40,North,3,183.86,0
1417,50,North,4,49.19,1
1418,53,West,7,105.25,0
1419,37,West,7,57.24,0
1420,53,North,2,70.1,1
1421,39,East,2,80.6,0
1422,29,East,5,95.77,0
1423,31,North,3,44.29,0
1424,22,South,2,102.07,1
1425,28,East,1,77.93,1
1426,34,West,3,25.13,1
1427,47,West,3,16.36,1
1428,57,North,4,149.81,0
1429,23,North,2,67.75,1
1430,42,South,6,22.81,0
1431,27,North,5,202.04,1
1432,43,East,4,108.71,1
1433,37,North,2,94.13,0
1434,18,North,4,41.31,1
1435,48,North,5,24.81,0
1436,31,South,3,85.42,1
1437,32,West,2,74.67,0
1438,26,North,4,32.94,1
1439,31,West,3,31.99,1
1440,43,South,3,30.67,0
1441,36,North,3,29.8,1
1442,42,South,3,47.99,1
1443,42,East,6,94.15,1
1444,53,North,4,104.54,0
1445,34,North,4,73.63,1
1446,22,West,5,82.86,1
1447,50,East,3,107.72,1
1448,34,South,1,12.46,0
1449,50,West,6,87.19,0
1450,42,West,1,165.5,1
1451,37,South,5,66.54,0
1452,42,East,2,146.1,1
1453,59,North,2,67.39,1
1454,61,South,1,112.29,0
1455,39,East,7,92.92,0
1456,40,North,4,30.26,1
1457,50,West,3,36.37,0
1458,29,West,6,183.85,1
1459,42,South,1,127.86,1
1460,38,South,4,70.55,1
1461,41,North,4,64.28,0
1462,29,East,4,41.52,1
1463,21,North,1,98.09,1
1464,18,South,7,44.3,0
1465,26,East,2,58.52,1
1466,33,East,5,47.85,1
1467,35,East,6,122.93,1
1468,59,North,3,68.57,1
1469,50,West,1,83.27,0
1470,27,East,3,30.77,0
1471,42,West,6,47.6,0
1472,34,South,7,84.49,0
1473,35,West,7,19.93,1
1474,40,South,2,65.06,0
1475,999,West,5,75.17,1
1476,34,North,2,27.62,0
1477,50,North,5,142.14,0
1478,25,East,3,95.08,1
1479,38,East,5,68.22,0
1480,67,East,5,45.07,1
1481,40,South,7,19.23,1
1482,54,West,4,135.51,1
1483,39,South,3,54.7,0
1484,44,East,4,23.92,1
1485,37,West,2,44.11,0
1486,36,East,1,101.62,1
1487,29,East,4,88.8,1
1488,43,West,6,33.06,0
1489,29,West,4,150.44,0
1490,45,South,6,23.64,0
1491,50,South,2,169.53,0
1492,42,North,4,86.34,1
1493,35,East,5,57.73,1
1494,43,West,3,63.56,1
1495,35,South,1,79.96,0
1496,48,South,1,106.68,1
1497,18,North,7,16.18,0
1498,34,South,5,43.02,1
1499,18,North,2,78.26,0
1500,22,West,2,153.95,0
1501,53,East,1,150.38,1
1502,48,North,7,190.83,0
1503,30,North,1,146.02,1
1504,21,West,6,40.58,1
1505,18,West,2,74.96,0
1506,32,West,3,146.55,1
1507,65,North,2,137.88,1
1508,43,North,6,65.81,1
1509,32,North,1,104.81,1
1510,43,West,3,54.48,1
1511,21,West,2,22.01,1
1512,35,West,2,69.86,1
1513,39,North,2,67.0,1
1514,37,North,7,52.61,0
1515,47,West,3,106.95,0
1516,42,West,3,64.29,1
1517,45,East,3,97.66,0
1518,30,North,7,121.53,0
1519,48,North,3,277.25,0
1520,56,North,3,70.67,1
1521,27,East,3,155.26,0
1522,28,West,3,87.97,1
1523,53,East,1,91.31,1
1524,36,South,5,71.32,1
1525,53,West,1,83.01,0
1526,33,North,2,64.71,1
1527,54,West,2,139.01,1
1528,39,West,3,44.24,1
1529,41,East,6,21.82,1
1530,55,West,5,51.36,0
1531,34,East,7,47.43,1
1532,28,South,3,51.34,0
1533,33,South,7,68.78,1
1534,43,West,1,51.48,1
1535,21,East,4,68.11,0
1536,45,North,6,51.6,1
1537,32,West,4,98.99,0
1538,51,North,7,275.75,1
1539,18,East,3,86.82,1
1540,29,North,1,53.15,0
1541,19,East,6,8.05,0
1542,29,South,1,222.18,1
1543,41,South,6,90.02,0
1544,36,East,6,67.7,1
1545,35,West,6,8.63,1
1546,36,South,4,70.15,1
1547,40,West,7,82.54,0
1548,27,South,2,51.74,1
1549,46,North,4,25.67,1
1550,45,North,1,24.21,0
1551,42,North,6,224.3,0
1552,44,East,5,80.97,0
1553,41,East,6,51.7,0
1554,60,South,6,77.78,1
1555,37,South,3,74.26,1
1556,35,West,1,23.16,1
1557,30,East,7,133.39,0
1558,27,North,4,66.48,0
1559,24,North,1,81.72,0
1560,28,South,7,180.25,1
1561,37,South,7,26.34,1
1562,42,West,4,42.52,0
1563,39,East,6,93.18,1
1564,30,West,1,131.76,0
1565,48,East,1,48.21,0
1566,46,South,2,50.27,0
1567,36,East,5,113.06,1
1568,31,East,1,262.92,1
1569,44,East,1,79.52,1
1570,40,North,5,42.41,0
1571,22,East,6,33.37,0
1572,37,South,6,68.64,1
1573,41,West,6,128.02,0
1574,28,West,6,332.2,1
1575,40,East,5,60.91,1
1576,22,West,4,79.6,1
1577,53,East,6,202.06,1
1578,52,North,3,92.18,1
1579,35,East,1,87.21,1
1580,42,West,6,178.87,1
1581,18,North,2,80.86,1
1582,25,North,7,35.61,0
1583,35,South,3,157.05,1
1584,26,West,6,19.83,0
1585,46,East,1,141.11,1
1586,60,West,5,75.43,1
1587,25,West,4,61.37,1
1588,29,East,4,60.26,1
1589,41,East,2,68.46,1
1590,56,South,7,55.22,0
1591,25,North,3,100.99,0
1592,41,South,6,56.63,0
1593,58,East,3,13.68,1
1594,20,North,1,75.8,1
1595,24,North,7,12.83,0
1596,33,North,2,75.47,1
1597,32,East,2,54.43,0
1598,47,West,7,134.74,1
1599,41,West,7,63.17,1
1600,18,South,7,122.77,0
