specimen_id,found_on,identified_by,cap_diameter_cm,stem_height_cm,gill_spacing,spore_print,smell,bruises,ring,toxic
1,2025-08-20,marguerite,5.0,6.6,close,brown,none,yes,no,0
2,2025-08-20,birdie,8.0,8.9,close,pink,earthy,no,yes,1
3,2025-08-20,marguerite,6.4,10.2,crowded,brown,foul,yes,no,1
4,2025-08-20,marguerite,6.2,7.5,close,cream,anise,no,no,0
5,2025-08-20,marguerite,9.9,11.0,crowded,purple-black,earthy,no,yes,1
6,2025-08-20,agnes,9.4,9.5,distant,pink,earthy,no,no,0
7,2025-08-20,birdie,4.6,7.9,distant,white,anise,no,yes,1
8,2025-08-20,marguerite,7.5,16.2,distant,brown,earthy,yes,yes,0
9,2025-08-20,ossian,5.5,10.0,distant,purple-black,fishy,yes,no,1
10,2025-08-20,birdie,7.1,9.2,crowded,brown,none,no,no,0
11,2025-08-20,birdie,5.9,4.3,close,purple-black,anise,no,yes,0
12,2025-08-20,birdie,5.5,9.8,close,white,none,yes,yes,1
13,2025-08-20,agnes,13.5,18.7,close,brown,none,no,no,0
14,2025-08-20,agnes,6.1,8.4,close,white,none,yes,yes,1
15,2025-08-20,marguerite,7.3,7.2,distant,brown,almond,no,no,0
16,2025-08-20,tomasz,7.5,4.1,close,white,none,no,yes,0
17,2025-08-20,agnes,6.4,9.4,crowded,cream,none,no,yes,1
18,2025-08-20,tomasz,7.1,13.0,close,purple-black,almond,yes,no,1
19,2025-08-20,birdie,4.5,5.3,distant,cream,none,no,no,0
20,2025-08-20,agnes,7.2,11.0,close,brown,none,yes,no,0
21,2025-08-21,agnes,9.9,14.8,close,pink,almond,no,yes,0
22,2025-08-21,tomasz,6.0,8.8,distant,cream,foul,yes,no,0
23,2025-08-21,tomasz,8.2,14.2,close,purple-black,none,yes,no,1
24,2025-08-21,marguerite,12.1,12.5,distant,white,foul,yes,yes,1
25,2025-08-21,agnes,4.3,6.0,crowded,white,none,no,yes,1
26,2025-08-21,tomasz,9.7,14.2,close,pink,almond,yes,yes,1
27,2025-08-21,birdie,4.9,6.4,close,cream,none,yes,yes,0
28,2025-08-21,tomasz,5.2,7.0,distant,purple-black,fishy,no,no,0
29,2025-08-21,marguerite,7.9,11.9,crowded,brown,none,yes,no,0
30,2025-08-21,marguerite,8.3,10.7,close,white,none,no,yes,1
31,2025-08-21,ossian,3.5,6.5,crowded,white,foul,no,yes,1
32,2025-08-21,ossian,8.8,14.6,distant,brown,earthy,no,yes,1
33,2025-08-21,birdie,8.6,9.4,distant,cream,earthy,no,no,0
34,2025-08-21,tomasz,5.8,4.9,crowded,brown,none,yes,no,1
35,2025-08-21,ossian,6.1,7.3,crowded,white,none,no,yes,0
36,2025-08-22,ossian,5.4,5.1,distant,white,earthy,no,no,1
37,2025-08-22,tomasz,6.2,9.1,distant,pink,almond,no,no,1
38,2025-08-22,marguerite,7.4,10.8,crowded,white,anise,no,yes,1
39,2025-08-22,marguerite,4.2,5.4,close,cream,none,yes,no,0
40,2025-08-22,birdie,6.8,9.6,close,purple-black,none,yes,no,0
41,2025-08-22,tomasz,7.1,9.3,close,cream,none,yes,yes,1
42,2025-08-22,birdie,9.5,13.3,crowded,cream,none,no,no,0
43,2025-08-22,marguerite,6.4,7.4,crowded,purple-black,none,no,no,0
44,2025-08-22,tomasz,5.4,6.0,distant,cream,none,yes,no,1
45,2025-08-22,tomasz,8.4,10.1,close,brown,foul,no,no,0
46,2025-08-22,tomasz,4.0,6.3,close,pink,almond,no,yes,1
47,2025-08-22,birdie,12.7,10.5,close,white,foul,no,no,1
48,2025-08-22,marguerite,7.2,8.2,close,cream,earthy,no,no,0
49,2025-08-22,tomasz,5.7,9.8,distant,pink,none,no,no,1
50,2025-08-22,marguerite,11.0,13.8,close,cream,none,no,no,0
51,2025-08-22,birdie,11.0,15.4,crowded,brown,earthy,no,yes,1
52,2025-08-22,marguerite,6.0,5.9,close,brown,earthy,no,yes,0
53,2025-08-22,birdie,6.3,8.2,close,white,none,yes,no,1
54,2025-08-22,birdie,3.3,5.6,distant,pink,earthy,no,no,0
55,2025-08-23,ossian,5.6,6.5,close,white,none,no,yes,1
56,2025-08-23,ossian,7.6,9.2,close,cream,none,yes,no,0
57,2025-08-23,marguerite,8.8,11.5,close,brown,none,yes,yes,0
58,2025-08-23,marguerite,6.8,9.4,distant,white,earthy,no,yes,1
59,2025-08-23,marguerite,8.5,8.8,close,brown,none,yes,yes,0
60,2025-08-23,ossian,4.9,6.2,close,cream,none,no,no,0
61,2025-08-23,birdie,3.8,8.1,close,white,none,no,no,1
62,2025-08-23,agnes,8.1,10.6,distant,brown,almond,no,no,0
63,2025-08-23,birdie,9.2,10.7,distant,cream,almond,no,no,0
64,2025-08-23,birdie,16.2,16.7,close,cream,none,no,no,0
65,2025-08-23,tomasz,7.3,11.2,close,purple-black,none,no,no,1
66,2025-08-23,tomasz,7.9,8.4,crowded,pink,none,no,no,1
67,2025-08-23,agnes,3.7,5.8,crowded,white,none,yes,yes,1
68,2025-08-23,tomasz,7.0,11.9,close,brown,earthy,no,no,1
69,2025-08-23,marguerite,6.2,8.1,close,white,none,no,yes,1
70,2025-08-23,ossian,6.3,7.9,distant,cream,anise,yes,yes,0
71,2025-08-23,agnes,9.9,12.7,close,white,fishy,no,yes,1
72,2025-08-23,agnes,9.8,10.9,close,brown,earthy,yes,yes,0
73,2025-08-23,agnes,9.6,10.3,close,white,fishy,no,yes,1
74,2025-08-23,marguerite,6.9,9.0,close,brown,almond,no,no,0
75,2025-08-24,marguerite,4.6,7.0,close,pink,earthy,yes,no,1
76,2025-08-24,birdie,8.4,10.2,distant,pink,anise,no,no,0
77,2025-08-24,marguerite,7.7,10.6,close,cream,none,no,yes,0
78,2025-08-24,marguerite,8.1,9.1,crowded,brown,earthy,yes,no,0
79,2025-08-24,agnes,10.1,11.5,crowded,pink,none,yes,no,0
80,2025-08-24,ossian,24.0,22.0,close,white,anise,no,yes,0
81,2025-08-24,tomasz,9.3,13.5,crowded,brown,earthy,yes,yes,1
82,2025-08-24,tomasz,3.7,6.1,crowded,white,none,no,no,0
83,2025-08-24,ossian,6.3,10.3,crowded,pink,none,no,no,1
84,2025-08-24,marguerite,3.7,4.4,close,brown,almond,yes,no,0
85,2025-08-24,agnes,3.7,6.3,close,purple-black,almond,no,no,0
86,2025-08-24,marguerite,5.4,6.0,crowded,brown,anise,no,yes,0
87,2025-08-25,birdie,10.3,15.6,close,brown,none,yes,no,0
88,2025-08-25,ossian,5.2,5.9,distant,white,none,no,no,1
89,2025-08-25,birdie,6.3,7.0,distant,purple-black,none,no,no,0
90,2025-08-25,birdie,9.3,11.2,crowded,purple-black,none,no,no,0
91,2025-08-25,agnes,11.9,13.6,distant,purple-black,earthy,no,yes,0
92,2025-08-25,ossian,5.1,8.1,distant,pink,none,yes,no,0
93,2025-08-25,birdie,19.7,22.0,distant,white,earthy,yes,no,1
94,2025-08-25,tomasz,5.7,8.9,close,cream,anise,no,no,1
95,2025-08-25,marguerite,6.8,7.1,crowded,brown,none,yes,no,0
96,2025-08-25,birdie,13.5,16.8,crowded,brown,earthy,yes,no,0
97,2025-08-25,marguerite,8.6,9.8,distant,white,none,no,yes,1
98,2025-08-25,tomasz,17.0,22.0,close,white,none,no,no,0
99,2025-08-25,agnes,5.7,7.0,close,pink,none,no,no,0
100,2025-08-25,birdie,7.9,9.2,close,white,anise,yes,no,0
101,2025-08-25,agnes,5.2,7.6,crowded,pink,none,no,no,1
102,2025-08-25,birdie,5.6,7.1,distant,white,anise,no,yes,1
103,2025-08-26,marguerite,7.4,11.9,close,brown,earthy,yes,no,0
104,2025-08-26,ossian,6.0,7.2,close,white,earthy,yes,no,1
105,2025-08-26,tomasz,22.5,19.9,close,purple-black,earthy,no,no,1
106,2025-08-26,birdie,6.0,9.6,crowded,brown,none,yes,no,0
107,2025-08-26,ossian,4.9,9.0,close,purple-black,foul,no,no,1
108,2025-08-26,ossian,9.6,11.0,close,white,earthy,no,yes,1
109,2025-08-26,tomasz,4.0,6.4,close,brown,foul,yes,no,0
110,2025-08-26,agnes,12.9,9.3,distant,brown,none,yes,no,0
111,2025-08-26,birdie,4.7,7.7,crowded,purple-black,earthy,no,no,1
112,2025-08-26,tomasz,12.5,17.1,close,cream,none,no,yes,0
113,2025-08-26,ossian,10.2,13.3,distant,cream,earthy,no,no,0
114,2025-08-26,tomasz,5.9,9.7,close,pink,foul,no,no,0
115,2025-08-26,birdie,11.0,11.4,close,purple-black,earthy,no,no,0
116,2025-08-26,ossian,5.3,9.0,close,white,earthy,no,yes,1
117,2025-08-26,tomasz,2.6,4.4,distant,brown,none,yes,yes,1
118,2025-08-26,tomasz,9.1,11.5,close,white,none,yes,no,0
119,2025-08-26,ossian,3.5,7.1,crowded,brown,earthy,no,no,0
120,2025-08-27,birdie,4.1,5.8,distant,cream,almond,yes,yes,0
121,2025-08-27,tomasz,12.2,16.3,crowded,white,earthy,no,yes,0
122,2025-08-27,agnes,4.1,5.2,crowded,purple-black,foul,no,yes,1
123,2025-08-27,birdie,4.3,6.1,close,cream,foul,no,no,1
124,2025-08-27,ossian,5.8,7.3,close,white,earthy,no,yes,1
125,2025-08-27,marguerite,8.1,7.3,close,cream,fishy,no,yes,1
126,2025-08-27,birdie,12.2,14.4,distant,pink,none,no,no,0
127,2025-08-27,tomasz,5.2,9.6,close,brown,none,yes,yes,1
128,2025-08-27,tomasz,6.5,8.9,close,pink,none,no,no,1
129,2025-08-27,birdie,5.8,8.3,close,purple-black,earthy,no,yes,1
130,2025-08-27,tomasz,6.1,7.6,distant,cream,earthy,no,no,1
131,2025-08-27,tomasz,5.1,8.9,distant,purple-black,foul,no,yes,0
132,2025-08-27,agnes,5.6,7.6,crowded,cream,earthy,no,no,0
133,2025-08-27,agnes,8.1,9.4,close,white,anise,no,yes,0
134,2025-08-27,birdie,4.0,7.6,close,cream,foul,no,yes,1
135,2025-08-27,birdie,6.4,9.5,distant,cream,foul,no,yes,1
136,2025-08-27,tomasz,4.4,5.2,crowded,cream,none,yes,no,1
137,2025-08-27,agnes,3.2,7.8,close,cream,anise,yes,yes,0
138,2025-08-27,marguerite,8.0,7.9,close,cream,anise,no,no,0
139,2025-08-27,birdie,6.2,7.7,close,brown,almond,yes,no,0
140,2025-08-27,tomasz,4.8,5.3,crowded,brown,foul,no,no,0
141,2025-08-28,birdie,12.5,15.8,crowded,white,almond,yes,no,0
142,2025-08-28,agnes,4.8,6.3,close,brown,none,no,no,0
143,2025-08-28,marguerite,6.0,9.0,distant,white,earthy,no,yes,1
144,2025-08-28,birdie,3.9,3.2,distant,brown,earthy,yes,yes,0
145,2025-08-28,birdie,9.9,13.3,distant,brown,none,no,no,1
146,2025-08-28,agnes,5.7,8.7,close,cream,none,yes,yes,0
147,2025-08-28,tomasz,7.9,10.1,crowded,purple-black,earthy,no,no,1
148,2025-08-28,marguerite,12.8,13.8,close,brown,none,no,no,1
149,2025-08-28,marguerite,5.4,7.7,crowded,cream,anise,no,no,0
150,2025-08-28,agnes,5.2,9.4,close,pink,anise,no,yes,0
151,2025-08-28,ossian,10.1,13.1,close,brown,earthy,no,yes,0
152,2025-08-28,ossian,6.6,8.2,crowded,pink,earthy,yes,yes,1
153,2025-08-29,tomasz,4.5,4.9,crowded,cream,none,no,yes,0
154,2025-08-29,ossian,7.8,11.6,close,white,none,no,yes,1
155,2025-08-29,agnes,3.2,4.6,close,cream,earthy,no,no,0
156,2025-08-29,birdie,8.1,7.0,close,cream,foul,no,no,0
157,2025-08-29,ossian,4.2,7.2,close,brown,fishy,no,no,1
158,2025-08-29,tomasz,7.3,7.8,crowded,cream,none,yes,yes,1
159,2025-08-29,ossian,5.6,9.6,close,pink,foul,no,no,1
160,2025-08-29,tomasz,4.9,7.3,close,purple-black,almond,yes,yes,1
161,2025-08-29,birdie,4.8,10.3,distant,white,foul,no,yes,1
162,2025-08-29,ossian,5.8,6.6,distant,purple-black,none,no,no,0
163,2025-08-29,agnes,4.8,5.9,crowded,cream,earthy,no,no,0
164,2025-08-29,agnes,3.7,5.6,crowded,cream,anise,yes,yes,0
165,2025-08-29,birdie,3.9,3.2,crowded,white,fishy,no,yes,1
166,2025-08-29,marguerite,6.1,10.0,crowded,white,foul,no,yes,1
167,2025-08-30,tomasz,2.9,6.2,close,cream,none,no,no,1
168,2025-08-30,marguerite,5.7,9.1,close,purple-black,almond,no,no,0
169,2025-08-30,birdie,5.8,10.1,close,brown,earthy,no,no,0
170,2025-08-30,tomasz,3.9,8.4,crowded,brown,none,no,yes,0
171,2025-08-30,agnes,8.4,14.0,crowded,cream,fishy,yes,no,1
172,2025-08-30,ossian,7.3,10.8,close,brown,earthy,yes,no,0
173,2025-08-30,birdie,6.0,3.7,crowded,brown,earthy,no,no,0
174,2025-08-30,agnes,14.9,13.2,distant,pink,anise,no,yes,1
175,2025-08-30,ossian,5.9,5.6,distant,white,anise,no,no,0
176,2025-08-30,birdie,7.0,6.0,distant,purple-black,earthy,no,no,0
177,2025-08-30,agnes,6.8,9.1,close,white,earthy,no,yes,1
178,2025-08-30,birdie,5.7,7.6,close,brown,foul,yes,no,1
179,2025-08-30,tomasz,7.2,10.9,close,purple-black,none,yes,no,1
180,2025-08-30,agnes,5.8,8.5,crowded,pink,foul,no,no,1
181,2025-08-30,ossian,12.5,19.4,close,white,almond,yes,yes,0
182,2025-08-30,tomasz,5.1,8.9,close,brown,foul,yes,no,0
183,2025-08-30,tomasz,4.3,5.5,crowded,white,none,yes,no,0
184,2025-08-30,tomasz,6.6,8.7,close,purple-black,earthy,yes,no,1
185,2025-08-30,ossian,6.5,6.3,distant,cream,earthy,no,no,0
186,2025-08-30,agnes,10.8,17.5,close,cream,earthy,no,yes,1
187,2025-08-30,ossian,7.6,10.0,close,brown,none,yes,yes,0
188,2025-08-30,marguerite,7.0,12.7,distant,cream,none,no,no,1
189,2025-08-30,tomasz,4.1,7.0,crowded,brown,earthy,yes,yes,0
190,2025-08-31,marguerite,8.3,11.8,distant,white,foul,no,yes,1
191,2025-08-31,birdie,6.2,11.7,crowded,cream,anise,no,no,0
192,2025-08-31,agnes,4.2,5.7,distant,purple-black,earthy,no,no,0
193,2025-08-31,agnes,7.9,13.9,crowded,pink,earthy,no,no,0
194,2025-08-31,tomasz,8.6,13.2,close,brown,earthy,yes,no,1
195,2025-08-31,birdie,3.0,3.3,close,brown,none,yes,no,0
196,2025-08-31,birdie,7.4,5.7,close,cream,earthy,no,no,0
197,2025-08-31,marguerite,8.3,9.3,distant,purple-black,earthy,no,yes,1
198,2025-08-31,agnes,6.8,10.8,distant,brown,almond,yes,no,0
199,2025-08-31,agnes,4.5,6.8,crowded,white,foul,no,yes,1
200,2025-08-31,agnes,6.1,10.1,distant,white,foul,no,no,1
201,2025-08-31,tomasz,10.7,12.4,crowded,pink,earthy,no,no,1
202,2025-09-01,birdie,6.7,6.2,close,brown,earthy,yes,no,0
203,2025-09-01,ossian,8.1,10.1,close,purple-black,earthy,no,no,1
204,2025-09-01,agnes,6.7,9.2,crowded,brown,none,no,no,0
205,2025-09-01,marguerite,6.5,9.6,close,white,earthy,no,yes,1
206,2025-09-01,marguerite,9.8,11.1,distant,purple-black,foul,no,no,1
207,2025-09-01,tomasz,2.2,4.1,close,white,anise,no,yes,0
208,2025-09-01,tomasz,5.0,9.1,close,brown,none,no,no,1
209,2025-09-01,marguerite,8.4,10.6,close,pink,earthy,yes,yes,1
210,2025-09-01,agnes,8.9,8.3,distant,purple-black,earthy,no,yes,1
211,2025-09-01,ossian,6.3,8.4,close,brown,earthy,yes,yes,0
212,2025-09-01,marguerite,5.5,8.9,close,brown,earthy,no,yes,1
213,2025-09-01,agnes,6.7,11.0,close,purple-black,anise,yes,no,0
214,2025-09-01,ossian,4.5,8.4,close,white,almond,no,yes,1
215,2025-09-01,birdie,4.3,7.2,close,pink,none,no,yes,1
216,2025-09-01,agnes,5.6,5.6,close,pink,none,no,yes,0
217,2025-09-01,agnes,13.3,16.5,distant,white,earthy,no,yes,1
218,2025-09-01,marguerite,6.8,9.2,distant,white,earthy,no,no,1
219,2025-09-02,marguerite,7.2,10.9,close,pink,none,yes,no,0
220,2025-09-02,ossian,4.5,6.6,close,brown,none,no,no,0
221,2025-09-02,tomasz,4.2,6.1,close,brown,earthy,no,no,1
222,2025-09-02,birdie,5.2,8.3,distant,brown,none,yes,yes,0
223,2025-09-02,tomasz,8.5,9.4,crowded,brown,none,no,yes,1
224,2025-09-02,agnes,4.2,6.2,close,purple-black,almond,no,yes,0
225,2025-09-02,agnes,10.8,7.9,crowded,white,anise,no,yes,1
226,2025-09-02,ossian,3.8,6.0,close,cream,none,yes,yes,0
227,2025-09-02,tomasz,8.5,11.8,distant,white,almond,no,yes,0
228,2025-09-02,marguerite,3.6,2.6,crowded,white,foul,no,yes,1
229,2025-09-02,agnes,6.0,8.8,crowded,white,almond,no,no,0
230,2025-09-02,tomasz,2.5,4.5,crowded,brown,foul,no,no,1
231,2025-09-02,ossian,5.1,6.3,close,white,anise,no,yes,1
232,2025-09-02,birdie,10.3,13.7,distant,pink,earthy,yes,no,0
233,2025-09-03,birdie,5.1,7.6,close,cream,almond,no,no,0
234,2025-09-03,marguerite,7.0,9.4,close,purple-black,none,no,no,0
235,2025-09-03,agnes,12.5,13.6,close,brown,none,no,no,0
236,2025-09-03,birdie,4.1,5.1,crowded,cream,earthy,no,yes,0
237,2025-09-03,ossian,11.5,19.3,close,white,none,yes,yes,1
238,2025-09-03,ossian,4.7,5.4,close,cream,foul,yes,no,1
239,2025-09-03,ossian,8.7,10.0,close,white,none,no,yes,1
240,2025-09-03,tomasz,5.6,6.1,crowded,brown,almond,yes,no,1
241,2025-09-03,agnes,6.9,8.1,crowded,white,anise,yes,yes,0
242,2025-09-03,agnes,5.9,7.9,distant,brown,fishy,yes,yes,1
243,2025-09-03,agnes,7.4,11.4,crowded,white,none,yes,yes,1
244,2025-09-03,marguerite,2.9,3.5,close,purple-black,none,no,no,0
245,2025-09-03,agnes,5.5,8.3,crowded,white,none,no,no,1
246,2025-09-03,agnes,4.8,7.4,distant,white,almond,no,yes,0
247,2025-09-03,birdie,4.1,6.3,crowded,cream,almond,no,yes,0
248,2025-09-03,birdie,3.9,5.7,close,brown,anise,no,no,0
249,2025-09-03,agnes,10.9,13.1,distant,cream,earthy,no,no,1
250,2025-09-03,marguerite,4.5,5.7,close,white,none,yes,yes,1
251,2025-09-03,tomasz,6.4,10.2,crowded,white,earthy,no,yes,0
252,2025-09-03,marguerite,6.7,10.5,close,brown,none,yes,no,0
253,2025-09-03,tomasz,4.2,6.0,close,cream,foul,no,yes,0
254,2025-09-03,tomasz,6.0,6.4,close,purple-black,none,no,no,0
255,2025-09-03,ossian,4.7,3.6,crowded,white,anise,yes,yes,0
256,2025-09-03,agnes,6.8,9.2,close,brown,earthy,no,no,0
257,2025-09-03,ossian,3.4,5.5,close,white,earthy,no,no,0
258,2025-09-04,tomasz,10.2,5.5,close,purple-black,anise,no,yes,1
259,2025-09-04,agnes,5.1,8.5,crowded,cream,none,no,no,1
260,2025-09-04,tomasz,4.7,11.1,crowded,brown,foul,yes,no,1
261,2025-09-04,tomasz,7.6,11.1,distant,brown,none,yes,no,1
262,2025-09-04,birdie,6.2,10.3,crowded,purple-black,none,no,yes,0
263,2025-09-04,marguerite,4.6,6.3,crowded,white,none,no,yes,1
264,2025-09-04,ossian,7.6,9.5,close,purple-black,earthy,no,no,0
265,2025-09-04,tomasz,5.2,8.7,distant,brown,foul,yes,no,1
266,2025-09-04,marguerite,6.6,6.7,close,brown,fishy,no,no,1
267,2025-09-04,ossian,9.0,12.6,crowded,cream,foul,yes,no,1
268,2025-09-04,agnes,5.5,7.1,crowded,cream,none,no,yes,0
269,2025-09-04,ossian,8.5,9.9,crowded,brown,earthy,yes,yes,0
270,2025-09-04,ossian,4.8,10.1,crowded,cream,earthy,yes,yes,0
271,2025-09-04,ossian,3.5,5.0,close,white,none,no,yes,1
272,2025-09-05,tomasz,6.4,12.6,close,brown,none,no,yes,1
273,2025-09-05,tomasz,6.6,9.1,close,brown,anise,no,no,1
274,2025-09-05,tomasz,5.9,9.4,distant,cream,none,no,no,1
275,2025-09-05,marguerite,4.8,6.0,close,white,none,no,yes,1
276,2025-09-05,birdie,7.5,13.4,crowded,purple-black,foul,no,yes,1
277,2025-09-05,tomasz,6.7,8.3,close,white,none,no,no,0
278,2025-09-05,agnes,8.1,11.0,crowded,brown,almond,yes,no,0
279,2025-09-05,tomasz,5.7,6.0,close,white,earthy,no,yes,0
280,2025-09-05,agnes,8.4,13.4,distant,brown,none,yes,yes,0
281,2025-09-05,agnes,4.6,6.0,distant,white,none,yes,yes,1
282,2025-09-05,agnes,7.3,12.6,crowded,brown,foul,no,yes,1
283,2025-09-05,tomasz,2.6,3.9,distant,white,fishy,no,yes,0
284,2025-09-05,marguerite,15.0,19.4,close,brown,none,no,no,0
285,2025-09-06,agnes,7.3,13.8,distant,cream,none,no,no,1
286,2025-09-06,agnes,6.2,5.5,crowded,white,anise,no,yes,0
287,2025-09-06,agnes,5.7,7.2,close,brown,fishy,yes,no,1
288,2025-09-06,agnes,6.8,11.7,close,brown,none,yes,no,0
289,2025-09-06,tomasz,4.7,7.6,close,white,none,no,yes,0
290,2025-09-06,ossian,7.0,7.0,close,white,fishy,yes,no,1
291,2025-09-06,marguerite,12.7,13.7,distant,white,almond,no,no,0
292,2025-09-06,tomasz,2.2,2.3,close,brown,almond,yes,yes,1
293,2025-09-06,ossian,7.6,13.3,crowded,purple-black,none,yes,no,0
294,2025-09-06,birdie,6.7,8.3,distant,white,foul,no,no,1
295,2025-09-06,birdie,8.2,12.7,crowded,purple-black,none,yes,no,0
296,2025-09-06,birdie,8.3,10.5,close,pink,none,yes,no,0
297,2025-09-06,tomasz,5.2,9.6,distant,white,foul,no,yes,0
298,2025-09-06,ossian,5.9,6.8,close,cream,earthy,no,yes,1
299,2025-09-06,agnes,8.1,9.4,close,pink,none,no,yes,1
300,2025-09-06,tomasz,7.9,12.8,crowded,brown,none,yes,no,1
301,2025-09-06,agnes,9.7,14.4,close,brown,anise,yes,no,0
302,2025-09-06,ossian,7.3,7.7,distant,white,none,no,yes,1
303,2025-09-07,birdie,5.4,8.1,close,purple-black,none,no,no,1
304,2025-09-07,birdie,3.9,5.1,close,white,none,no,yes,1
305,2025-09-07,tomasz,11.7,17.4,distant,brown,earthy,yes,no,1
306,2025-09-07,birdie,5.3,11.1,crowded,white,anise,no,yes,0
307,2025-09-07,birdie,6.0,7.0,distant,cream,anise,no,no,0
308,2025-09-07,marguerite,5.9,10.1,close,cream,almond,no,yes,0
309,2025-09-07,tomasz,5.7,3.7,distant,brown,anise,yes,no,1
310,2025-09-07,ossian,5.0,7.6,crowded,cream,none,no,no,1
311,2025-09-07,agnes,5.5,9.2,close,purple-black,none,no,yes,0
312,2025-09-07,marguerite,3.8,6.2,distant,cream,none,no,no,0
313,2025-09-07,marguerite,8.6,9.6,crowded,white,none,no,yes,1
314,2025-09-07,agnes,3.3,3.3,close,pink,none,no,no,0
315,2025-09-07,marguerite,3.4,5.3,crowded,brown,none,yes,yes,0
316,2025-09-07,birdie,4.7,6.5,close,white,none,no,no,1
317,2025-09-07,agnes,5.7,8.8,distant,cream,foul,no,no,1
318,2025-09-07,birdie,4.4,6.0,crowded,brown,fishy,yes,no,1
319,2025-09-07,marguerite,10.2,11.9,close,pink,none,no,yes,0
320,2025-09-07,ossian,4.9,4.8,crowded,brown,anise,no,no,0
321,2025-09-07,ossian,10.5,12.9,crowded,white,none,no,yes,1
322,2025-09-07,ossian,5.5,5.1,close,purple-black,none,no,no,0
323,2025-09-08,ossian,5.3,7.2,crowded,cream,earthy,no,yes,1
324,2025-09-08,ossian,7.5,9.6,close,pink,anise,no,yes,0
325,2025-09-08,ossian,5.6,7.9,close,brown,almond,yes,no,0
326,2025-09-08,agnes,7.7,7.8,close,brown,foul,yes,yes,1
327,2025-09-08,marguerite,7.7,12.4,close,brown,foul,yes,no,0
328,2025-09-08,agnes,8.0,9.9,crowded,brown,foul,no,no,0
329,2025-09-08,marguerite,12.6,19.8,close,white,earthy,no,yes,1
330,2025-09-08,birdie,7.8,12.8,distant,brown,fishy,yes,no,1
331,2025-09-08,tomasz,3.8,4.7,close,brown,anise,no,no,1
332,2025-09-08,birdie,7.3,11.7,close,brown,none,no,no,0
333,2025-09-08,agnes,10.6,10.5,crowded,brown,almond,yes,no,0
334,2025-09-08,marguerite,13.5,13.6,close,cream,anise,yes,no,0
335,2025-09-08,agnes,7.1,9.6,close,brown,none,yes,yes,0
336,2025-09-08,agnes,5.1,8.2,distant,cream,none,no,no,1
337,2025-09-08,tomasz,8.8,12.6,distant,white,none,no,no,0
338,2025-09-08,birdie,6.5,9.5,crowded,cream,anise,no,no,0
339,2025-09-08,birdie,9.5,8.8,close,cream,foul,no,yes,1
340,2025-09-09,birdie,3.5,6.1,close,purple-black,none,no,no,1
341,2025-09-09,tomasz,5.2,6.8,distant,pink,none,no,no,1
342,2025-09-09,agnes,8.5,8.5,crowded,cream,earthy,no,no,0
343,2025-09-09,birdie,6.9,11.5,close,purple-black,none,yes,yes,0
344,2025-09-09,marguerite,4.3,6.6,distant,brown,none,no,no,0
345,2025-09-09,tomasz,14.5,18.4,distant,brown,none,no,no,1
346,2025-09-09,tomasz,12.1,17.0,distant,white,none,yes,yes,0
347,2025-09-09,birdie,9.3,15.1,crowded,cream,earthy,yes,no,0
348,2025-09-09,marguerite,6.6,9.0,close,purple-black,foul,no,no,1
349,2025-09-09,ossian,5.3,6.6,crowded,brown,none,yes,yes,0
350,2025-09-09,tomasz,8.5,14.0,close,purple-black,none,no,yes,0
351,2025-09-09,ossian,5.9,5.2,crowded,pink,earthy,no,yes,1
352,2025-09-09,marguerite,9.3,12.3,close,white,none,no,yes,1
353,2025-09-09,ossian,4.5,5.7,close,brown,none,yes,no,0
354,2025-09-09,marguerite,6.2,9.2,close,brown,none,yes,no,0
355,2025-09-10,ossian,5.2,8.8,crowded,brown,earthy,no,yes,0
356,2025-09-10,marguerite,9.3,11.5,close,cream,none,no,no,0
357,2025-09-10,birdie,5.1,6.3,close,brown,none,yes,yes,0
358,2025-09-10,birdie,16.2,11.7,crowded,brown,foul,no,no,1
359,2025-09-10,marguerite,10.3,13.6,crowded,pink,none,no,no,1
360,2025-09-10,birdie,5.5,7.5,crowded,cream,almond,no,yes,0
361,2025-09-10,birdie,8.6,10.5,distant,pink,anise,no,no,0
362,2025-09-10,agnes,7.2,12.7,close,brown,fishy,no,no,1
363,2025-09-10,agnes,7.0,14.8,close,purple-black,almond,no,no,0
364,2025-09-10,agnes,10.7,13.1,close,cream,earthy,no,no,0
365,2025-09-10,marguerite,10.8,11.2,crowded,pink,foul,no,no,1
366,2025-09-10,ossian,6.3,11.8,close,purple-black,none,no,no,0
367,2025-09-10,marguerite,6.9,9.0,crowded,brown,almond,no,yes,0
368,2025-09-10,birdie,8.4,8.5,crowded,brown,none,yes,no,0
369,2025-09-10,tomasz,11.4,17.2,close,cream,almond,no,no,1
370,2025-09-11,marguerite,3.8,7.3,close,white,anise,yes,yes,0
371,2025-09-11,birdie,7.8,10.4,close,white,almond,no,no,0
372,2025-09-11,ossian,6.9,9.5,crowded,brown,none,yes,no,0
373,2025-09-11,ossian,4.1,7.9,crowded,white,foul,yes,no,1
374,2025-09-11,tomasz,4.4,5.4,close,white,none,yes,yes,0
375,2025-09-11,agnes,5.6,9.8,distant,brown,anise,no,no,0
376,2025-09-11,birdie,7.3,9.8,crowded,white,anise,no,yes,1
377,2025-09-11,ossian,3.0,3.1,crowded,white,foul,no,yes,1
378,2025-09-11,marguerite,5.2,8.1,crowded,brown,earthy,yes,no,0
379,2025-09-11,agnes,7.3,7.7,close,purple-black,fishy,no,no,1
380,2025-09-11,birdie,6.6,11.0,crowded,brown,earthy,no,no,0
381,2025-09-11,marguerite,4.1,5.7,close,purple-black,foul,yes,no,1
382,2025-09-11,marguerite,10.8,13.2,close,white,foul,no,yes,1
383,2025-09-11,marguerite,8.0,8.1,close,white,earthy,no,yes,1
384,2025-09-11,marguerite,6.5,9.8,close,brown,anise,yes,yes,0
385,2025-09-11,birdie,7.3,9.4,close,brown,anise,yes,no,0
386,2025-09-12,agnes,8.7,9.0,crowded,white,almond,yes,no,0
387,2025-09-12,tomasz,7.5,8.7,distant,cream,foul,no,yes,0
388,2025-09-12,agnes,8.7,10.0,close,white,fishy,no,yes,1
389,2025-09-12,agnes,5.7,9.9,close,white,almond,no,yes,0
390,2025-09-12,marguerite,11.8,13.2,close,brown,foul,no,yes,1
391,2025-09-12,agnes,8.1,11.9,crowded,cream,none,no,no,1
392,2025-09-12,birdie,7.2,11.0,close,white,none,yes,yes,1
393,2025-09-12,marguerite,4.8,6.7,crowded,brown,foul,yes,no,0
394,2025-09-12,marguerite,7.0,10.1,crowded,brown,fishy,yes,no,1
395,2025-09-12,ossian,6.6,4.7,crowded,brown,none,no,yes,0
396,2025-09-12,birdie,4.8,5.8,close,pink,earthy,yes,no,0
397,2025-09-12,tomasz,7.0,6.0,crowded,pink,anise,yes,no,1
398,2025-09-12,agnes,7.2,11.1,distant,pink,none,no,no,0
399,2025-09-12,ossian,9.0,9.8,crowded,pink,foul,yes,yes,1
400,2025-09-12,ossian,5.4,7.2,close,brown,none,no,no,0
401,2025-09-12,birdie,3.6,7.7,crowded,brown,none,yes,no,0
402,2025-09-12,marguerite,2.4,5.8,close,brown,fishy,yes,no,0
403,2025-09-13,ossian,6.5,9.2,distant,brown,foul,no,no,1
404,2025-09-13,marguerite,9.6,9.7,distant,white,foul,no,yes,1
405,2025-09-13,ossian,9.0,14.9,close,white,none,no,yes,1
406,2025-09-13,tomasz,5.0,7.2,close,white,foul,yes,yes,0
407,2025-09-13,birdie,19.9,22.0,close,white,none,no,yes,1
408,2025-09-13,ossian,8.1,6.9,close,cream,none,no,yes,1
409,2025-09-13,birdie,4.7,8.2,distant,purple-black,none,no,yes,1
410,2025-09-13,agnes,8.1,7.4,distant,white,foul,yes,yes,1
411,2025-09-13,agnes,7.2,11.4,close,brown,anise,no,no,0
412,2025-09-13,ossian,7.2,10.3,close,brown,foul,no,yes,1
413,2025-09-13,birdie,6.5,10.1,distant,brown,none,yes,no,0
414,2025-09-13,marguerite,24.0,17.5,close,brown,none,no,no,0
415,2025-09-13,birdie,7.7,11.7,distant,purple-black,none,no,no,0
416,2025-09-13,birdie,5.5,10.4,close,brown,earthy,no,no,0
417,2025-09-13,tomasz,5.7,8.2,distant,white,none,no,yes,0
418,2025-09-13,tomasz,7.5,7.7,close,purple-black,none,no,no,1
419,2025-09-13,ossian,6.1,7.8,close,purple-black,fishy,no,yes,1
420,2025-09-13,marguerite,4.5,3.6,crowded,brown,none,no,no,0
421,2025-09-14,ossian,7.6,8.0,crowded,cream,foul,no,no,1
422,2025-09-14,agnes,3.6,5.8,crowded,brown,foul,yes,no,0
423,2025-09-14,ossian,7.3,9.2,close,white,none,no,yes,0
424,2025-09-14,ossian,6.3,7.0,close,cream,none,no,yes,0
425,2025-09-14,marguerite,6.4,7.9,crowded,white,none,no,yes,1
426,2025-09-14,birdie,8.7,8.9,close,cream,earthy,no,yes,0
427,2025-09-14,agnes,6.3,8.9,crowded,brown,none,yes,yes,0
428,2025-09-14,birdie,7.4,3.3,distant,brown,earthy,no,no,1
429,2025-09-14,agnes,4.4,7.3,crowded,white,earthy,no,yes,1
430,2025-09-14,marguerite,7.2,8.1,close,cream,none,yes,no,0
431,2025-09-14,ossian,5.6,7.9,close,purple-black,earthy,no,no,1
432,2025-09-14,tomasz,3.4,4.8,close,white,foul,yes,no,0
433,2025-09-14,ossian,8.0,10.3,crowded,purple-black,anise,no,no,0
434,2025-09-14,marguerite,6.9,12.0,distant,purple-black,anise,no,no,0
435,2025-09-14,birdie,8.8,12.6,close,white,earthy,no,yes,1
436,2025-09-14,marguerite,3.9,8.1,close,pink,none,no,yes,0
437,2025-09-14,birdie,2.8,5.3,close,pink,earthy,no,no,1
438,2025-09-14,tomasz,7.9,8.7,close,brown,earthy,yes,yes,1
439,2025-09-15,marguerite,7.8,11.4,distant,white,none,no,yes,1
440,2025-09-15,birdie,3.7,6.4,close,brown,foul,no,no,0
441,2025-09-15,marguerite,7.8,10.0,close,white,foul,no,yes,1
442,2025-09-15,ossian,2.7,4.2,distant,purple-black,none,yes,no,0
443,2025-09-15,agnes,4.3,3.6,distant,brown,anise,no,no,0
444,2025-09-15,birdie,8.5,8.0,close,white,none,no,yes,1
445,2025-09-15,ossian,4.8,6.1,close,cream,earthy,no,yes,0
446,2025-09-15,birdie,13.1,21.0,close,white,foul,no,yes,1
447,2025-09-15,birdie,7.1,11.8,crowded,cream,earthy,no,yes,1
448,2025-09-15,birdie,5.4,6.6,close,cream,foul,yes,yes,1
449,2025-09-15,tomasz,9.6,13.3,distant,white,none,no,yes,0
450,2025-09-15,ossian,12.5,17.9,crowded,pink,almond,yes,no,0
451,2025-09-15,ossian,10.9,14.3,close,brown,almond,yes,no,0
452,2025-09-15,marguerite,3.1,4.7,crowded,purple-black,earthy,no,yes,1
453,2025-09-15,birdie,5.6,6.8,crowded,purple-black,none,no,no,0
454,2025-09-15,birdie,4.7,7.0,close,purple-black,almond,no,no,0
455,2025-09-15,marguerite,13.0,8.7,crowded,purple-black,none,yes,yes,0
456,2025-09-16,tomasz,7.7,8.7,close,cream,earthy,no,yes,0
457,2025-09-16,marguerite,3.6,7.4,distant,brown,none,yes,no,0
458,2025-09-16,ossian,6.2,10.9,distant,cream,none,no,no,0
459,2025-09-16,birdie,5.2,7.6,distant,white,none,no,no,1
460,2025-09-16,birdie,3.6,6.2,crowded,white,none,no,yes,1
461,2025-09-16,agnes,5.1,4.4,crowded,white,none,no,yes,0
462,2025-09-16,agnes,9.2,14.6,crowded,white,none,yes,yes,0
463,2025-09-16,ossian,12.9,19.2,distant,purple-black,none,yes,no,0
464,2025-09-16,marguerite,10.3,14.7,close,pink,almond,no,yes,0
465,2025-09-16,agnes,6.1,5.2,crowded,brown,earthy,yes,yes,0
466,2025-09-16,birdie,6.9,7.9,distant,purple-black,fishy,no,yes,1
467,2025-09-16,agnes,5.1,7.9,close,brown,earthy,yes,no,0
468,2025-09-16,birdie,6.0,8.1,close,brown,none,yes,no,0
469,2025-09-16,marguerite,9.9,12.9,distant,cream,none,yes,yes,0
470,2025-09-16,tomasz,2.7,3.3,close,pink,none,yes,yes,0
471,2025-09-16,birdie,5.3,7.7,crowded,purple-black,earthy,no,no,0
472,2025-09-17,ossian,12.5,15.4,close,purple-black,foul,no,no,1
473,2025-09-17,birdie,6.4,9.8,close,brown,foul,no,no,1
474,2025-09-17,ossian,3.3,5.7,crowded,white,anise,no,no,0
475,2025-09-17,ossian,7.7,8.9,close,cream,anise,no,yes,0
476,2025-09-17,ossian,5.6,8.7,close,white,anise,no,no,0
477,2025-09-17,tomasz,3.3,7.4,distant,brown,foul,yes,yes,0
478,2025-09-17,tomasz,4.7,4.3,close,brown,earthy,yes,no,1
479,2025-09-17,agnes,6.7,7.1,close,purple-black,earthy,no,no,0
480,2025-09-17,marguerite,6.6,8.0,crowded,brown,foul,no,no,1
481,2025-09-17,marguerite,5.5,6.1,crowded,white,fishy,no,yes,1
482,2025-09-17,marguerite,6.8,11.5,close,cream,earthy,no,yes,0
483,2025-09-17,ossian,8.5,11.6,distant,brown,earthy,no,no,0
484,2025-09-17,marguerite,8.6,8.3,distant,white,almond,yes,yes,1
485,2025-09-17,ossian,6.0,6.4,close,brown,none,no,yes,0
486,2025-09-18,tomasz,6.8,6.3,crowded,cream,almond,no,no,1
487,2025-09-18,tomasz,9.2,10.3,crowded,brown,none,yes,yes,1
488,2025-09-18,tomasz,6.8,7.2,close,white,fishy,yes,yes,0
489,2025-09-18,ossian,14.1,11.7,close,cream,earthy,no,no,0
490,2025-09-18,marguerite,6.9,8.6,close,purple-black,anise,no,no,0
491,2025-09-18,marguerite,6.0,6.0,distant,brown,earthy,yes,yes,0
492,2025-09-18,birdie,7.9,7.1,close,brown,anise,yes,no,0
493,2025-09-18,agnes,5.0,8.2,close,cream,fishy,no,no,1
494,2025-09-18,marguerite,5.6,9.5,distant,brown,almond,no,no,0
495,2025-09-18,marguerite,3.0,5.7,close,brown,foul,yes,no,1
496,2025-09-18,ossian,10.2,12.4,close,cream,almond,no,no,0
497,2025-09-18,marguerite,5.7,8.4,crowded,purple-black,earthy,no,no,0
498,2025-09-18,birdie,8.8,12.3,close,purple-black,earthy,no,yes,0
499,2025-09-18,ossian,4.7,9.9,distant,white,anise,yes,yes,0
500,2025-09-18,birdie,3.2,4.6,crowded,white,none,yes,yes,1
501,2025-09-18,agnes,5.4,8.8,distant,purple-black,anise,no,no,0
502,2025-09-18,ossian,4.1,6.4,crowded,purple-black,earthy,no,no,0
503,2025-09-19,marguerite,8.0,16.7,distant,white,none,no,yes,1
504,2025-09-19,tomasz,9.3,13.9,close,cream,almond,no,yes,1
505,2025-09-19,ossian,4.9,6.1,crowded,brown,anise,no,no,0
506,2025-09-19,tomasz,4.9,6.3,crowded,brown,anise,no,no,1
507,2025-09-19,tomasz,11.5,17.9,crowded,white,none,no,yes,0
508,2025-09-19,agnes,6.8,8.4,close,white,none,no,yes,0
509,2025-09-19,tomasz,7.7,11.1,close,white,foul,no,yes,0
510,2025-09-19,ossian,5.9,8.8,close,purple-black,earthy,no,yes,0
511,2025-09-19,agnes,5.2,6.1,close,pink,foul,no,no,1
512,2025-09-19,birdie,8.1,10.3,close,purple-black,foul,no,yes,1
513,2025-09-19,tomasz,10.5,14.9,close,purple-black,anise,yes,yes,1
514,2025-09-19,agnes,5.1,11.1,crowded,cream,none,no,no,0
515,2025-09-19,tomasz,4.8,7.1,crowded,white,foul,no,no,0
516,2025-09-19,tomasz,5.2,5.4,close,brown,fishy,no,yes,0
517,2025-09-19,agnes,6.5,8.4,crowded,white,none,no,yes,1
518,2025-09-19,tomasz,3.9,4.6,crowded,cream,none,no,no,1
519,2025-09-19,agnes,3.8,6.0,close,white,foul,yes,yes,1
520,2025-09-20,tomasz,5.9,8.2,close,cream,anise,no,no,1
521,2025-09-20,ossian,6.0,4.2,crowded,white,none,yes,no,1
522,2025-09-20,tomasz,6.1,6.4,distant,brown,earthy,no,no,0
523,2025-09-20,agnes,6.5,10.5,close,brown,almond,yes,no,0
524,2025-09-20,birdie,5.8,9.2,close,pink,earthy,yes,no,0
525,2025-09-20,birdie,5.1,7.3,crowded,purple-black,anise,no,no,0
526,2025-09-20,agnes,6.9,10.3,close,cream,none,no,no,0
527,2025-09-20,agnes,6.3,10.1,close,brown,earthy,no,no,0
528,2025-09-20,marguerite,8.5,9.6,crowded,purple-black,none,no,no,0
529,2025-09-20,marguerite,10.2,14.1,close,brown,fishy,no,yes,1
530,2025-09-20,tomasz,8.5,14.6,close,purple-black,fishy,no,no,0
531,2025-09-20,agnes,6.3,5.4,close,white,foul,yes,yes,1
532,2025-09-20,agnes,4.7,8.5,crowded,white,none,no,yes,1
533,2025-09-20,tomasz,9.0,7.3,distant,purple-black,earthy,no,yes,0
534,2025-09-20,agnes,5.3,3.5,crowded,white,foul,no,no,1
535,2025-09-20,tomasz,4.4,6.4,distant,pink,none,no,no,1
536,2025-09-20,agnes,3.7,4.7,close,brown,none,no,no,0
537,2025-09-20,marguerite,6.8,10.3,close,cream,earthy,yes,no,0
538,2025-09-20,tomasz,5.6,6.6,close,cream,foul,no,yes,0
539,2025-09-20,tomasz,6.3,10.0,close,brown,foul,yes,no,0
540,2025-09-21,agnes,6.9,10.1,distant,brown,none,no,yes,0
541,2025-09-21,tomasz,5.4,6.6,distant,pink,almond,no,yes,1
542,2025-09-21,agnes,6.0,10.5,crowded,white,earthy,no,yes,1
543,2025-09-21,marguerite,9.9,9.4,crowded,cream,anise,no,no,0
544,2025-09-21,marguerite,5.7,5.7,close,purple-black,none,yes,no,0
545,2025-09-21,birdie,6.6,9.2,crowded,brown,foul,yes,yes,1
546,2025-09-21,marguerite,3.6,5.8,crowded,white,anise,no,yes,1
547,2025-09-21,marguerite,6.8,6.5,crowded,white,none,no,yes,1
548,2025-09-21,tomasz,8.7,8.9,close,brown,foul,yes,no,0
549,2025-09-21,ossian,7.4,9.0,crowded,brown,earthy,no,no,0
550,2025-09-21,birdie,8.3,9.9,close,cream,none,yes,no,0
551,2025-09-21,ossian,5.2,9.5,close,brown,none,no,no,0
552,2025-09-21,birdie,3.8,7.1,crowded,brown,none,yes,no,0
553,2025-09-21,ossian,8.3,14.0,crowded,brown,none,yes,yes,0
554,2025-09-22,marguerite,4.5,6.0,close,white,earthy,no,no,0
555,2025-09-22,tomasz,6.4,8.2,close,white,none,no,yes,0
556,2025-09-22,birdie,11.1,13.2,close,pink,almond,yes,yes,0
557,2025-09-22,ossian,6.5,10.4,crowded,pink,earthy,no,yes,0
558,2025-09-22,agnes,9.9,11.4,close,white,none,no,yes,1
559,2025-09-22,birdie,2.0,5.3,crowded,brown,none,no,no,0
560,2025-09-22,tomasz,6.5,7.1,close,white,anise,yes,yes,1
561,2025-09-22,tomasz,8.2,14.3,close,brown,none,yes,no,1
562,2025-09-22,birdie,13.8,14.0,close,pink,foul,yes,no,1
563,2025-09-22,agnes,7.3,8.3,close,white,anise,no,yes,0
564,2025-09-22,marguerite,4.7,7.4,close,pink,almond,no,no,0
565,2025-09-22,birdie,5.3,4.7,close,white,none,no,yes,1
566,2025-09-22,birdie,8.7,6.6,close,white,none,no,no,0
567,2025-09-22,agnes,6.2,10.1,crowded,white,foul,no,yes,1
568,2025-09-22,ossian,7.5,11.0,distant,purple-black,earthy,no,no,0
569,2025-09-22,marguerite,6.3,9.4,close,purple-black,fishy,no,yes,1
570,2025-09-22,birdie,4.2,9.2,close,pink,none,no,no,0
571,2025-09-22,birdie,7.7,7.6,close,cream,foul,yes,yes,1
572,2025-09-22,agnes,10.4,11.3,crowded,white,almond,no,no,0
573,2025-09-22,birdie,9.6,9.8,distant,purple-black,earthy,no,no,0
574,2025-09-22,agnes,5.6,9.6,crowded,white,none,no,yes,1
575,2025-09-22,marguerite,5.0,8.2,close,brown,none,yes,yes,0
576,2025-09-22,marguerite,4.5,5.5,crowded,cream,fishy,yes,yes,1
577,2025-09-22,agnes,5.1,7.0,distant,cream,none,no,no,0
578,2025-09-22,tomasz,5.2,6.1,close,white,anise,no,yes,0
579,2025-09-22,agnes,10.5,12.0,crowded,brown,none,yes,no,1
580,2025-09-23,birdie,3.7,6.1,close,brown,none,yes,no,0
581,2025-09-23,ossian,9.3,13.2,close,white,none,no,no,0
582,2025-09-23,agnes,4.3,3.6,close,white,earthy,yes,no,0
583,2025-09-23,agnes,5.1,9.0,distant,purple-black,almond,yes,no,0
584,2025-09-23,agnes,7.9,10.3,distant,brown,foul,no,no,0
585,2025-09-23,ossian,11.4,17.6,close,purple-black,none,no,no,1
586,2025-09-23,tomasz,5.0,4.7,crowded,purple-black,foul,yes,yes,0
587,2025-09-23,agnes,3.7,4.5,distant,pink,none,no,no,0
588,2025-09-23,agnes,10.5,14.1,distant,brown,earthy,yes,no,0
589,2025-09-23,ossian,3.4,5.8,crowded,brown,none,no,no,0
590,2025-09-23,tomasz,6.3,7.3,close,cream,foul,no,no,0
591,2025-09-23,birdie,8.2,10.5,close,brown,none,yes,no,0
592,2025-09-23,birdie,3.1,6.2,close,white,none,no,yes,1
593,2025-09-23,birdie,2.3,2.9,crowded,cream,none,no,no,0
594,2025-09-23,ossian,5.5,7.9,distant,purple-black,earthy,no,no,0
595,2025-09-24,agnes,8.4,10.7,close,purple-black,none,no,yes,0
596,2025-09-24,birdie,11.6,13.1,crowded,brown,almond,no,no,0
597,2025-09-24,birdie,3.9,7.5,close,pink,none,no,no,1
598,2025-09-24,agnes,7.8,11.6,close,white,none,no,yes,1
599,2025-09-24,tomasz,10.5,16.8,crowded,white,earthy,no,yes,0
600,2025-09-24,tomasz,2.6,5.8,distant,purple-black,earthy,no,no,1
601,2025-09-24,agnes,10.0,12.1,crowded,purple-black,earthy,no,yes,1
602,2025-09-24,agnes,6.2,10.7,close,white,none,yes,no,0
603,2025-09-24,ossian,8.4,10.9,close,purple-black,none,no,no,0
604,2025-09-24,ossian,3.8,6.1,close,purple-black,none,no,yes,0
605,2025-09-24,ossian,3.8,6.3,crowded,brown,earthy,yes,no,0
606,2025-09-24,tomasz,5.2,8.4,crowded,white,none,no,yes,0
607,2025-09-24,tomasz,4.2,7.2,distant,brown,earthy,no,no,1
608,2025-09-24,ossian,8.6,14.4,crowded,pink,none,yes,no,0
609,2025-09-24,tomasz,4.5,6.9,crowded,brown,none,yes,no,1
610,2025-09-24,agnes,9.6,11.7,crowded,purple-black,earthy,no,yes,1
611,2025-09-24,ossian,6.1,7.0,distant,white,none,yes,yes,0
612,2025-09-25,marguerite,6.5,9.3,close,cream,fishy,no,no,1
613,2025-09-25,marguerite,9.7,13.7,distant,cream,earthy,no,yes,0
614,2025-09-25,tomasz,5.1,8.2,distant,cream,fishy,no,no,0
615,2025-09-25,tomasz,3.7,5.4,close,brown,none,yes,yes,1
616,2025-09-25,ossian,13.7,18.3,close,pink,none,no,yes,0
617,2025-09-25,birdie,7.3,12.1,distant,purple-black,fishy,no,no,1
618,2025-09-25,birdie,5.4,9.5,distant,purple-black,almond,no,no,0
619,2025-09-25,birdie,6.9,5.4,crowded,brown,almond,yes,no,0
620,2025-09-25,agnes,9.5,12.5,distant,white,none,no,yes,1
621,2025-09-25,tomasz,6.4,8.5,distant,white,none,no,no,0
622,2025-09-25,tomasz,4.5,6.9,crowded,white,none,no,yes,0
623,2025-09-25,birdie,8.1,9.8,close,white,earthy,no,yes,0
624,2025-09-25,birdie,7.3,11.9,close,pink,none,no,no,0
625,2025-09-25,agnes,7.2,9.8,crowded,white,earthy,no,no,1
626,2025-09-25,agnes,5.6,9.1,distant,brown,none,yes,no,0
627,2025-09-25,ossian,5.3,9.0,close,white,earthy,no,yes,1
628,2025-09-25,ossian,6.8,9.8,distant,white,fishy,yes,yes,1
629,2025-09-25,ossian,8.4,14.1,distant,brown,anise,yes,no,0
630,2025-09-25,agnes,8.9,6.9,close,white,almond,yes,no,0
631,2025-09-25,birdie,6.6,9.3,crowded,cream,none,no,yes,1
632,2025-09-25,tomasz,6.5,10.0,close,cream,none,no,yes,1
633,2025-09-25,birdie,3.9,9.2,close,white,none,yes,yes,1
634,2025-09-25,birdie,11.7,12.3,distant,white,none,no,yes,1
635,2025-09-25,marguerite,5.3,6.2,close,pink,none,no,yes,1
636,2025-09-25,birdie,6.1,8.6,close,white,none,no,yes,1
637,2025-09-25,marguerite,6.0,8.6,distant,brown,earthy,no,no,0
638,2025-09-25,tomasz,15.7,22.0,distant,white,none,no,no,1
639,2025-09-25,marguerite,3.4,4.1,close,purple-black,almond,yes,no,0
640,2025-09-25,birdie,10.6,12.4,close,purple-black,earthy,yes,no,0
641,2025-09-26,agnes,10.9,12.0,crowded,brown,none,no,no,0
642,2025-09-26,birdie,5.3,8.6,close,brown,none,no,no,0
643,2025-09-26,ossian,5.4,9.6,crowded,purple-black,fishy,no,yes,1
644,2025-09-26,tomasz,3.9,6.8,distant,pink,fishy,yes,yes,0
645,2025-09-26,tomasz,3.0,4.9,close,brown,none,yes,no,1
646,2025-09-26,marguerite,7.9,13.0,close,white,none,no,yes,1
647,2025-09-26,tomasz,4.1,6.1,crowded,white,anise,yes,yes,1
648,2025-09-26,marguerite,3.6,5.2,distant,cream,none,no,yes,1
649,2025-09-26,agnes,6.5,8.2,close,white,almond,no,yes,1
650,2025-09-26,ossian,7.7,8.6,distant,pink,almond,no,no,0
651,2025-09-26,agnes,5.2,7.1,close,purple-black,earthy,no,yes,0
652,2025-09-26,birdie,6.3,10.2,crowded,cream,none,no,no,0
653,2025-09-26,marguerite,7.1,9.3,close,pink,fishy,no,no,1
654,2025-09-26,birdie,5.3,7.4,close,white,none,no,no,0
655,2025-09-26,agnes,3.0,4.3,close,white,anise,no,no,0
656,2025-09-26,birdie,8.6,10.2,distant,cream,anise,no,no,0
657,2025-09-26,ossian,9.7,10.9,close,white,foul,no,no,1
658,2025-09-26,tomasz,9.8,11.6,close,pink,fishy,yes,yes,0
659,2025-09-26,birdie,6.8,11.7,distant,white,none,no,yes,1
660,2025-09-26,marguerite,2.5,5.1,close,cream,earthy,yes,no,0
661,2025-09-26,ossian,9.9,14.0,distant,white,none,no,yes,1
662,2025-09-26,birdie,7.7,13.8,close,brown,fishy,yes,no,1
663,2025-09-26,ossian,5.8,9.2,close,white,earthy,no,no,1
664,2025-09-27,ossian,4.9,8.6,close,brown,none,no,no,0
665,2025-09-27,birdie,7.8,8.7,close,purple-black,none,no,no,0
666,2025-09-27,ossian,4.0,3.3,close,brown,earthy,no,no,0
667,2025-09-27,marguerite,4.5,5.2,crowded,purple-black,foul,yes,yes,1
668,2025-09-27,tomasz,4.8,4.8,close,white,fishy,no,no,0
669,2025-09-27,tomasz,3.5,8.5,close,purple-black,none,no,no,1
670,2025-09-27,marguerite,9.3,12.1,crowded,brown,foul,yes,no,0
671,2025-09-27,tomasz,4.0,6.6,crowded,white,almond,no,yes,1
672,2025-09-27,marguerite,8.8,11.3,crowded,purple-black,anise,no,yes,0
673,2025-09-27,ossian,7.6,8.3,distant,brown,foul,yes,yes,1
674,2025-09-27,ossian,6.1,7.3,distant,brown,none,yes,no,0
675,2025-09-27,ossian,10.8,14.5,close,white,none,yes,yes,0
676,2025-09-27,birdie,7.7,8.4,crowded,brown,none,no,no,0
677,2025-09-27,ossian,5.6,9.9,close,cream,none,no,no,0
678,2025-09-27,birdie,9.6,15.7,distant,brown,earthy,no,no,0
679,2025-09-27,tomasz,5.5,8.6,crowded,cream,fishy,no,yes,0
680,2025-09-27,birdie,5.3,6.4,distant,white,anise,no,yes,0
681,2025-09-27,birdie,7.5,6.9,close,brown,earthy,no,no,0
682,2025-09-27,ossian,19.1,21.4,close,pink,anise,no,no,0
683,2025-09-27,ossian,8.2,9.2,crowded,brown,none,yes,no,0
684,2025-09-27,ossian,6.1,7.5,close,purple-black,earthy,no,no,0
685,2025-09-28,marguerite,11.1,18.0,close,white,none,no,yes,1
686,2025-09-28,tomasz,11.6,10.6,crowded,cream,earthy,no,yes,1
687,2025-09-28,agnes,13.0,14.3,crowded,brown,fishy,yes,no,1
688,2025-09-28,marguerite,3.2,6.8,distant,cream,none,no,no,0
689,2025-09-28,birdie,9.7,11.3,distant,white,earthy,no,yes,1
690,2025-09-28,ossian,3.6,5.5,close,white,anise,no,yes,0
691,2025-09-28,agnes,13.8,20.4,close,purple-black,earthy,yes,no,0
692,2025-09-28,ossian,4.2,6.0,distant,brown,foul,no,no,1
693,2025-09-28,tomasz,7.5,14.4,close,cream,none,no,no,1
694,2025-09-28,agnes,7.0,9.5,close,white,fishy,no,yes,1
695,2025-09-28,birdie,7.7,10.9,crowded,white,foul,no,yes,1
696,2025-09-28,tomasz,4.2,5.3,crowded,white,none,no,yes,0
697,2025-09-28,tomasz,8.8,10.1,crowded,cream,foul,no,no,0
698,2025-09-28,birdie,5.2,9.9,distant,brown,none,no,no,0
699,2025-09-28,agnes,3.8,4.7,crowded,brown,fishy,yes,yes,1
700,2025-09-28,ossian,5.6,9.4,close,white,almond,no,yes,0
701,2025-09-28,ossian,4.8,6.1,crowded,brown,earthy,yes,no,0
702,2025-09-28,agnes,3.9,5.1,close,white,foul,yes,no,1
703,2025-09-29,agnes,6.3,6.2,crowded,cream,anise,no,yes,0
704,2025-09-29,tomasz,6.8,10.3,crowded,pink,earthy,yes,yes,1
705,2025-09-29,birdie,4.5,5.7,distant,cream,foul,no,no,1
706,2025-09-29,marguerite,9.3,8.8,close,purple-black,earthy,no,no,0
707,2025-09-29,tomasz,4.5,5.7,crowded,brown,none,no,yes,0
708,2025-09-29,ossian,4.8,5.4,crowded,cream,none,no,no,0
709,2025-09-29,birdie,8.2,12.0,crowded,brown,none,yes,yes,0
710,2025-09-29,agnes,6.2,5.3,close,brown,none,yes,no,0
711,2025-09-29,ossian,7.7,11.4,close,cream,earthy,no,no,0
712,2025-09-29,birdie,3.0,5.6,close,white,earthy,no,yes,0
713,2025-09-29,birdie,7.8,10.7,distant,white,earthy,no,yes,1
714,2025-09-29,tomasz,9.4,12.0,distant,purple-black,none,yes,yes,1
715,2025-09-29,tomasz,6.4,9.5,distant,white,foul,no,no,0
716,2025-09-29,ossian,7.7,8.8,close,brown,almond,yes,yes,0
717,2025-09-29,tomasz,13.6,11.6,crowded,white,earthy,no,yes,0
718,2025-09-29,birdie,4.0,4.0,crowded,cream,earthy,yes,no,1
719,2025-09-29,ossian,4.8,9.0,close,pink,foul,no,yes,1
720,2025-09-29,tomasz,6.0,7.3,close,white,none,yes,yes,0
721,2025-09-30,birdie,6.6,9.0,close,cream,none,no,no,0
722,2025-09-30,tomasz,9.7,15.8,close,brown,fishy,yes,no,0
723,2025-09-30,marguerite,7.4,10.1,distant,purple-black,none,yes,yes,0
724,2025-09-30,agnes,5.3,7.5,distant,purple-black,none,no,no,0
725,2025-09-30,agnes,5.2,7.4,close,white,earthy,no,yes,1
726,2025-09-30,tomasz,15.2,18.4,crowded,brown,none,no,no,1
727,2025-09-30,marguerite,3.4,5.8,close,brown,anise,yes,no,0
728,2025-09-30,tomasz,6.3,7.7,close,purple-black,foul,yes,no,0
729,2025-09-30,agnes,5.5,9.1,distant,brown,fishy,yes,yes,1
730,2025-09-30,tomasz,7.0,6.2,close,purple-black,fishy,no,no,0
731,2025-09-30,agnes,5.1,8.7,distant,white,none,no,yes,1
732,2025-09-30,agnes,8.1,9.3,close,purple-black,earthy,no,no,0
733,2025-09-30,agnes,3.2,7.0,close,brown,earthy,no,yes,0
734,2025-09-30,agnes,5.1,8.2,close,pink,none,no,no,0
735,2025-09-30,agnes,7.9,12.8,close,white,none,no,no,1
736,2025-09-30,ossian,7.6,8.9,distant,brown,none,no,yes,0
737,2025-09-30,agnes,6.8,11.6,close,pink,earthy,no,no,1
738,2025-10-01,ossian,5.3,4.8,close,brown,earthy,no,no,1
739,2025-10-01,agnes,8.4,15.4,crowded,white,earthy,no,yes,1
740,2025-10-01,tomasz,3.0,7.3,close,brown,earthy,no,no,1
741,2025-10-01,tomasz,6.7,6.2,close,cream,earthy,no,yes,1
742,2025-10-01,agnes,7.9,9.2,crowded,purple-black,none,no,no,0
743,2025-10-01,tomasz,8.9,14.1,crowded,cream,fishy,no,yes,0
744,2025-10-01,marguerite,8.8,13.2,close,cream,foul,no,yes,1
745,2025-10-01,marguerite,14.7,17.0,distant,purple-black,none,no,no,0
746,2025-10-01,marguerite,3.2,3.2,distant,brown,earthy,yes,no,0
747,2025-10-01,agnes,7.2,12.2,distant,brown,almond,yes,no,0
748,2025-10-01,birdie,11.2,15.9,crowded,pink,earthy,no,yes,1
749,2025-10-01,marguerite,10.5,16.5,crowded,purple-black,none,no,yes,0
750,2025-10-01,agnes,4.9,5.1,crowded,cream,none,no,yes,1
751,2025-10-01,ossian,4.7,7.9,distant,cream,fishy,no,no,1
752,2025-10-01,marguerite,7.2,8.0,close,purple-black,earthy,no,yes,0
753,2025-10-01,birdie,6.0,9.4,distant,cream,earthy,no,no,0
754,2025-10-01,agnes,6.2,9.9,crowded,pink,earthy,no,yes,0
755,2025-10-01,tomasz,3.0,4.5,close,cream,fishy,no,no,0
756,2025-10-01,marguerite,4.5,6.3,close,purple-black,foul,yes,yes,1
757,2025-10-02,marguerite,6.5,10.0,distant,pink,fishy,no,no,1
758,2025-10-02,agnes,5.5,6.2,crowded,white,almond,yes,yes,0
759,2025-10-02,agnes,5.5,11.3,close,purple-black,none,yes,yes,0
760,2025-10-02,agnes,6.9,9.3,close,purple-black,anise,no,no,0
761,2025-10-02,marguerite,7.7,4.8,close,white,none,no,yes,1
762,2025-10-02,ossian,4.6,8.6,crowded,white,none,yes,no,0
763,2025-10-02,agnes,7.6,11.6,close,purple-black,anise,no,no,0
764,2025-10-02,marguerite,6.7,11.0,crowded,purple-black,earthy,no,no,1
765,2025-10-02,marguerite,4.3,5.2,close,white,earthy,no,yes,1
766,2025-10-02,marguerite,10.9,12.5,crowded,white,none,no,no,1
767,2025-10-02,marguerite,4.1,6.6,close,cream,none,no,no,0
768,2025-10-02,agnes,4.6,5.4,close,white,earthy,no,yes,1
769,2025-10-02,birdie,7.5,8.2,crowded,purple-black,fishy,no,no,1
770,2025-10-02,ossian,13.4,16.7,crowded,brown,none,no,no,0
771,2025-10-02,marguerite,6.0,5.7,crowded,white,anise,no,no,0
772,2025-10-02,ossian,4.1,5.8,close,brown,none,yes,yes,0
773,2025-10-02,ossian,6.0,7.7,crowded,brown,none,yes,no,0
774,2025-10-02,tomasz,5.1,7.7,distant,brown,almond,yes,no,1
775,2025-10-02,marguerite,10.7,11.3,distant,purple-black,none,no,no,1
776,2025-10-02,marguerite,6.1,5.6,crowded,cream,earthy,yes,no,1
777,2025-10-02,tomasz,7.4,8.8,close,white,none,no,yes,0
778,2025-10-02,birdie,3.8,4.6,close,brown,anise,no,yes,0
779,2025-10-02,tomasz,6.1,8.9,crowded,cream,none,no,no,1
780,2025-10-02,birdie,8.2,10.3,close,brown,none,no,no,0
781,2025-10-02,tomasz,10.5,16.1,close,purple-black,fishy,no,yes,0
782,2025-10-02,agnes,4.2,7.6,distant,cream,none,yes,yes,0
783,2025-10-02,marguerite,9.3,11.6,crowded,purple-black,none,no,no,0
784,2025-10-02,marguerite,7.3,8.9,close,pink,earthy,no,yes,0
785,2025-10-03,marguerite,6.3,7.0,distant,white,anise,no,yes,0
786,2025-10-03,marguerite,6.5,10.4,close,pink,almond,yes,yes,0
787,2025-10-03,marguerite,3.9,8.5,close,brown,none,yes,yes,0
788,2025-10-03,tomasz,5.8,6.1,close,brown,none,no,yes,1
789,2025-10-03,birdie,4.6,4.1,close,brown,fishy,no,yes,1
790,2025-10-03,tomasz,5.6,7.9,distant,white,anise,no,no,1
791,2025-10-03,birdie,4.4,8.9,crowded,white,foul,yes,no,1
792,2025-10-03,agnes,6.9,10.6,close,purple-black,foul,yes,no,1
793,2025-10-03,birdie,9.0,15.3,crowded,brown,none,yes,yes,0
794,2025-10-03,tomasz,6.9,8.5,crowded,cream,earthy,no,no,0
795,2025-10-03,birdie,3.0,3.9,close,white,earthy,yes,yes,1
796,2025-10-03,agnes,3.1,4.3,close,white,none,no,yes,1
797,2025-10-03,ossian,3.4,5.1,close,cream,none,no,no,0
798,2025-10-03,ossian,6.8,7.5,close,brown,earthy,yes,no,0
799,2025-10-03,agnes,4.8,3.7,distant,pink,none,no,no,0
800,2025-10-03,marguerite,13.9,18.3,close,brown,almond,yes,no,0
801,2025-10-03,ossian,4.0,4.3,close,brown,none,no,no,0
802,2025-10-03,agnes,9.6,7.1,crowded,white,none,no,yes,1
803,2025-10-03,agnes,14.4,12.1,distant,white,almond,no,no,0
804,2025-10-03,agnes,12.1,15.9,crowded,white,anise,no,yes,1
805,2025-10-03,marguerite,6.2,7.0,distant,white,none,no,yes,1
806,2025-10-03,agnes,5.4,9.6,crowded,cream,none,no,yes,0
807,2025-10-04,tomasz,3.2,6.3,close,purple-black,almond,yes,yes,1
808,2025-10-04,agnes,7.1,6.5,distant,purple-black,none,no,no,0
809,2025-10-04,agnes,9.7,15.0,close,cream,foul,yes,yes,1
810,2025-10-04,birdie,13.4,16.0,distant,cream,earthy,no,no,0
811,2025-10-04,agnes,8.2,11.7,crowded,cream,foul,no,no,1
812,2025-10-04,tomasz,3.6,3.5,distant,pink,none,yes,no,1
813,2025-10-04,birdie,5.0,7.6,crowded,cream,earthy,no,no,1
814,2025-10-04,agnes,6.0,8.5,distant,brown,anise,no,no,0
815,2025-10-04,tomasz,7.2,12.1,distant,white,foul,no,yes,0
816,2025-10-04,agnes,4.3,5.2,close,pink,earthy,yes,no,0
817,2025-10-04,tomasz,9.3,14.9,close,brown,fishy,yes,yes,0
818,2025-10-04,tomasz,15.6,20.9,close,white,none,no,yes,0
819,2025-10-04,marguerite,11.9,13.0,close,cream,none,no,no,1
820,2025-10-04,agnes,9.1,13.3,close,cream,anise,yes,yes,0
821,2025-10-04,tomasz,9.7,9.3,close,pink,anise,no,no,1
822,2025-10-04,marguerite,8.7,7.4,crowded,pink,anise,no,yes,0
823,2025-10-04,tomasz,5.0,4.1,close,pink,anise,yes,no,1
824,2025-10-04,tomasz,23.8,22.0,close,purple-black,earthy,no,yes,1
825,2025-10-04,agnes,6.7,5.9,close,white,foul,no,yes,1
826,2025-10-04,ossian,6.1,5.2,crowded,white,none,no,yes,1
827,2025-10-05,ossian,9.2,14.0,distant,brown,earthy,no,no,0
828,2025-10-05,agnes,10.6,7.1,close,cream,earthy,no,no,0
829,2025-10-05,marguerite,12.4,13.6,close,white,anise,no,no,0
830,2025-10-05,tomasz,4.2,5.9,crowded,cream,almond,no,no,1
831,2025-10-05,marguerite,4.9,8.0,close,brown,earthy,yes,no,0
832,2025-10-05,marguerite,5.6,8.7,distant,white,none,no,yes,1
833,2025-10-05,tomasz,8.0,5.7,crowded,brown,none,no,yes,1
834,2025-10-05,agnes,7.5,9.7,distant,cream,none,no,yes,0
835,2025-10-05,marguerite,19.3,22.0,crowded,brown,foul,no,no,1
836,2025-10-05,ossian,8.1,9.3,close,cream,earthy,no,yes,0
837,2025-10-05,marguerite,6.7,8.6,distant,brown,earthy,yes,yes,0
838,2025-10-05,agnes,9.6,11.0,crowded,white,fishy,no,yes,1
839,2025-10-05,ossian,10.5,14.7,close,white,none,yes,yes,1
840,2025-10-05,marguerite,11.0,15.5,crowded,cream,none,no,no,0
841,2025-10-05,ossian,5.6,7.2,close,cream,anise,yes,yes,0
842,2025-10-05,tomasz,4.5,7.6,close,cream,none,no,no,1
843,2025-10-05,marguerite,6.9,8.4,distant,brown,anise,no,no,0
844,2025-10-06,tomasz,6.2,8.8,close,cream,none,no,no,0
845,2025-10-06,tomasz,9.5,11.7,crowded,white,almond,no,yes,1
846,2025-10-06,tomasz,4.2,6.0,close,purple-black,none,no,yes,0
847,2025-10-06,agnes,4.8,9.1,distant,brown,anise,no,yes,0
848,2025-10-06,agnes,8.8,5.2,distant,pink,almond,no,no,0
849,2025-10-06,birdie,5.8,7.6,close,brown,none,no,yes,0
850,2025-10-06,marguerite,5.6,8.9,close,brown,earthy,yes,no,0
851,2025-10-06,agnes,7.4,6.0,distant,brown,none,yes,no,0
852,2025-10-06,ossian,9.8,12.9,distant,purple-black,earthy,no,no,0
853,2025-10-06,marguerite,6.8,4.5,close,brown,fishy,yes,no,0
854,2025-10-06,tomasz,5.3,6.0,distant,white,none,no,yes,0
855,2025-10-06,ossian,7.0,6.4,close,cream,earthy,no,yes,0
856,2025-10-06,birdie,4.3,5.5,close,purple-black,earthy,no,no,1
857,2025-10-06,tomasz,2.6,6.8,close,white,anise,no,no,1
858,2025-10-06,agnes,4.4,7.3,close,white,foul,no,yes,1
859,2025-10-06,tomasz,6.0,12.2,crowded,purple-black,fishy,yes,no,0
860,2025-10-07,agnes,9.2,11.6,crowded,white,anise,no,yes,0
861,2025-10-07,agnes,12.2,7.7,close,white,almond,no,yes,0
862,2025-10-07,agnes,11.0,21.1,distant,white,none,no,yes,1
863,2025-10-07,ossian,6.4,8.2,close,cream,almond,yes,no,0
864,2025-10-07,marguerite,5.8,9.7,crowded,purple-black,earthy,no,no,1
865,2025-10-07,agnes,5.0,8.1,close,purple-black,none,no,yes,0
866,2025-10-07,agnes,4.4,5.3,crowded,white,earthy,no,no,1
867,2025-10-07,ossian,10.0,15.3,crowded,brown,none,yes,yes,0
868,2025-10-07,tomasz,4.4,6.6,crowded,cream,foul,no,no,0
869,2025-10-07,agnes,5.2,8.2,close,purple-black,foul,no,no,1
870,2025-10-07,ossian,6.8,6.1,close,white,fishy,no,no,1
871,2025-10-07,agnes,10.5,12.1,distant,brown,none,yes,no,0
872,2025-10-07,birdie,5.4,3.5,close,white,earthy,yes,yes,1
873,2025-10-07,birdie,7.9,11.4,close,brown,none,yes,no,0
874,2025-10-07,marguerite,4.3,7.0,close,cream,fishy,no,no,1
875,2025-10-07,birdie,2.5,4.5,distant,white,none,yes,yes,1
876,2025-10-07,agnes,6.4,7.4,distant,purple-black,almond,no,no,0
877,2025-10-07,tomasz,9.4,7.6,distant,cream,none,yes,no,1
878,2025-10-07,tomasz,6.2,6.6,close,purple-black,earthy,no,yes,1
879,2025-10-08,tomasz,7.2,12.9,crowded,cream,anise,no,no,1
880,2025-10-08,ossian,5.2,8.0,close,white,almond,no,yes,1
881,2025-10-08,agnes,7.2,6.8,crowded,white,foul,no,no,1
882,2025-10-08,ossian,6.3,8.5,close,purple-black,earthy,no,yes,0
883,2025-10-08,tomasz,6.1,9.2,close,brown,almond,yes,yes,1
884,2025-10-08,birdie,4.6,7.9,close,white,earthy,no,yes,1
885,2025-10-08,birdie,5.1,5.4,close,brown,anise,yes,no,0
886,2025-10-08,ossian,8.1,13.7,close,white,anise,yes,no,0
887,2025-10-08,ossian,4.1,4.5,crowded,brown,fishy,yes,no,1
888,2025-10-08,agnes,9.3,15.4,close,pink,earthy,no,no,0
889,2025-10-08,birdie,14.7,17.4,close,cream,almond,no,yes,0
890,2025-10-08,agnes,8.5,16.6,distant,white,earthy,no,yes,1
891,2025-10-08,birdie,8.5,6.1,crowded,white,almond,yes,no,0
892,2025-10-08,marguerite,5.3,7.9,close,white,none,no,no,1
893,2025-10-08,birdie,14.3,17.4,distant,pink,anise,no,yes,0
894,2025-10-08,marguerite,6.2,8.9,distant,cream,almond,no,no,0
895,2025-10-08,marguerite,4.5,6.6,crowded,cream,earthy,no,no,0
896,2025-10-08,agnes,8.6,15.8,crowded,white,earthy,no,no,0
897,2025-10-08,tomasz,5.1,6.4,close,purple-black,none,no,yes,1
898,2025-10-09,agnes,5.0,6.7,close,cream,none,no,no,0
899,2025-10-09,ossian,5.8,5.9,close,white,foul,no,yes,1
900,2025-10-09,tomasz,4.6,8.1,distant,pink,none,no,no,0
901,2025-10-09,agnes,4.6,7.0,close,brown,none,yes,no,0
902,2025-10-09,agnes,4.2,5.6,close,cream,earthy,no,yes,1
903,2025-10-09,tomasz,6.0,8.3,crowded,white,earthy,no,yes,1
904,2025-10-09,marguerite,8.2,12.7,crowded,brown,foul,yes,no,1
905,2025-10-09,birdie,5.4,8.2,distant,brown,earthy,yes,no,0
906,2025-10-09,birdie,8.3,7.2,distant,white,none,no,no,1
907,2025-10-09,marguerite,10.4,15.1,close,cream,foul,no,no,1
908,2025-10-09,tomasz,3.8,7.1,close,white,none,yes,yes,0
909,2025-10-09,marguerite,5.5,10.0,close,pink,foul,no,no,1
910,2025-10-09,ossian,4.4,6.1,crowded,brown,foul,no,no,1
911,2025-10-09,agnes,9.2,7.9,close,purple-black,foul,no,no,1
912,2025-10-09,birdie,5.2,8.7,distant,white,almond,no,yes,0
913,2025-10-09,tomasz,6.6,7.2,close,pink,almond,no,no,1
914,2025-10-09,ossian,4.1,7.5,distant,brown,earthy,yes,no,0
915,2025-10-09,marguerite,3.6,5.4,close,white,earthy,no,yes,1
916,2025-10-10,marguerite,6.9,12.8,close,brown,earthy,yes,no,0
917,2025-10-10,birdie,4.0,5.2,distant,brown,none,yes,no,0
918,2025-10-10,agnes,9.7,13.4,crowded,brown,almond,no,yes,0
919,2025-10-10,marguerite,4.0,6.8,close,brown,none,yes,no,0
920,2025-10-10,marguerite,5.7,5.5,close,pink,almond,no,yes,0
921,2025-10-10,ossian,10.3,15.9,close,white,almond,no,yes,0
922,2025-10-10,ossian,5.2,5.8,crowded,cream,none,no,no,1
923,2025-10-10,agnes,7.7,10.5,close,white,foul,no,no,1
924,2025-10-10,birdie,12.6,22.0,crowded,white,anise,no,no,0
925,2025-10-10,ossian,8.0,8.3,close,white,earthy,no,yes,1
926,2025-10-10,birdie,6.5,9.0,crowded,white,fishy,yes,yes,1
927,2025-10-10,ossian,5.0,6.6,distant,pink,anise,no,no,0
928,2025-10-10,ossian,8.5,7.8,close,white,almond,yes,yes,0
929,2025-10-10,birdie,3.6,4.1,distant,white,none,no,yes,1
930,2025-10-10,agnes,9.3,9.6,crowded,brown,none,yes,no,0
931,2025-10-10,birdie,3.5,4.8,close,white,earthy,yes,yes,1
932,2025-10-10,agnes,5.7,8.2,distant,white,none,no,no,1
933,2025-10-10,tomasz,5.2,6.2,distant,cream,none,no,no,1
934,2025-10-11,tomasz,7.3,6.2,crowded,cream,earthy,yes,yes,1
935,2025-10-11,tomasz,10.3,14.1,close,pink,none,no,yes,1
936,2025-10-11,tomasz,4.0,4.1,close,cream,none,yes,yes,1
937,2025-10-11,marguerite,6.4,9.9,distant,cream,none,no,no,0
938,2025-10-11,tomasz,12.7,9.2,close,white,none,yes,yes,0
939,2025-10-11,birdie,11.2,12.3,distant,pink,earthy,no,no,0
940,2025-10-11,agnes,13.8,14.3,distant,purple-black,none,yes,no,0
941,2025-10-11,ossian,9.1,7.7,close,brown,anise,yes,yes,0
942,2025-10-11,ossian,6.7,7.6,crowded,brown,none,yes,yes,0
943,2025-10-11,ossian,8.7,10.6,close,brown,fishy,yes,no,0
944,2025-10-11,agnes,5.2,8.2,crowded,purple-black,none,no,no,0
945,2025-10-11,ossian,13.3,12.5,close,white,earthy,no,yes,1
946,2025-10-11,tomasz,5.7,7.0,distant,brown,earthy,yes,no,1
947,2025-10-11,agnes,5.9,9.7,close,pink,none,no,yes,1
948,2025-10-11,ossian,4.3,7.1,close,cream,anise,no,no,0
949,2025-10-11,ossian,17.5,15.9,distant,white,earthy,no,yes,0
950,2025-10-11,birdie,4.7,8.0,close,white,anise,no,yes,0
951,2025-10-11,birdie,8.6,13.6,crowded,cream,none,no,no,0
952,2025-10-11,tomasz,8.3,8.1,distant,pink,earthy,yes,yes,0
953,2025-10-11,tomasz,17.9,19.3,close,brown,none,no,yes,0
954,2025-10-11,marguerite,4.9,7.8,crowded,brown,fishy,yes,yes,1
955,2025-10-11,ossian,8.2,10.1,crowded,brown,earthy,yes,no,0
956,2025-10-11,ossian,4.9,5.3,distant,cream,earthy,no,no,0
957,2025-10-11,tomasz,5.6,7.0,crowded,white,none,no,yes,0
958,2025-10-12,ossian,9.8,16.7,close,white,almond,no,no,0
959,2025-10-12,ossian,8.2,10.7,crowded,white,anise,no,yes,0
960,2025-10-12,ossian,10.3,15.5,close,white,anise,no,yes,0
961,2025-10-12,agnes,13.5,15.9,distant,purple-black,almond,yes,yes,0
962,2025-10-12,marguerite,3.5,4.7,distant,white,none,no,yes,1
963,2025-10-12,ossian,13.2,15.5,close,cream,anise,no,no,0
964,2025-10-12,agnes,12.5,21.2,close,cream,none,no,no,0
965,2025-10-12,tomasz,3.9,4.0,crowded,white,anise,no,no,1
966,2025-10-12,birdie,11.1,14.3,close,brown,almond,no,no,0
967,2025-10-12,ossian,4.4,6.6,close,brown,earthy,yes,no,1
968,2025-10-13,ossian,6.7,7.2,crowded,brown,none,no,yes,1
969,2025-10-13,agnes,6.2,11.9,close,cream,none,yes,yes,1
970,2025-10-13,birdie,10.6,12.6,crowded,brown,none,yes,no,0
971,2025-10-13,ossian,8.8,16.8,crowded,white,foul,yes,yes,1
972,2025-10-13,birdie,8.1,11.3,close,cream,none,no,no,0
973,2025-10-13,birdie,7.6,9.6,crowded,cream,earthy,no,no,1
974,2025-10-13,marguerite,3.6,9.5,close,white,none,no,yes,1
975,2025-10-13,marguerite,7.1,11.9,crowded,pink,none,no,no,0
976,2025-10-13,tomasz,4.3,4.5,crowded,white,anise,no,yes,0
977,2025-10-13,marguerite,4.5,8.3,distant,white,none,yes,no,1
978,2025-10-13,ossian,7.8,9.6,crowded,brown,none,yes,no,0
979,2025-10-13,tomasz,4.5,8.5,close,white,foul,no,no,0
980,2025-10-13,birdie,9.1,13.4,crowded,brown,anise,yes,no,0
981,2025-10-13,birdie,6.1,7.7,close,brown,none,yes,no,0
982,2025-10-13,ossian,7.8,11.5,crowded,cream,almond,no,yes,0
983,2025-10-13,birdie,4.0,5.1,crowded,brown,earthy,yes,no,0
984,2025-10-13,tomasz,6.5,10.3,close,cream,earthy,no,no,0
985,2025-10-13,marguerite,7.4,7.5,crowded,white,none,yes,yes,1
986,2025-10-13,marguerite,7.8,9.1,distant,white,foul,yes,yes,1
987,2025-10-14,tomasz,5.6,7.1,distant,purple-black,none,yes,no,1
988,2025-10-14,agnes,4.3,6.7,distant,purple-black,none,no,yes,1
989,2025-10-14,birdie,4.9,5.6,distant,white,none,no,yes,1
990,2025-10-14,agnes,8.5,11.8,close,cream,almond,no,yes,0
991,2025-10-14,ossian,7.9,13.0,crowded,pink,fishy,no,no,1
992,2025-10-14,agnes,3.8,6.3,close,pink,none,yes,no,0
993,2025-10-14,agnes,10.9,13.2,crowded,purple-black,fishy,no,yes,1
994,2025-10-14,agnes,3.4,4.1,close,cream,anise,no,yes,0
995,2025-10-14,marguerite,6.3,5.9,close,white,none,no,no,1
996,2025-10-14,birdie,5.3,8.0,close,purple-black,almond,no,no,0
997,2025-10-14,tomasz,4.2,8.2,crowded,purple-black,none,no,no,1
998,2025-10-14,birdie,9.0,7.2,close,pink,none,yes,yes,1
999,2025-10-15,agnes,9.7,11.2,close,cream,fishy,no,yes,1
1000,2025-10-15,agnes,5.0,6.6,crowded,cream,none,no,no,0
1001,2025-10-15,marguerite,4.1,6.3,distant,white,earthy,no,yes,1
1002,2025-10-15,tomasz,2.9,6.8,close,purple-black,foul,no,no,0
1003,2025-10-15,marguerite,6.4,9.1,close,brown,earthy,yes,no,0
1004,2025-10-15,birdie,8.9,12.1,crowded,purple-black,fishy,no,yes,1
1005,2025-10-15,agnes,8.0,7.7,distant,cream,none,yes,yes,0
1006,2025-10-15,agnes,6.0,9.9,crowded,white,almond,no,yes,1
1007,2025-10-15,agnes,9.2,11.4,crowded,pink,earthy,no,no,0
1008,2025-10-15,marguerite,4.8,6.1,close,purple-black,anise,no,no,0
1009,2025-10-15,birdie,6.7,11.1,crowded,cream,none,no,yes,1
1010,2025-10-15,marguerite,5.9,4.3,crowded,brown,anise,yes,no,0
1011,2025-10-15,tomasz,5.3,5.7,close,cream,earthy,no,no,1
1012,2025-10-15,agnes,15.2,18.4,crowded,cream,fishy,yes,no,1
1013,2025-10-15,birdie,7.0,7.1,close,purple-black,none,no,yes,0
1014,2025-10-15,agnes,7.5,10.2,crowded,white,earthy,no,yes,1
1015,2025-10-15,ossian,7.4,11.1,distant,brown,anise,no,no,0
1016,2025-10-15,marguerite,15.6,15.3,close,cream,earthy,no,no,0
1017,2025-10-15,ossian,2.6,5.8,close,white,earthy,no,yes,1
1018,2025-10-15,marguerite,4.2,8.2,crowded,purple-black,earthy,yes,no,0
1019,2025-10-15,tomasz,6.8,7.6,distant,cream,foul,yes,no,1
1020,2025-10-15,ossian,10.8,16.9,close,white,none,no,no,1
1021,2025-10-15,agnes,6.2,9.1,crowded,purple-black,earthy,yes,no,0
1022,2025-10-15,tomasz,6.2,9.6,close,cream,fishy,no,no,0
1023,2025-10-15,agnes,9.0,8.9,close,pink,none,no,yes,0
1024,2025-10-16,agnes,5.6,7.5,crowded,brown,none,yes,yes,0
1025,2025-10-16,ossian,4.8,8.2,distant,brown,none,no,no,0
1026,2025-10-16,ossian,4.6,5.6,close,pink,earthy,no,no,0
1027,2025-10-16,ossian,5.6,5.6,close,white,foul,no,no,1
1028,2025-10-16,ossian,5.9,10.2,crowded,brown,none,no,no,0
1029,2025-10-16,tomasz,5.5,7.5,crowded,purple-black,earthy,no,no,1
1030,2025-10-16,agnes,14.6,21.1,close,cream,almond,no,no,0
1031,2025-10-16,ossian,4.9,6.0,distant,pink,none,no,no,0
1032,2025-10-16,birdie,14.1,15.2,crowded,purple-black,foul,yes,no,1
1033,2025-10-16,birdie,4.5,7.2,crowded,purple-black,none,no,yes,0
1034,2025-10-16,tomasz,4.7,10.0,crowded,cream,none,no,yes,0
1035,2025-10-16,birdie,6.1,8.1,crowded,brown,anise,yes,no,0
1036,2025-10-16,marguerite,3.9,6.8,close,pink,none,no,no,1
1037,2025-10-16,birdie,10.8,15.9,close,cream,earthy,no,yes,1
1038,2025-10-16,marguerite,3.3,6.2,close,purple-black,almond,no,no,0
1039,2025-10-16,birdie,4.4,6.4,distant,brown,fishy,no,yes,1
1040,2025-10-16,tomasz,7.6,9.4,crowded,white,foul,no,no,0
1041,2025-10-16,birdie,5.3,8.6,distant,brown,earthy,yes,yes,0
1042,2025-10-16,birdie,6.5,9.1,distant,purple-black,anise,no,no,0
1043,2025-10-16,tomasz,11.1,11.6,close,pink,none,no,no,1
1044,2025-10-16,tomasz,3.7,8.6,close,purple-black,anise,no,no,1
1045,2025-10-16,tomasz,9.0,12.5,crowded,brown,foul,yes,yes,0
1046,2025-10-16,ossian,8.4,9.5,close,white,none,no,yes,1
1047,2025-10-16,ossian,4.9,8.2,close,cream,fishy,no,no,1
1048,2025-10-16,agnes,7.2,7.6,close,purple-black,anise,no,yes,0
1049,2025-10-16,birdie,13.8,18.0,close,white,none,no,yes,1
1050,2025-10-17,ossian,8.9,7.4,distant,cream,fishy,no,yes,1
1051,2025-10-17,ossian,7.8,13.4,distant,cream,foul,no,no,1
1052,2025-10-17,agnes,5.1,9.1,close,pink,fishy,no,no,1
1053,2025-10-17,marguerite,6.4,5.9,close,cream,none,no,no,0
1054,2025-10-17,birdie,2.7,3.5,crowded,white,earthy,no,yes,1
1055,2025-10-17,agnes,9.0,13.9,close,brown,earthy,yes,no,0
1056,2025-10-17,agnes,5.8,7.1,close,cream,foul,yes,yes,1
1057,2025-10-17,agnes,3.4,6.0,crowded,brown,anise,yes,no,0
1058,2025-10-17,agnes,6.2,8.7,close,brown,earthy,yes,no,0
1059,2025-10-17,ossian,7.9,6.4,close,white,none,no,yes,1
1060,2025-10-17,birdie,6.3,9.4,distant,brown,none,no,no,0
1061,2025-10-17,agnes,6.7,7.8,close,white,almond,no,no,1
1062,2025-10-17,marguerite,6.3,8.2,close,brown,fishy,yes,no,1
1063,2025-10-17,ossian,2.9,5.4,distant,pink,earthy,no,no,0
1064,2025-10-17,ossian,6.9,6.9,crowded,cream,none,no,no,1
1065,2025-10-17,ossian,5.9,6.5,close,white,anise,no,yes,0
1066,2025-10-17,birdie,12.1,11.2,close,white,none,no,yes,1
1067,2025-10-17,birdie,6.2,8.8,distant,white,fishy,no,no,1
1068,2025-10-17,marguerite,8.3,12.6,close,cream,none,no,no,0
1069,2025-10-17,birdie,7.6,10.8,distant,brown,fishy,no,no,1
1070,2025-10-17,marguerite,7.3,12.2,distant,white,none,yes,no,0
1071,2025-10-17,agnes,10.9,14.1,close,white,none,yes,yes,1
1072,2025-10-17,birdie,5.6,5.9,close,white,none,yes,yes,1
1073,2025-10-17,ossian,5.4,10.0,crowded,purple-black,earthy,no,yes,1
1074,2025-10-18,ossian,4.5,6.5,close,purple-black,almond,no,no,0
1075,2025-10-18,agnes,7.5,7.7,distant,brown,none,yes,no,0
1076,2025-10-18,birdie,3.5,3.8,close,white,foul,no,yes,1
1077,2025-10-18,birdie,10.9,10.8,crowded,brown,foul,no,no,1
1078,2025-10-18,birdie,5.2,6.0,close,cream,earthy,no,yes,0
1079,2025-10-18,birdie,6.6,9.3,distant,cream,none,no,yes,0
1080,2025-10-18,birdie,7.9,9.2,close,pink,earthy,no,yes,0
1081,2025-10-18,tomasz,5.1,5.8,close,white,none,no,yes,0
1082,2025-10-18,tomasz,9.8,8.7,close,purple-black,none,no,yes,1
1083,2025-10-18,agnes,7.4,7.6,close,cream,anise,yes,no,0
1084,2025-10-18,agnes,6.9,11.7,crowded,purple-black,earthy,no,no,0
1085,2025-10-18,agnes,6.5,11.1,close,cream,none,no,no,0
1086,2025-10-18,marguerite,7.0,8.2,close,brown,none,yes,yes,0
1087,2025-10-18,agnes,3.3,4.7,close,pink,fishy,yes,no,1
1088,2025-10-18,birdie,13.2,20.4,crowded,white,none,no,yes,1
1089,2025-10-18,agnes,7.9,7.5,close,purple-black,almond,yes,yes,0
1090,2025-10-18,marguerite,6.3,6.8,close,brown,none,yes,yes,0
1091,2025-10-18,agnes,7.5,10.0,crowded,cream,anise,no,no,0
1092,2025-10-18,birdie,7.2,7.9,crowded,white,none,yes,no,1
1093,2025-10-18,ossian,8.1,5.8,close,white,fishy,no,yes,1
1094,2025-10-18,agnes,4.3,9.1,close,pink,anise,yes,no,0
1095,2025-10-18,ossian,8.9,12.9,close,purple-black,anise,no,no,0
1096,2025-10-18,ossian,4.9,7.4,crowded,white,almond,no,yes,1
1097,2025-10-18,ossian,5.0,7.2,crowded,white,earthy,no,yes,1
1098,2025-10-18,ossian,4.0,5.1,close,white,earthy,yes,yes,1
1099,2025-10-19,tomasz,11.6,18.9,close,white,none,no,yes,0
1100,2025-10-19,agnes,6.4,6.5,distant,cream,foul,no,no,1
1101,2025-10-19,ossian,7.7,8.5,crowded,white,earthy,no,yes,1
1102,2025-10-19,agnes,2.7,4.5,close,white,none,no,yes,1
1103,2025-10-19,marguerite,5.6,6.7,distant,white,fishy,no,yes,1
1104,2025-10-19,agnes,7.8,11.2,crowded,brown,earthy,yes,yes,0
1105,2025-10-19,marguerite,6.3,9.5,distant,white,none,no,no,1
1106,2025-10-19,agnes,6.3,7.9,close,pink,fishy,no,no,1
1107,2025-10-19,ossian,6.4,8.8,close,cream,none,yes,yes,1
1108,2025-10-19,marguerite,5.1,5.0,close,cream,none,yes,no,0
1109,2025-10-19,birdie,7.0,9.7,close,brown,none,yes,no,0
1110,2025-10-19,birdie,10.9,16.5,close,white,none,no,no,1
1111,2025-10-19,tomasz,7.1,10.1,close,cream,none,yes,no,1
1112,2025-10-19,birdie,5.3,8.0,close,pink,earthy,no,yes,1
1113,2025-10-19,tomasz,5.0,8.4,close,white,none,yes,yes,0
1114,2025-10-19,marguerite,8.1,12.4,close,cream,anise,no,no,0
1115,2025-10-20,marguerite,4.9,9.5,distant,purple-black,none,yes,no,0
1116,2025-10-20,tomasz,12.3,20.9,close,brown,earthy,yes,yes,1
1117,2025-10-20,ossian,4.3,7.6,close,cream,none,no,yes,0
1118,2025-10-20,tomasz,6.3,6.9,distant,pink,foul,no,no,0
1119,2025-10-20,ossian,6.4,7.8,distant,purple-black,earthy,no,no,0
1120,2025-10-20,birdie,4.1,4.4,distant,brown,none,no,no,0
1121,2025-10-20,agnes,9.4,13.2,crowded,pink,none,no,no,1
1122,2025-10-20,tomasz,5.5,3.4,close,purple-black,earthy,no,no,1
1123,2025-10-20,ossian,10.2,13.6,close,cream,none,no,no,0
1124,2025-10-20,marguerite,4.5,3.7,close,cream,fishy,no,no,1
1125,2025-10-21,tomasz,4.2,5.7,close,pink,earthy,no,no,1
1126,2025-10-21,ossian,3.4,6.6,distant,brown,none,yes,no,0
1127,2025-10-21,birdie,10.0,9.2,distant,brown,almond,no,no,0
1128,2025-10-21,marguerite,7.1,7.3,close,cream,none,no,yes,1
1129,2025-10-21,marguerite,8.3,10.8,close,purple-black,none,no,yes,1
1130,2025-10-21,ossian,6.2,8.2,distant,brown,foul,no,no,1
1131,2025-10-21,birdie,13.8,13.1,close,purple-black,foul,no,no,1
1132,2025-10-21,marguerite,4.7,4.7,distant,cream,anise,no,no,0
1133,2025-10-21,ossian,6.2,6.2,close,pink,none,no,no,0
1134,2025-10-21,agnes,11.5,15.6,crowded,brown,foul,no,no,1
1135,2025-10-21,birdie,8.1,12.8,close,white,almond,yes,no,0
1136,2025-10-21,ossian,6.9,10.1,close,cream,anise,no,yes,0
1137,2025-10-21,birdie,7.7,7.7,crowded,brown,none,yes,yes,1
1138,2025-10-21,birdie,9.6,12.5,close,pink,fishy,no,no,1
1139,2025-10-21,tomasz,9.6,11.6,distant,brown,anise,no,no,1
1140,2025-10-21,ossian,4.7,7.1,close,brown,none,yes,no,0
1141,2025-10-21,marguerite,8.2,7.8,distant,purple-black,none,no,yes,0
1142,2025-10-21,tomasz,10.2,10.0,close,cream,fishy,yes,yes,0
1143,2025-10-21,birdie,6.6,8.5,crowded,brown,earthy,no,yes,1
1144,2025-10-22,tomasz,7.4,10.7,close,purple-black,anise,yes,no,1
1145,2025-10-22,birdie,5.4,6.8,close,white,foul,yes,no,1
1146,2025-10-22,tomasz,12.2,15.9,crowded,pink,foul,no,no,0
1147,2025-10-22,agnes,10.4,9.9,close,white,anise,no,no,0
1148,2025-10-22,tomasz,5.8,7.0,close,cream,foul,no,no,0
1149,2025-10-22,tomasz,2.4,2.8,crowded,white,almond,no,no,1
1150,2025-10-22,tomasz,6.1,5.9,close,white,earthy,yes,yes,0
1151,2025-10-22,agnes,2.8,3.7,close,brown,earthy,yes,yes,0
1152,2025-10-22,tomasz,7.0,12.5,close,white,none,no,no,0
1153,2025-10-22,agnes,6.0,9.5,close,white,none,yes,yes,0
1154,2025-10-22,birdie,9.8,13.5,distant,white,earthy,no,yes,1
1155,2025-10-22,birdie,4.3,9.5,distant,brown,fishy,yes,yes,1
1156,2025-10-22,agnes,5.5,9.0,close,cream,fishy,no,no,1
1157,2025-10-22,ossian,7.5,11.7,crowded,white,earthy,yes,no,0
1158,2025-10-22,tomasz,6.2,10.9,crowded,pink,none,no,yes,0
1159,2025-10-22,agnes,4.1,6.7,close,purple-black,almond,no,no,0
1160,2025-10-22,tomasz,5.5,9.6,distant,cream,almond,yes,no,1
1161,2025-10-22,birdie,4.7,6.1,close,white,fishy,yes,yes,1
1162,2025-10-22,tomasz,7.6,10.6,distant,white,none,no,yes,0
1163,2025-10-22,marguerite,3.5,4.1,crowded,pink,none,no,no,0
1164,2025-10-22,agnes,4.2,6.3,close,cream,none,yes,yes,0
1165,2025-10-22,ossian,4.5,6.1,crowded,brown,foul,yes,no,0
1166,2025-10-23,marguerite,6.4,8.0,distant,brown,foul,no,no,1
1167,2025-10-23,marguerite,9.7,12.2,close,white,foul,no,yes,1
1168,2025-10-23,ossian,8.2,12.8,crowded,brown,none,yes,no,0
1169,2025-10-23,tomasz,5.5,7.2,crowded,brown,none,no,no,1
1170,2025-10-23,ossian,3.4,6.3,close,cream,none,no,no,1
1171,2025-10-23,agnes,3.0,3.4,close,pink,earthy,no,no,0
1172,2025-10-23,agnes,4.9,6.7,close,cream,none,no,no,0
1173,2025-10-23,ossian,3.9,5.9,close,cream,none,no,yes,0
1174,2025-10-23,tomasz,5.5,8.1,close,white,almond,no,yes,1
1175,2025-10-23,agnes,3.1,5.6,close,purple-black,none,no,no,1
1176,2025-10-23,birdie,8.1,10.7,close,cream,earthy,no,yes,0
1177,2025-10-23,ossian,8.5,10.5,distant,cream,none,no,no,0
1178,2025-10-23,marguerite,9.4,10.0,distant,white,none,no,yes,0
1179,2025-10-23,ossian,5.4,7.2,distant,purple-black,none,yes,yes,0
1180,2025-10-23,agnes,9.9,9.1,distant,brown,earthy,no,no,0
1181,2025-10-23,birdie,9.5,13.8,close,white,anise,yes,yes,0
1182,2025-10-23,tomasz,12.5,10.9,close,brown,earthy,no,no,1
1183,2025-10-24,tomasz,4.3,6.1,close,brown,none,no,no,1
1184,2025-10-24,tomasz,5.0,8.5,close,white,earthy,no,yes,1
1185,2025-10-24,birdie,3.8,6.6,distant,brown,almond,no,no,0
1186,2025-10-24,marguerite,7.4,10.0,close,brown,foul,yes,no,1
1187,2025-10-24,agnes,5.3,5.5,close,purple-black,almond,yes,no,0
1188,2025-10-24,ossian,7.0,13.8,close,white,none,no,yes,1
1189,2025-10-24,tomasz,10.4,13.2,close,white,foul,no,no,0
1190,2025-10-24,ossian,6.6,8.8,close,pink,none,no,yes,1
1191,2025-10-24,birdie,7.2,8.8,crowded,purple-black,earthy,no,no,1
1192,2025-10-24,birdie,7.9,11.1,close,purple-black,earthy,yes,no,0
1193,2025-10-24,agnes,5.2,8.1,distant,brown,earthy,yes,no,0
1194,2025-10-24,agnes,10.7,11.5,distant,brown,foul,no,no,1
1195,2025-10-24,agnes,4.3,5.7,close,purple-black,earthy,no,yes,1
1196,2025-10-24,agnes,6.1,7.3,distant,white,earthy,no,yes,1
1197,2025-10-24,tomasz,6.8,9.0,close,purple-black,foul,no,no,0
1198,2025-10-24,birdie,4.9,9.3,crowded,pink,none,no,no,0
1199,2025-10-24,tomasz,7.7,10.8,close,white,none,yes,no,1
1200,2025-10-24,birdie,6.1,11.0,distant,pink,none,no,no,1
1201,2025-10-24,marguerite,3.6,6.1,close,purple-black,anise,no,no,0
1202,2025-10-24,marguerite,4.4,6.5,close,white,none,yes,yes,1
1203,2025-10-25,agnes,6.0,10.9,close,white,anise,no,no,0
1204,2025-10-25,birdie,5.2,10.7,crowded,purple-black,earthy,no,yes,0
1205,2025-10-25,tomasz,6.6,9.3,close,purple-black,none,no,yes,1
1206,2025-10-25,birdie,4.4,4.1,close,pink,foul,no,no,1
1207,2025-10-25,tomasz,6.1,8.8,crowded,white,foul,no,yes,0
1208,2025-10-25,ossian,7.3,11.4,close,purple-black,foul,yes,yes,0
1209,2025-10-25,marguerite,4.8,4.9,close,cream,none,no,no,0
1210,2025-10-25,tomasz,6.4,7.5,close,cream,none,no,no,1
1211,2025-10-25,agnes,5.9,6.6,close,cream,none,no,yes,1
1212,2025-10-25,birdie,9.9,12.2,close,cream,none,no,yes,0
1213,2025-10-25,birdie,8.5,15.9,distant,cream,earthy,no,no,0
1214,2025-10-25,ossian,9.0,8.4,close,cream,none,no,no,0
1215,2025-10-25,agnes,10.4,16.4,close,purple-black,none,yes,no,0
1216,2025-10-25,agnes,5.5,4.9,close,cream,none,no,no,0
1217,2025-10-25,tomasz,4.2,6.3,close,purple-black,foul,no,yes,0
1218,2025-10-25,birdie,10.5,14.3,close,brown,none,yes,no,0
1219,2025-10-26,ossian,8.1,12.6,crowded,cream,earthy,yes,no,0
1220,2025-10-26,ossian,8.8,17.2,close,white,fishy,yes,yes,1
1221,2025-10-26,birdie,10.6,15.6,crowded,brown,foul,yes,yes,1
1222,2025-10-26,marguerite,6.2,8.6,close,cream,foul,no,yes,1
1223,2025-10-26,marguerite,8.2,12.9,crowded,white,almond,no,yes,1
1224,2025-10-26,tomasz,10.3,11.2,close,purple-black,none,no,yes,1
1225,2025-10-26,ossian,5.4,8.8,crowded,brown,earthy,yes,yes,0
1226,2025-10-26,tomasz,6.5,9.1,close,white,earthy,no,no,0
1227,2025-10-26,agnes,3.0,4.6,crowded,white,none,no,yes,1
1228,2025-10-26,marguerite,7.5,11.6,close,pink,earthy,no,no,0
1229,2025-10-26,tomasz,4.0,4.2,crowded,white,earthy,no,yes,1
1230,2025-10-26,birdie,6.4,10.0,distant,cream,anise,no,no,0
1231,2025-10-26,tomasz,5.2,7.1,close,brown,earthy,no,yes,0
1232,2025-10-26,marguerite,6.7,8.3,distant,white,foul,yes,yes,1
1233,2025-10-26,tomasz,8.0,16.5,close,white,earthy,yes,no,0
1234,2025-10-26,tomasz,7.4,10.5,crowded,white,earthy,no,yes,0
1235,2025-10-26,ossian,7.9,6.9,close,brown,foul,no,no,1
1236,2025-10-27,agnes,17.6,18.7,distant,white,anise,no,yes,0
1237,2025-10-27,marguerite,5.1,6.5,distant,cream,none,no,no,1
1238,2025-10-27,ossian,9.5,11.7,close,white,earthy,no,yes,1
1239,2025-10-27,marguerite,5.9,6.3,close,cream,fishy,no,no,1
1240,2025-10-27,tomasz,6.4,6.8,close,white,none,no,yes,0
1241,2025-10-27,ossian,8.9,8.4,crowded,white,earthy,no,yes,1
1242,2025-10-27,ossian,5.9,8.4,close,white,fishy,no,yes,1
1243,2025-10-27,marguerite,7.6,15.3,crowded,brown,fishy,yes,no,1
1244,2025-10-27,tomasz,4.3,7.5,crowded,white,none,yes,yes,0
1245,2025-10-27,birdie,9.4,10.1,crowded,pink,earthy,no,no,0
1246,2025-10-27,ossian,4.0,4.9,crowded,pink,earthy,no,no,1
1247,2025-10-27,marguerite,6.2,7.9,close,purple-black,earthy,no,no,0
1248,2025-10-27,tomasz,6.2,9.9,close,cream,almond,yes,no,1
1249,2025-10-27,ossian,5.6,6.6,close,white,none,no,yes,1
1250,2025-10-27,ossian,15.2,15.2,crowded,cream,earthy,yes,no,0
1251,2025-10-27,marguerite,5.7,10.6,close,brown,none,yes,yes,0
1252,2025-10-27,tomasz,4.4,5.8,distant,brown,none,no,yes,1
1253,2025-10-27,birdie,7.2,9.9,distant,brown,earthy,no,no,0
1254,2025-10-27,marguerite,8.0,10.3,crowded,cream,none,no,no,0
1255,2025-10-27,ossian,5.5,10.9,crowded,brown,earthy,yes,no,0
1256,2025-10-27,marguerite,6.8,7.1,close,white,foul,no,yes,1
1257,2025-10-27,tomasz,4.9,5.9,close,pink,anise,no,no,1
1258,2025-10-28,birdie,18.5,22.0,close,cream,earthy,yes,no,0
1259,2025-10-28,tomasz,7.2,9.9,crowded,brown,earthy,no,no,0
1260,2025-10-28,ossian,4.5,3.8,crowded,purple-black,earthy,yes,no,0
1261,2025-10-28,agnes,5.6,6.7,close,purple-black,anise,no,yes,0
1262,2025-10-28,tomasz,6.7,11.0,close,cream,none,yes,no,1
1263,2025-10-28,agnes,7.5,9.7,distant,brown,none,yes,no,0
1264,2025-10-28,marguerite,5.7,8.1,distant,brown,earthy,yes,no,0
1265,2025-10-28,marguerite,3.2,4.9,close,purple-black,none,no,no,0
1266,2025-10-29,tomasz,5.7,6.3,close,white,none,no,yes,0
1267,2025-10-29,ossian,7.3,10.3,distant,purple-black,none,no,no,1
1268,2025-10-29,marguerite,11.9,12.8,close,brown,none,no,yes,0
1269,2025-10-29,agnes,5.5,7.0,close,brown,none,yes,no,0
1270,2025-10-29,birdie,10.5,13.4,close,cream,none,no,yes,1
1271,2025-10-29,tomasz,4.2,8.0,crowded,brown,earthy,yes,yes,1
1272,2025-10-29,birdie,7.1,4.8,crowded,white,none,yes,yes,1
1273,2025-10-29,tomasz,9.0,14.3,close,cream,foul,no,yes,0
1274,2025-10-29,marguerite,7.1,6.9,close,white,none,no,yes,1
1275,2025-10-29,agnes,7.5,6.6,close,purple-black,fishy,no,no,1
1276,2025-10-29,birdie,7.2,9.0,crowded,brown,none,yes,no,0
1277,2025-10-29,tomasz,9.1,9.2,crowded,cream,none,no,no,1
1278,2025-10-30,agnes,6.3,6.0,distant,pink,foul,no,yes,1
1279,2025-10-30,tomasz,8.8,11.6,close,cream,foul,no,no,0
1280,2025-10-30,marguerite,4.0,3.8,close,brown,earthy,yes,no,0
1281,2025-10-30,ossian,8.6,9.5,crowded,cream,none,no,no,0
1282,2025-10-30,ossian,2.5,4.6,close,white,none,no,yes,1
1283,2025-10-30,marguerite,4.0,6.8,distant,purple-black,earthy,no,yes,0
1284,2025-10-30,birdie,6.1,8.4,distant,purple-black,foul,yes,no,1
1285,2025-10-30,tomasz,8.0,13.7,close,cream,none,no,yes,0
1286,2025-10-30,birdie,3.2,5.7,close,white,foul,no,yes,1
1287,2025-10-30,tomasz,15.1,19.6,distant,white,fishy,no,yes,0
1288,2025-10-30,ossian,5.6,5.3,distant,purple-black,almond,no,yes,1
1289,2025-10-31,birdie,7.1,10.3,crowded,white,none,no,yes,1
1290,2025-10-31,tomasz,2.5,4.0,close,brown,foul,yes,no,0
1291,2025-10-31,marguerite,7.6,10.8,close,white,none,no,yes,1
1292,2025-10-31,ossian,6.0,6.5,close,brown,none,yes,yes,0
1293,2025-10-31,birdie,6.0,7.2,close,brown,none,yes,no,0
1294,2025-10-31,agnes,3.2,4.9,crowded,white,foul,no,yes,1
1295,2025-10-31,birdie,4.1,5.5,close,white,earthy,no,no,1
1296,2025-10-31,ossian,2.3,2.6,close,cream,earthy,no,no,0
1297,2025-10-31,ossian,5.8,9.9,distant,white,earthy,no,yes,0
1298,2025-10-31,birdie,4.4,6.7,close,cream,earthy,no,no,0
1299,2025-10-31,birdie,9.2,9.3,close,cream,almond,no,no,0
1300,2025-10-31,birdie,4.4,6.7,close,white,none,yes,yes,1
1301,2025-10-31,tomasz,10.7,17.2,close,brown,earthy,yes,yes,1
1302,2025-10-31,ossian,4.3,4.0,close,cream,none,no,no,0
1303,2025-10-31,ossian,7.6,11.2,crowded,white,anise,no,yes,0
1304,2025-10-31,marguerite,8.4,8.4,crowded,purple-black,anise,no,yes,0
1305,2025-10-31,birdie,5.1,7.6,close,cream,none,no,no,1
1306,2025-10-31,marguerite,4.7,5.4,close,white,earthy,yes,no,0
1307,2025-10-31,agnes,12.1,16.2,distant,white,fishy,no,yes,1
1308,2025-10-31,birdie,5.4,8.4,close,white,none,no,yes,1
1309,2025-10-31,tomasz,2.1,3.2,close,pink,earthy,no,no,1
1310,2025-11-01,agnes,3.2,4.3,close,white,earthy,yes,yes,1
1311,2025-11-01,birdie,6.7,10.3,close,purple-black,none,no,no,0
1312,2025-11-01,tomasz,4.0,6.5,close,brown,almond,no,no,1
1313,2025-11-01,birdie,5.3,7.1,distant,white,none,no,yes,1
1314,2025-11-01,ossian,8.4,6.7,close,purple-black,anise,no,no,0
1315,2025-11-01,tomasz,5.5,6.8,close,white,none,no,no,0
1316,2025-11-01,tomasz,5.9,10.2,crowded,purple-black,none,yes,no,1
1317,2025-11-01,tomasz,5.1,7.8,close,brown,anise,yes,no,1
1318,2025-11-01,agnes,6.5,8.9,crowded,brown,foul,no,no,1
1319,2025-11-01,agnes,7.6,9.5,distant,brown,foul,no,yes,1
1320,2025-11-01,birdie,10.1,15.3,distant,brown,foul,no,no,1
1321,2025-11-01,birdie,9.0,9.5,close,purple-black,earthy,no,no,0
1322,2025-11-01,ossian,5.4,7.0,close,brown,none,no,yes,1
1323,2025-11-01,ossian,8.8,12.5,close,purple-black,none,no,no,1
1324,2025-11-01,agnes,12.8,13.1,close,white,earthy,no,yes,1
1325,2025-11-01,agnes,13.4,16.7,distant,brown,almond,no,yes,0
1326,2025-11-01,marguerite,6.5,12.9,crowded,white,fishy,no,yes,1
1327,2025-11-01,ossian,14.5,13.9,close,white,earthy,no,yes,1
1328,2025-11-01,birdie,7.2,8.5,close,white,fishy,no,yes,1
1329,2025-11-01,agnes,3.2,6.4,close,brown,almond,yes,no,0
1330,2025-11-01,birdie,7.6,13.2,close,purple-black,fishy,no,no,1
1331,2025-11-01,birdie,6.9,6.3,distant,brown,none,yes,no,0
1332,2025-11-01,ossian,7.1,10.1,close,white,earthy,no,yes,1
1333,2025-11-01,marguerite,13.3,22.0,close,cream,fishy,yes,no,1
1334,2025-11-01,birdie,6.6,5.7,close,brown,none,yes,yes,0
1335,2025-11-02,ossian,5.9,11.4,crowded,cream,none,yes,no,0
1336,2025-11-02,tomasz,3.0,4.8,close,cream,none,yes,yes,1
1337,2025-11-02,birdie,11.4,13.2,close,pink,none,no,yes,0
1338,2025-11-02,agnes,3.4,3.7,close,white,fishy,no,yes,1
1339,2025-11-02,ossian,6.1,9.0,distant,purple-black,none,no,no,0
1340,2025-11-02,marguerite,6.6,7.3,close,brown,none,no,no,0
1341,2025-11-02,ossian,2.8,4.7,distant,cream,foul,yes,yes,1
1342,2025-11-02,birdie,7.5,11.5,close,white,fishy,no,yes,1
1343,2025-11-02,agnes,5.2,5.2,close,pink,anise,yes,yes,0
1344,2025-11-02,ossian,9.1,10.1,close,white,none,no,no,0
1345,2025-11-02,birdie,5.2,5.5,crowded,white,anise,no,yes,1
1346,2025-11-02,ossian,6.1,9.3,crowded,brown,earthy,yes,yes,0
1347,2025-11-02,ossian,12.4,15.5,distant,white,none,no,yes,1
1348,2025-11-02,marguerite,14.6,20.2,close,white,none,yes,yes,1
1349,2025-11-02,ossian,9.5,11.9,close,pink,earthy,yes,yes,1
1350,2025-11-02,ossian,3.9,4.2,close,cream,none,yes,yes,0
1351,2025-11-02,ossian,6.1,8.2,crowded,purple-black,foul,yes,no,1
1352,2025-11-02,agnes,3.6,5.5,close,pink,earthy,no,no,0
1353,2025-11-02,birdie,9.8,14.9,distant,pink,fishy,no,no,1
1354,2025-11-02,tomasz,6.4,10.1,distant,white,almond,no,yes,0
1355,2025-11-02,tomasz,9.3,11.8,close,brown,foul,yes,yes,0
1356,2025-11-02,ossian,6.6,13.2,crowded,brown,anise,yes,no,0
1357,2025-11-02,birdie,7.6,12.2,crowded,white,anise,yes,yes,0
1358,2025-11-03,agnes,7.5,7.2,crowded,white,none,yes,yes,1
1359,2025-11-03,agnes,14.6,18.4,distant,cream,foul,yes,no,1
1360,2025-11-03,marguerite,8.8,8.8,crowded,purple-black,earthy,no,yes,0
1361,2025-11-03,birdie,6.9,9.8,close,pink,none,no,no,0
1362,2025-11-03,marguerite,15.5,22.0,distant,pink,foul,yes,no,0
1363,2025-11-03,agnes,9.7,15.7,close,purple-black,foul,no,no,1
1364,2025-11-03,tomasz,2.5,2.0,crowded,white,none,no,yes,0
1365,2025-11-03,agnes,5.9,10.8,distant,pink,fishy,yes,no,1
1366,2025-11-03,tomasz,10.9,10.6,close,cream,earthy,no,no,0
1367,2025-11-03,agnes,14.7,18.9,close,cream,earthy,no,no,0
1368,2025-11-04,marguerite,5.6,5.6,distant,cream,earthy,no,yes,0
1369,2025-11-04,birdie,15.0,17.2,close,cream,none,no,no,0
1370,2025-11-04,marguerite,2.7,2.9,close,purple-black,anise,no,no,0
1371,2025-11-04,tomasz,5.0,6.9,close,white,none,no,yes,0
1372,2025-11-04,agnes,9.0,9.0,crowded,purple-black,anise,no,no,0
1373,2025-11-04,agnes,6.2,8.9,close,cream,none,no,no,0
1374,2025-11-04,tomasz,3.9,5.2,crowded,brown,foul,yes,no,0
1375,2025-11-04,birdie,6.0,9.2,distant,brown,foul,no,yes,1
1376,2025-11-04,marguerite,4.4,6.0,distant,purple-black,none,no,no,0
1377,2025-11-04,tomasz,3.8,8.1,close,cream,almond,no,no,1
1378,2025-11-04,tomasz,8.8,10.6,close,brown,none,no,no,1
1379,2025-11-04,agnes,6.2,7.2,distant,pink,anise,no,no,0
1380,2025-11-04,ossian,7.0,8.9,close,cream,none,no,no,0
1381,2025-11-04,birdie,4.6,3.9,distant,brown,anise,no,no,0
1382,2025-11-04,marguerite,8.9,12.9,distant,white,almond,no,yes,0
1383,2025-11-05,marguerite,4.5,8.2,close,white,foul,no,yes,1
1384,2025-11-05,birdie,8.8,8.6,distant,brown,earthy,yes,no,0
1385,2025-11-05,tomasz,9.1,15.6,crowded,brown,fishy,no,yes,0
1386,2025-11-05,birdie,12.6,17.8,close,brown,fishy,yes,yes,1
1387,2025-11-05,tomasz,10.4,7.9,distant,brown,foul,yes,no,0
1388,2025-11-05,ossian,5.2,7.6,crowded,white,foul,no,yes,1
1389,2025-11-05,birdie,7.0,8.7,distant,brown,foul,no,yes,1
1390,2025-11-05,ossian,9.0,10.6,distant,brown,earthy,yes,yes,0
1391,2025-11-05,ossian,6.2,9.7,crowded,cream,earthy,no,no,0
1392,2025-11-05,ossian,3.6,6.0,close,brown,almond,yes,yes,0
1393,2025-11-05,tomasz,5.7,8.1,close,white,foul,yes,yes,0
1394,2025-11-05,agnes,9.1,12.4,close,white,foul,no,yes,1
1395,2025-11-05,agnes,5.6,8.3,distant,brown,fishy,yes,no,1
1396,2025-11-05,marguerite,3.7,5.8,close,cream,earthy,no,no,0
1397,2025-11-05,ossian,6.4,8.0,close,white,none,no,yes,1
1398,2025-11-05,tomasz,3.5,4.6,close,white,foul,yes,yes,0
1399,2025-11-05,tomasz,3.7,5.1,close,cream,almond,yes,no,1
1400,2025-11-05,marguerite,6.6,9.1,distant,cream,none,no,yes,0
1401,2025-11-05,marguerite,18.4,17.0,crowded,purple-black,none,no,yes,0
1402,2025-11-05,agnes,15.8,13.9,close,white,earthy,no,yes,1
1403,2025-11-05,marguerite,13.9,13.7,distant,brown,foul,yes,no,1
1404,2025-11-06,birdie,4.5,5.1,crowded,cream,anise,no,yes,0
1405,2025-11-06,agnes,5.6,7.9,crowded,white,none,no,yes,1
1406,2025-11-06,ossian,12.9,15.7,crowded,brown,fishy,no,yes,1
1407,2025-11-06,agnes,12.0,10.5,crowded,white,earthy,no,yes,1
1408,2025-11-06,marguerite,3.6,5.1,close,white,fishy,no,yes,1
1409,2025-11-06,marguerite,5.3,7.3,crowded,brown,earthy,yes,yes,0
1410,2025-11-06,ossian,4.4,6.9,distant,pink,earthy,yes,yes,1
1411,2025-11-06,agnes,10.7,6.9,distant,cream,almond,yes,no,0
1412,2025-11-06,birdie,5.3,6.8,crowded,brown,foul,no,no,1
1413,2025-11-06,tomasz,4.6,6.3,crowded,purple-black,foul,no,no,0
1414,2025-11-06,agnes,8.2,6.1,close,brown,earthy,no,yes,1
1415,2025-11-06,tomasz,4.9,4.0,crowded,white,none,no,yes,0
1416,2025-11-06,marguerite,3.7,6.3,close,white,none,no,yes,1
1417,2025-11-06,birdie,9.6,6.8,close,brown,earthy,yes,no,0
1418,2025-11-06,birdie,4.9,6.7,crowded,brown,none,yes,no,0
1419,2025-11-06,marguerite,8.5,14.5,crowded,purple-black,none,no,yes,0
1420,2025-11-06,agnes,6.1,10.0,distant,brown,none,yes,no,0
1421,2025-11-06,marguerite,11.6,16.4,crowded,white,foul,no,yes,1
1422,2025-11-07,marguerite,4.9,8.3,close,white,none,no,no,1
1423,2025-11-07,marguerite,4.1,8.1,crowded,cream,none,yes,no,1
1424,2025-11-07,tomasz,6.9,4.6,close,cream,earthy,no,no,0
1425,2025-11-07,birdie,3.8,4.6,crowded,cream,earthy,no,no,1
1426,2025-11-07,marguerite,9.4,12.4,distant,white,fishy,no,yes,1
1427,2025-11-07,agnes,4.1,6.5,crowded,brown,anise,yes,yes,0
1428,2025-11-07,marguerite,7.3,8.2,close,brown,earthy,no,no,0
1429,2025-11-07,ossian,13.2,13.9,close,pink,none,yes,no,0
1430,2025-11-07,ossian,5.5,8.8,close,white,none,no,yes,1
1431,2025-11-07,birdie,8.6,11.0,crowded,white,fishy,no,yes,1
1432,2025-11-07,agnes,3.6,3.6,close,cream,fishy,no,yes,1
1433,2025-11-07,tomasz,8.2,9.5,distant,purple-black,fishy,no,no,0
1434,2025-11-07,marguerite,3.8,4.8,close,cream,foul,no,yes,1
1435,2025-11-07,birdie,10.5,11.9,close,brown,almond,no,no,0
1436,2025-11-07,agnes,6.0,5.9,close,brown,none,yes,no,0
1437,2025-11-07,birdie,5.4,11.1,close,cream,fishy,yes,yes,1
1438,2025-11-07,birdie,7.1,9.9,distant,brown,earthy,yes,yes,0
1439,2025-11-07,marguerite,6.2,7.5,close,brown,earthy,no,no,0
1440,2025-11-07,ossian,5.9,5.7,close,white,fishy,no,yes,1
1441,2025-11-07,marguerite,7.6,10.5,crowded,cream,foul,no,no,1
1442,2025-11-08,marguerite,3.2,3.8,crowded,brown,earthy,no,yes,0
1443,2025-11-08,birdie,4.6,6.0,crowded,cream,foul,yes,no,1
1444,2025-11-08,ossian,4.2,7.8,crowded,brown,none,no,no,0
1445,2025-11-08,agnes,6.9,10.5,close,white,none,no,yes,1
1446,2025-11-08,birdie,16.0,15.7,close,purple-black,fishy,yes,no,0
1447,2025-11-08,tomasz,4.8,7.3,crowded,pink,none,no,yes,1
1448,2025-11-08,tomasz,3.3,5.2,close,cream,fishy,no,no,0
1449,2025-11-08,ossian,5.9,5.5,close,brown,none,no,yes,0
1450,2025-11-08,birdie,9.5,11.2,close,brown,anise,no,yes,0
1451,2025-11-08,marguerite,7.3,9.4,close,brown,none,no,yes,0
1452,2025-11-08,birdie,9.9,6.4,distant,purple-black,earthy,no,no,1
1453,2025-11-08,tomasz,3.6,2.9,close,white,almond,no,yes,1
1454,2025-11-08,agnes,4.3,6.8,close,brown,foul,yes,yes,1
1455,2025-11-08,tomasz,4.9,9.6,close,cream,earthy,yes,no,1
1456,2025-11-08,tomasz,11.2,15.9,close,brown,almond,yes,no,1
1457,2025-11-08,agnes,7.2,10.2,close,brown,none,yes,no,0
1458,2025-11-08,ossian,8.6,10.8,close,cream,none,no,no,0
1459,2025-11-08,marguerite,8.4,5.6,close,purple-black,fishy,no,no,1
1460,2025-11-08,agnes,10.2,12.1,close,pink,foul,yes,yes,1
1461,2025-11-09,ossian,6.9,8.6,crowded,pink,none,no,yes,1
1462,2025-11-09,marguerite,8.6,12.6,distant,cream,foul,no,no,1
1463,2025-11-09,birdie,6.5,7.8,crowded,white,none,no,yes,1
1464,2025-11-09,agnes,3.4,5.1,close,brown,almond,no,no,0
1465,2025-11-09,marguerite,4.9,6.5,distant,pink,earthy,no,no,0
1466,2025-11-09,birdie,5.2,8.7,crowded,cream,foul,no,no,1
1467,2025-11-09,ossian,7.0,7.7,close,white,foul,no,no,1
1468,2025-11-09,tomasz,4.2,7.6,crowded,cream,none,yes,yes,1
1469,2025-11-09,birdie,8.6,9.6,distant,brown,none,yes,yes,0
1470,2025-11-09,agnes,5.4,10.3,distant,white,none,yes,yes,1
1471,2025-11-09,agnes,7.6,10.3,close,white,anise,no,yes,0
1472,2025-11-09,marguerite,9.2,15.6,distant,cream,anise,yes,yes,0
1473,2025-11-09,birdie,14.8,18.6,crowded,white,earthy,no,yes,1
1474,2025-11-09,tomasz,10.5,10.0,close,brown,none,yes,no,1
1475,2025-11-09,agnes,10.1,9.3,close,brown,anise,yes,no,0
1476,2025-11-09,agnes,8.2,12.9,close,pink,earthy,no,no,1
1477,2025-11-09,agnes,3.5,3.3,crowded,brown,earthy,yes,no,0
1478,2025-11-09,tomasz,9.8,10.5,close,cream,none,no,yes,1
1479,2025-11-09,birdie,9.3,14.2,crowded,pink,earthy,yes,yes,0
1480,2025-11-09,ossian,3.1,5.7,close,cream,anise,no,yes,0
