reading_id,obs_date,station,rain_mm,temp_max_c,temp_min_c,humidity_pct,wind_kmh
1,2023-01-01,Factory,0.0,22.0,13.5,66,5.9
2,2023-01-01,Lake Division,0.0,23.5,15.9,62,6.3
3,2023-01-01,Upper Division,1.0,24.6,16.1,71,6.0
4,2023-01-02,Factory,0.0,24.8,16.1,67,21.3
5,2023-01-02,Lake Division,0.0,22.6,13.4,59,9.1
6,2023-01-02,Upper Division,0.0,22.8,15.1,66,8.6
7,2023-01-03,Factory,0.0,21.9,14.4,69,7.8
8,2023-01-03,Lake Division,0.0,23.6,13.9,63,11.8
9,2023-01-03,Upper Division,0.0,22.0,14.0,65,15.4
10,2023-01-04,Factory,2.0,24.2,15.0,62,8.6
11,2023-01-04,Lake Division,0.0,22.9,16.1,68,10.2
12,2023-01-04,Upper Division,0.0,23.1,14.0,61,7.6
13,2023-01-05,Factory,0.0,24.9,15.2,69,13.0
14,2023-01-05,Lake Division,0.0,23.7,16.1,60,15.4
15,2023-01-05,Upper Division,0.0,25.1,16.5,69,14.8
16,2023-01-06,Factory,0.0,22.5,15.6,62,10.7
17,2023-01-06,Lake Division,0.0,24.3,14.0,63,16.6
18,2023-01-06,Upper Division,0.0,23.4,14.4,67,12.9
19,2023-01-07,Factory,0.0,23.7,13.8,64,3.3
20,2023-01-07,Lake Division,0.0,21.9,13.4,58,4.0
21,2023-01-07,Upper Division,0.0,23.2,13.9,65,5.9
22,2023-01-08,Factory,0.0,22.7,12.9,65,3.3
23,2023-01-08,Lake Division,0.0,22.1,12.3,66,12.2
24,2023-01-08,Upper Division,0.0,23.4,16.1,68,4.0
25,2023-01-09,Factory,0.0,21.5,11.7,71,7.8
26,2023-01-09,Lake Division,0.0,22.5,13.3,60,5.1
27,2023-01-09,Upper Division,0.0,24.4,17.4,61,3.5
28,2023-01-10,Factory,1.3,23.3,16.0,80,15.3
29,2023-01-10,Lake Division,0.0,21.2,13.1,63,10.8
30,2023-01-10,Upper Division,0.0,25.8,18.5,70,2.5
31,2023-01-11,Factory,0.0,22.4,13.9,62,7.0
32,2023-01-11,Lake Division,0.0,20.8,12.4,55,9.8
33,2023-01-11,Upper Division,0.0,24.6,16.5,71,3.2
34,2023-01-12,Factory,0.0,22.3,13.3,67,10.7
35,2023-01-12,Lake Division,0.0,22.7,15.0,67,12.2
36,2023-01-12,Upper Division,0.0,20.8,11.7,66,9.2
37,2023-01-13,Factory,0.0,23.9,15.9,57,9.9
38,2023-01-13,Lake Division,0.0,23.0,15.3,65,13.1
39,2023-01-13,Upper Division,0.0,23.1,13.9,65,17.9
40,2023-01-14,Factory,0.0,25.3,15.2,67,12.9
41,2023-01-14,Lake Division,0.0,21.1,12.0,60,3.9
42,2023-01-14,Upper Division,0.0,22.4,13.6,64,13.0
43,2023-01-15,Factory,0.0,23.5,14.8,63,5.3
44,2023-01-15,Lake Division,0.0,20.9,14.3,70,6.4
45,2023-01-15,Upper Division,0.0,22.8,12.9,65,5.1
46,2023-01-16,Factory,0.0,24.7,18.3,67,9.1
47,2023-01-16,Lake Division,0.0,20.5,14.0,69,14.7
48,2023-01-16,Upper Division,0.0,22.9,15.5,69,8.9
49,2023-01-17,Factory,0.0,22.2,13.6,58,3.4
50,2023-01-17,Lake Division,0.0,21.1,10.7,69,4.4
51,2023-01-17,Upper Division,0.0,24.2,18.5,65,6.0
52,2023-01-18,Factory,0.0,23.6,14.8,66,3.1
53,2023-01-18,Lake Division,0.0,23.5,15.7,63,10.2
54,2023-01-18,Upper Division,0.0,26.1,17.0,65,2.1
55,2023-01-19,Factory,0.0,22.5,15.1,66,6.7
56,2023-01-19,Lake Division,0.0,22.6,15.1,66,10.6
57,2023-01-19,Upper Division,0.0,23.5,14.0,62,9.7
58,2023-01-20,Factory,0.0,21.7,13.7,62,12.7
59,2023-01-20,Lake Division,0.0,22.3,14.3,65,6.5
60,2023-01-20,Upper Division,0.0,22.5,13.9,63,11.0
61,2023-01-21,Factory,0.0,21.9,13.7,61,5.9
62,2023-01-21,Lake Division,0.0,22.1,11.5,67,6.7
63,2023-01-21,Upper Division,0.0,24.5,16.3,63,8.8
64,2023-01-22,Factory,0.0,23.4,14.4,65,12.7
65,2023-01-22,Lake Division,0.0,21.1,12.7,71,1.4
66,2023-01-22,Upper Division,0.0,22.5,12.9,64,14.9
67,2023-01-23,Factory,0.0,21.8,14.1,62,8.7
68,2023-01-23,Lake Division,0.0,24.8,17.1,62,9.7
69,2023-01-23,Upper Division,0.0,24.0,14.5,68,9.1
70,2023-01-24,Factory,0.0,22.2,14.5,68,3.2
71,2023-01-24,Lake Division,0.0,23.8,14.6,67,26.2
72,2023-01-24,Upper Division,0.0,23.5,15.1,61,7.0
73,2023-01-25,Factory,0.0,23.2,15.3,70,6.5
74,2023-01-25,Lake Division,0.0,20.6,11.3,62,14.3
75,2023-01-25,Upper Division,0.0,24.4,16.0,68,9.8
76,2023-01-26,Factory,0.0,22.3,13.3,63,9.0
77,2023-01-26,Lake Division,0.0,22.3,13.6,66,2.3
78,2023-01-26,Upper Division,0.0,25.0,16.5,64,7.0
79,2023-01-27,Factory,0.0,21.4,12.8,62,8.4
80,2023-01-27,Lake Division,0.0,22.4,16.0,67,6.0
81,2023-01-27,Upper Division,0.0,24.5,16.7,69,9.1
82,2023-01-28,Factory,0.0,23.7,14.1,60,11.2
83,2023-01-28,Lake Division,0.0,23.2,13.2,62,11.7
84,2023-01-28,Upper Division,0.0,23.5,15.6,68,9.1
85,2023-01-29,Factory,0.0,23.3,14.8,66,15.5
86,2023-01-29,Lake Division,0.0,22.1,12.5,67,10.5
87,2023-01-29,Upper Division,0.0,25.5,17.2,70,7.2
88,2023-01-30,Factory,0.0,23.8,15.8,63,19.2
89,2023-01-30,Lake Division,0.0,22.4,13.5,64,9.4
90,2023-01-30,Upper Division,0.0,22.9,15.7,67,15.3
91,2023-01-31,Factory,0.0,22.3,14.1,60,13.8
92,2023-01-31,Lake Division,0.0,23.4,16.2,61,8.0
93,2023-01-31,Upper Division,0.0,24.0,14.8,71,7.4
94,2023-02-01,Factory,0.0,21.7,12.7,68,4.7
95,2023-02-01,Lake Division,0.0,22.6,13.9,63,6.2
96,2023-02-01,Upper Division,0.0,23.1,13.6,67,3.0
97,2023-02-02,Factory,0.0,24.0,16.1,66,11.6
98,2023-02-02,Lake Division,0.0,21.7,13.4,66,6.6
99,2023-02-02,Upper Division,0.0,24.0,16.3,65,18.7
100,2023-02-03,Factory,0.0,23.4,16.3,66,8.1
101,2023-02-03,Lake Division,0.0,21.9,13.6,72,7.3
102,2023-02-03,Upper Division,2.3,24.1,15.6,67,14.6
103,2023-02-04,Factory,0.0,25.1,17.2,64,3.1
104,2023-02-04,Lake Division,0.0,22.3,14.9,67,2.8
105,2023-02-04,Upper Division,0.0,22.9,14.1,57,6.0
106,2023-02-05,Factory,0.0,24.9,16.8,68,10.0
107,2023-02-05,Lake Division,0.0,21.4,13.2,68,9.0
108,2023-02-05,Upper Division,-9999.0,23.8,14.0,69,15.1
109,2023-02-06,Factory,0.0,22.5,13.9,62,17.6
110,2023-02-06,Lake Division,0.0,22.8,14.4,70,4.0
111,2023-02-06,Upper Division,0.0,24.0,17.4,69,7.1
112,2023-02-07,Factory,0.0,22.9,16.3,66,2.6
113,2023-02-07,Lake Division,2.6,22.8,14.9,70,23.2
114,2023-02-07,Upper Division,0.0,22.4,14.9,70,4.7
115,2023-02-08,Factory,0.0,23.1,15.7,61,4.9
116,2023-02-08,Lake Division,0.0,22.6,15.2,67,14.7
117,2023-02-08,Upper Division,0.0,26.0,16.1,67,14.3
118,2023-02-09,Factory,0.4,22.5,14.1,78,16.5
119,2023-02-09,Lake Division,0.0,20.7,11.6,64,4.8
120,2023-02-09,Upper Division,0.0,22.9,13.4,66,10.7
121,2023-02-10,Factory,0.0,23.2,15.3,71,10.3
122,2023-02-10,Lake Division,0.0,22.0,13.0,65,5.6
123,2023-02-10,Upper Division,0.0,26.6,17.9,63,19.1
124,2023-02-11,Factory,0.0,25.4,15.6,60,11.4
125,2023-02-11,Lake Division,0.0,23.5,14.6,63,37.2
126,2023-02-11,Upper Division,0.0,24.0,15.6,62,9.0
127,2023-02-12,Factory,0.0,24.4,14.7,60,18.0
128,2023-02-12,Lake Division,0.0,20.1,12.8,63,5.8
129,2023-02-12,Upper Division,0.0,23.6,15.3,63,11.8
130,2023-02-13,Factory,0.0,22.9,14.4,63,8.0
131,2023-02-13,Lake Division,0.0,21.2,12.7,64,6.8
132,2023-02-13,Upper Division,0.0,23.9,16.3,59,1.7
133,2023-02-14,Factory,0.0,22.6,12.8,58,8.9
134,2023-02-14,Lake Division,0.0,23.3,13.7,65,8.8
135,2023-02-14,Upper Division,0.0,23.1,15.0,60,9.6
136,2023-02-15,Factory,0.0,20.2,11.4,62,2.7
137,2023-02-15,Lake Division,0.0,23.5,14.9,63,5.2
138,2023-02-15,Upper Division,4.2,23.7,15.8,70,3.1
139,2023-02-16,Factory,0.0,23.2,14.4,59,11.5
140,2023-02-16,Lake Division,0.0,22.3,13.7,64,7.7
141,2023-02-16,Upper Division,0.0,23.3,14.1,69,7.2
142,2023-02-17,Factory,0.0,20.0,10.8,63,7.3
143,2023-02-17,Lake Division,-9999.0,21.0,12.6,68,12.1
144,2023-02-17,Upper Division,0.0,23.4,14.9,61,5.6
145,2023-02-18,Factory,-9999.0,23.2,13.5,67,9.2
146,2023-02-18,Lake Division,0.0,22.8,14.6,67,7.3
147,2023-02-18,Upper Division,0.0,24.0,16.0,66,5.9
148,2023-02-19,Factory,0.0,24.1,17.5,68,1.6
149,2023-02-19,Lake Division,0.0,22.7,13.9,62,3.1
150,2023-02-19,Upper Division,0.0,25.7,16.9,63,10.2
151,2023-02-20,Factory,0.0,22.0,14.1,66,8.3
152,2023-02-20,Lake Division,0.0,21.5,12.1,63,14.1
153,2023-02-20,Upper Division,10.9,23.3,15.9,68,5.0
154,2023-02-21,Factory,0.0,25.1,17.3,67,7.4
155,2023-02-21,Lake Division,0.0,21.5,13.5,63,6.2
156,2023-02-21,Upper Division,0.0,24.3,14.8,73,3.2
157,2023-02-22,Factory,0.0,21.8,13.4,59,3.6
158,2023-02-22,Lake Division,0.0,20.9,11.6,61,16.4
159,2023-02-22,Upper Division,0.0,23.3,15.0,67,3.8
160,2023-02-23,Factory,0.0,22.0,14.5,60,7.0
161,2023-02-23,Lake Division,0.0,21.9,12.9,65,11.2
162,2023-02-23,Upper Division,0.0,23.7,15.0,62,11.8
163,2023-02-24,Factory,0.0,24.5,15.7,60,16.8
164,2023-02-24,Lake Division,0.0,22.6,12.6,62,20.2
165,2023-02-24,Upper Division,0.0,23.8,17.0,61,2.7
166,2023-02-25,Factory,0.0,21.5,12.0,62,10.0
167,2023-02-25,Lake Division,0.0,20.8,12.6,59,6.0
168,2023-02-25,Upper Division,0.0,23.3,14.7,59,8.0
169,2023-02-26,Factory,7.6,23.5,15.1,76,8.1
170,2023-02-26,Lake Division,0.0,23.7,14.4,68,12.3
171,2023-02-26,Upper Division,0.0,22.7,13.5,66,15.0
172,2023-02-27,Factory,0.0,21.6,12.8,60,6.9
173,2023-02-27,Lake Division,0.0,22.6,12.6,67,20.8
174,2023-02-27,Upper Division,0.0,22.8,13.0,72,8.3
175,2023-02-28,Factory,0.0,20.2,12.6,65,3.7
176,2023-02-28,Lake Division,0.0,21.9,12.4,65,18.2
177,2023-02-28,Upper Division,0.0,22.9,15.9,63,13.5
178,2023-03-01,Factory,6.2,22.6,12.6,80,5.6
179,2023-03-01,Lake Division,0.0,20.0,10.9,69,11.9
180,2023-03-01,Upper Division,0.0,23.1,14.7,64,10.7
181,2023-03-02,Factory,0.0,22.6,13.9,65,4.1
182,2023-03-02,Lake Division,0.0,22.5,15.6,75,3.4
183,2023-03-02,Upper Division,0.0,24.4,16.3,62,10.3
184,2023-03-03,Factory,0.0,23.6,14.5,63,1.3
185,2023-03-03,Lake Division,0.0,23.0,15.0,67,16.5
186,2023-03-03,Upper Division,0.0,24.3,16.3,58,1.5
187,2023-03-04,Factory,0.0,21.5,12.6,67,7.7
188,2023-03-04,Lake Division,0.0,24.2,16.3,68,4.1
189,2023-03-04,Upper Division,0.0,21.9,14.1,64,5.3
190,2023-03-05,Factory,0.0,23.2,12.3,67,4.5
191,2023-03-05,Lake Division,0.0,22.9,16.2,66,17.5
192,2023-03-05,Upper Division,0.0,22.4,12.7,62,13.2
193,2023-03-06,Factory,0.0,23.8,15.5,60,4.9
194,2023-03-06,Lake Division,0.2,24.0,15.1,70,18.5
195,2023-03-06,Upper Division,0.0,23.8,15.4,57,5.6
196,2023-03-07,Factory,0.0,23.0,14.0,73,1.8
197,2023-03-07,Lake Division,0.0,22.3,14.4,71,5.2
198,2023-03-07,Upper Division,0.0,24.3,16.8,71,3.6
199,2023-03-08,Factory,12.6,21.9,13.1,77,12.0
200,2023-03-08,Lake Division,0.0,22.9,12.9,67,6.6
201,2023-03-08,Upper Division,0.0,24.5,15.7,66,9.1
202,2023-03-09,Factory,0.0,23.6,15.4,66,5.9
203,2023-03-09,Lake Division,0.0,19.7,10.7,63,10.4
204,2023-03-09,Upper Division,0.0,23.0,14.4,68,5.2
205,2023-03-10,Factory,0.0,23.7,14.2,63,4.3
206,2023-03-10,Lake Division,0.0,21.2,14.0,62,8.5
207,2023-03-10,Upper Division,0.0,25.3,19.0,60,8.8
208,2023-03-11,Factory,7.2,24.7,15.8,75,10.1
209,2023-03-11,Lake Division,0.0,22.1,14.0,67,11.3
210,2023-03-11,Upper Division,0.0,24.7,16.5,68,9.4
211,2023-03-12,Factory,0.6,22.5,13.0,73,12.1
212,2023-03-12,Lake Division,0.0,23.7,15.4,61,10.2
213,2023-03-12,Upper Division,0.0,22.9,15.2,65,8.4
214,2023-03-13,Factory,0.0,20.9,12.7,64,6.6
215,2023-03-13,Lake Division,0.0,22.7,14.9,64,13.1
216,2023-03-13,Upper Division,0.0,24.6,16.7,67,5.2
217,2023-03-14,Factory,0.0,23.0,14.1,62,10.2
218,2023-03-14,Lake Division,0.0,22.3,15.4,58,13.0
219,2023-03-14,Upper Division,0.0,24.2,16.5,59,3.1
220,2023-03-15,Factory,0.0,21.2,10.7,69,19.8
221,2023-03-15,Lake Division,0.0,22.4,15.1,66,4.3
222,2023-03-15,Upper Division,0.0,25.0,16.4,58,18.7
223,2023-03-16,Factory,0.0,22.6,12.6,64,6.5
224,2023-03-16,Lake Division,0.0,23.4,14.8,63,17.1
225,2023-03-16,Upper Division,0.0,24.6,16.4,59,3.3
226,2023-03-17,Factory,0.0,22.8,14.2,66,8.0
227,2023-03-17,Lake Division,0.0,23.0,12.7,59,18.3
228,2023-03-17,Upper Division,0.0,21.9,13.5,63,12.5
229,2023-03-18,Factory,0.0,23.2,14.8,62,11.1
230,2023-03-18,Lake Division,0.0,22.6,14.2,63,10.8
231,2023-03-18,Upper Division,2.4,24.1,15.6,72,14.2
232,2023-03-19,Factory,3.6,22.8,15.7,72,6.3
233,2023-03-19,Lake Division,0.0,22.3,14.4,72,3.6
234,2023-03-19,Upper Division,0.0,24.5,15.8,65,6.8
235,2023-03-20,Factory,0.0,22.5,13.6,57,10.0
236,2023-03-20,Lake Division,0.0,21.8,11.8,59,15.6
237,2023-03-20,Upper Division,0.0,23.2,15.2,66,14.0
238,2023-03-21,Factory,0.0,21.6,13.8,69,5.5
239,2023-03-21,Lake Division,0.0,24.1,13.9,68,6.6
240,2023-03-21,Upper Division,0.0,24.6,15.9,72,10.2
241,2023-03-22,Factory,0.0,22.6,14.7,74,15.4
242,2023-03-22,Lake Division,0.0,23.1,14.4,60,12.4
243,2023-03-22,Upper Division,0.0,22.7,15.6,63,5.6
244,2023-03-23,Factory,0.0,23.9,15.9,64,9.5
245,2023-03-23,Lake Division,0.0,23.6,13.3,66,11.0
246,2023-03-23,Upper Division,0.0,26.5,18.4,63,4.9
247,2023-03-24,Factory,0.0,22.4,13.6,69,6.9
248,2023-03-24,Lake Division,-9999.0,23.4,14.5,68,12.0
249,2023-03-24,Upper Division,0.5,24.2,16.3,69,2.5
250,2023-03-25,Factory,0.0,22.3,13.1,58,3.0
251,2023-03-25,Lake Division,0.0,21.4,12.6,68,4.9
252,2023-03-25,Upper Division,0.0,23.3,14.1,70,5.8
253,2023-03-26,Factory,0.0,23.0,14.8,61,16.8
254,2023-03-26,Lake Division,0.0,22.7,14.4,64,13.4
255,2023-03-26,Upper Division,0.0,22.8,15.1,61,11.7
256,2023-03-27,Factory,7.4,23.8,16.1,75,11.2
257,2023-03-27,Lake Division,0.0,23.8,16.3,63,9.3
258,2023-03-27,Upper Division,0.0,23.1,14.7,64,3.1
259,2023-03-28,Factory,0.0,23.0,14.5,59,2.1
260,2023-03-28,Lake Division,0.0,21.1,12.5,64,28.8
261,2023-03-28,Upper Division,0.0,21.5,12.0,65,1.3
262,2023-03-29,Factory,0.0,24.9,13.7,67,9.9
263,2023-03-29,Lake Division,0.0,23.6,15.5,68,4.9
264,2023-03-29,Upper Division,0.0,21.9,11.8,70,17.6
265,2023-03-30,Factory,3.4,20.7,13.7,72,5.5
266,2023-03-30,Lake Division,0.0,23.8,15.9,70,4.6
267,2023-03-30,Upper Division,0.0,24.1,15.4,62,13.6
268,2023-03-31,Factory,0.0,23.0,14.8,64,7.3
269,2023-03-31,Lake Division,6.1,24.1,14.9,69,8.9
270,2023-03-31,Upper Division,0.0,22.3,13.2,58,2.2
271,2023-04-01,Factory,0.0,21.6,14.1,61,14.8
272,2023-04-01,Lake Division,0.0,22.9,13.4,59,6.4
273,2023-04-01,Upper Division,3.5,24.2,17.0,72,5.1
274,2023-04-02,Factory,0.0,22.7,13.8,65,9.2
275,2023-04-02,Lake Division,0.0,21.0,13.4,64,1.9
276,2023-04-02,Upper Division,0.0,23.0,14.1,66,5.2
277,2023-04-03,Factory,0.0,23.5,13.7,70,20.8
278,2023-04-03,Lake Division,0.0,20.2,10.6,64,6.7
279,2023-04-03,Upper Division,0.0,24.2,14.7,71,3.3
280,2023-04-04,Factory,0.3,22.0,12.0,83,17.5
281,2023-04-04,Lake Division,0.0,21.3,12.9,59,2.0
282,2023-04-04,Upper Division,0.0,22.6,15.0,62,9.6
283,2023-04-05,Factory,0.0,23.6,15.4,65,10.8
284,2023-04-05,Lake Division,0.7,20.9,12.2,75,9.4
285,2023-04-05,Upper Division,0.0,22.8,13.6,62,4.0
286,2023-04-06,Factory,0.0,23.2,13.9,68,8.9
287,2023-04-06,Lake Division,2.1,22.6,14.5,74,7.1
288,2023-04-06,Upper Division,0.0,24.8,16.5,54,13.7
289,2023-04-07,Factory,0.0,22.7,16.2,65,12.1
290,2023-04-07,Lake Division,0.0,23.1,14.6,61,6.4
291,2023-04-07,Upper Division,0.0,23.5,16.2,69,11.5
292,2023-04-08,Factory,0.0,23.8,14.9,61,15.4
293,2023-04-08,Lake Division,0.0,20.8,12.4,63,2.7
294,2023-04-08,Upper Division,0.0,23.9,16.4,69,16.0
295,2023-04-09,Factory,0.0,23.2,13.7,67,10.9
296,2023-04-09,Lake Division,0.0,22.8,13.6,67,2.1
297,2023-04-09,Upper Division,0.0,23.9,14.7,62,24.7
298,2023-04-10,Factory,0.0,22.2,13.2,68,4.0
299,2023-04-10,Lake Division,0.0,21.2,12.7,68,6.0
300,2023-04-10,Upper Division,0.0,22.6,14.2,68,11.8
301,2023-04-11,Factory,19.5,23.5,16.1,70,21.7
302,2023-04-11,Lake Division,0.0,24.3,15.9,65,4.6
303,2023-04-11,Upper Division,0.0,23.0,14.8,66,12.3
304,2023-04-12,Factory,0.0,23.0,14.4,62,17.8
305,2023-04-12,Lake Division,0.0,23.7,13.8,60,13.5
306,2023-04-12,Upper Division,0.0,22.8,15.0,56,6.3
307,2023-04-13,Factory,0.0,22.2,14.4,64,16.9
308,2023-04-13,Lake Division,0.0,23.0,13.6,66,4.7
309,2023-04-13,Upper Division,0.0,23.4,14.3,64,31.0
310,2023-04-14,Factory,0.0,21.7,13.9,62,5.2
311,2023-04-14,Lake Division,0.0,22.5,12.9,62,16.6
312,2023-04-14,Upper Division,0.0,24.1,15.6,60,12.7
313,2023-04-15,Factory,0.0,23.6,14.0,66,24.3
314,2023-04-15,Lake Division,0.4,22.6,14.6,68,14.1
315,2023-04-15,Upper Division,0.0,22.7,14.4,64,12.9
316,2023-04-16,Factory,0.0,25.0,16.4,60,6.2
317,2023-04-16,Lake Division,0.0,21.7,12.9,60,3.9
318,2023-04-16,Upper Division,0.0,24.6,16.3,66,9.9
319,2023-04-17,Factory,0.0,21.8,12.8,61,2.7
320,2023-04-17,Lake Division,0.0,23.7,15.6,66,8.8
321,2023-04-17,Upper Division,0.3,23.0,16.1,71,7.7
322,2023-04-18,Factory,0.0,23.7,15.1,68,4.0
323,2023-04-18,Lake Division,0.0,22.3,13.1,65,9.9
324,2023-04-18,Upper Division,0.0,22.6,13.0,64,10.2
325,2023-04-19,Factory,0.0,22.5,14.7,61,11.8
326,2023-04-19,Lake Division,0.0,20.6,12.0,56,16.8
327,2023-04-19,Upper Division,0.0,22.9,13.3,60,12.8
328,2023-04-20,Factory,0.0,22.5,13.0,60,5.9
329,2023-04-20,Lake Division,2.4,21.4,11.2,74,10.0
330,2023-04-20,Upper Division,0.0,24.0,17.9,65,14.9
331,2023-04-21,Factory,0.0,23.1,12.3,68,4.1
332,2023-04-21,Lake Division,0.0,21.0,11.6,69,4.9
333,2023-04-21,Upper Division,0.0,23.0,15.3,69,11.4
334,2023-04-22,Factory,0.0,19.6,10.9,64,9.3
335,2023-04-22,Lake Division,0.0,21.2,11.0,59,16.6
336,2023-04-22,Upper Division,0.0,24.7,15.7,67,4.5
337,2023-04-23,Factory,0.0,22.4,13.6,65,10.4
338,2023-04-23,Lake Division,0.0,21.8,13.1,69,18.3
339,2023-04-23,Upper Division,0.0,22.2,13.6,60,17.1
340,2023-04-24,Factory,0.0,22.7,15.5,61,15.3
341,2023-04-24,Lake Division,4.8,21.6,12.4,65,9.5
342,2023-04-24,Upper Division,0.4,24.1,16.8,74,2.9
343,2023-04-25,Factory,0.0,23.9,15.6,68,8.7
344,2023-04-25,Lake Division,0.0,20.9,11.8,61,6.9
345,2023-04-25,Upper Division,0.0,22.3,15.3,67,4.7
346,2023-04-26,Factory,0.0,21.3,13.7,69,11.6
347,2023-04-26,Lake Division,0.0,22.4,12.0,67,16.0
348,2023-04-26,Upper Division,0.0,21.9,13.0,67,9.7
349,2023-04-27,Factory,0.0,21.4,10.6,65,6.9
350,2023-04-27,Lake Division,0.0,21.1,13.0,68,10.0
351,2023-04-27,Upper Division,1.8,23.4,15.4,76,7.8
352,2023-04-28,Factory,0.0,23.4,16.6,68,8.4
353,2023-04-28,Lake Division,0.0,21.7,12.7,68,3.4
354,2023-04-28,Upper Division,0.0,23.8,14.8,69,15.6
355,2023-04-29,Factory,0.0,22.9,12.7,64,12.0
356,2023-04-29,Lake Division,0.0,21.2,12.1,67,9.3
357,2023-04-29,Upper Division,0.0,22.4,16.2,70,5.4
358,2023-04-30,Factory,0.0,22.5,15.1,64,12.4
359,2023-04-30,Lake Division,0.0,19.2,9.5,62,2.3
360,2023-04-30,Upper Division,0.0,24.0,16.0,63,16.5
361,2023-05-01,Factory,0.0,21.7,13.3,61,9.8
362,2023-05-01,Lake Division,0.0,21.3,11.6,61,12.3
363,2023-05-01,Upper Division,0.0,22.9,14.9,63,5.6
364,2023-05-02,Factory,0.0,23.0,15.7,64,6.7
365,2023-05-02,Lake Division,0.0,22.3,15.0,63,3.4
366,2023-05-02,Upper Division,0.0,24.0,14.4,57,14.0
367,2023-05-03,Factory,0.0,24.0,16.4,69,10.2
368,2023-05-03,Lake Division,0.0,20.5,13.3,69,3.6
369,2023-05-03,Upper Division,0.0,23.3,14.4,65,21.4
370,2023-05-04,Factory,0.0,22.3,13.6,60,14.5
371,2023-05-04,Lake Division,0.0,20.5,12.9,63,5.1
372,2023-05-04,Upper Division,0.0,22.6,14.3,61,18.1
373,2023-05-05,Factory,0.0,20.4,11.3,69,8.5
374,2023-05-05,Lake Division,0.0,22.5,13.0,62,17.4
375,2023-05-05,Upper Division,0.0,22.8,15.1,65,9.1
376,2023-05-06,Factory,0.0,23.4,14.5,67,2.7
377,2023-05-06,Lake Division,0.0,21.2,14.2,62,7.8
378,2023-05-06,Upper Division,0.0,25.3,17.0,60,1.3
379,2023-05-07,Factory,0.0,23.6,13.8,68,8.5
380,2023-05-07,Lake Division,0.0,22.4,14.7,67,3.3
381,2023-05-07,Upper Division,0.0,22.4,14.4,63,4.7
382,2023-05-08,Factory,0.0,24.5,16.0,76,4.5
383,2023-05-08,Lake Division,0.0,22.8,15.4,67,16.6
384,2023-05-08,Upper Division,0.0,24.2,16.2,61,18.4
385,2023-05-09,Factory,0.0,23.6,14.9,68,11.1
386,2023-05-09,Lake Division,22.5,23.0,15.8,70,6.1
387,2023-05-09,Upper Division,0.0,23.6,15.1,71,7.9
388,2023-05-10,Factory,0.0,23.1,15.8,75,14.3
389,2023-05-10,Lake Division,0.0,24.3,16.8,63,18.6
390,2023-05-10,Upper Division,0.0,23.1,14.8,69,17.8
391,2023-05-11,Factory,0.0,23.4,15.6,62,14.9
392,2023-05-11,Lake Division,0.0,21.0,16.3,70,7.2
393,2023-05-11,Upper Division,0.0,23.1,14.1,68,6.3
394,2023-05-12,Factory,0.0,22.7,16.5,71,13.3
395,2023-05-12,Lake Division,0.0,23.1,13.1,71,9.0
396,2023-05-12,Upper Division,5.5,23.1,15.6,74,6.6
397,2023-05-13,Factory,0.0,22.0,14.4,63,13.2
398,2023-05-13,Lake Division,1.3,21.6,14.8,72,12.2
399,2023-05-13,Upper Division,0.0,24.1,16.7,60,15.0
400,2023-05-14,Factory,0.0,22.7,15.3,70,18.2
401,2023-05-14,Lake Division,0.0,23.1,15.5,66,8.6
402,2023-05-14,Upper Division,7.0,24.0,15.1,69,8.5
403,2023-05-15,Factory,0.0,23.1,14.9,71,4.8
404,2023-05-15,Lake Division,2.2,21.4,13.2,78,2.1
405,2023-05-15,Upper Division,0.0,23.3,16.7,68,12.1
406,2023-05-16,Factory,0.0,22.7,15.1,65,9.4
407,2023-05-16,Lake Division,0.0,22.9,13.7,65,10.6
408,2023-05-16,Upper Division,0.0,24.3,16.6,68,15.3
409,2023-05-17,Factory,0.0,21.0,12.6,69,7.4
410,2023-05-17,Lake Division,0.0,21.9,13.1,61,5.9
411,2023-05-17,Upper Division,0.0,22.1,13.8,76,11.0
412,2023-05-18,Factory,0.0,23.2,18.2,65,12.2
413,2023-05-18,Lake Division,0.8,21.0,12.1,74,11.0
414,2023-05-18,Upper Division,0.0,23.6,16.6,64,17.2
415,2023-05-19,Factory,0.0,20.9,14.7,67,5.6
416,2023-05-19,Lake Division,7.3,21.4,12.3,68,17.0
417,2023-05-19,Upper Division,8.3,22.8,15.7,74,11.5
418,2023-05-20,Factory,0.0,22.8,15.0,68,4.5
419,2023-05-20,Lake Division,0.0,22.2,12.8,61,7.7
420,2023-05-20,Upper Division,21.4,23.8,15.4,78,12.0
421,2023-05-21,Factory,0.0,21.6,13.6,71,7.2
422,2023-05-21,Lake Division,0.0,24.0,14.7,68,9.8
423,2023-05-21,Upper Division,0.0,23.6,14.9,69,12.6
424,2023-05-22,Factory,2.3,22.5,13.9,77,17.3
425,2023-05-22,Lake Division,0.0,20.8,12.4,75,3.9
426,2023-05-22,Upper Division,0.0,21.3,15.6,68,8.2
427,2023-05-23,Factory,0.0,20.6,15.1,65,13.5
428,2023-05-23,Lake Division,0.0,21.3,12.0,77,2.7
429,2023-05-23,Upper Division,0.0,22.7,13.5,68,13.7
430,2023-05-24,Factory,0.0,22.1,14.2,75,19.7
431,2023-05-24,Lake Division,0.0,20.3,12.9,71,4.1
432,2023-05-24,Upper Division,31.1,21.0,13.4,73,12.5
433,2023-05-25,Factory,2.2,20.5,11.1,81,4.6
434,2023-05-25,Lake Division,5.7,20.9,10.8,76,12.6
435,2023-05-25,Upper Division,0.0,21.0,13.6,73,10.8
436,2023-05-26,Factory,0.5,22.1,14.2,79,11.1
437,2023-05-26,Lake Division,0.8,20.4,12.0,74,4.9
438,2023-05-26,Upper Division,12.1,22.8,17.5,76,7.6
439,2023-05-27,Factory,0.0,23.4,16.4,65,12.2
440,2023-05-27,Lake Division,0.0,21.3,12.3,71,20.5
441,2023-05-27,Upper Division,0.0,22.5,16.0,71,9.0
442,2023-05-28,Factory,7.5,22.9,14.8,80,12.6
443,2023-05-28,Lake Division,0.0,21.5,15.0,69,13.7
444,2023-05-28,Upper Division,0.5,23.6,15.0,77,6.6
445,2023-05-29,Factory,17.2,21.6,14.4,78,13.2
446,2023-05-29,Lake Division,0.0,19.9,12.0,71,9.6
447,2023-05-29,Upper Division,0.0,24.1,16.9,71,10.5
448,2023-05-30,Factory,0.0,20.4,12.0,70,4.6
449,2023-05-30,Lake Division,13.0,22.2,13.0,87,11.5
450,2023-05-30,Upper Division,0.0,22.0,14.3,69,6.6
451,2023-05-31,Factory,9.4,20.2,11.7,83,11.6
452,2023-05-31,Lake Division,0.0,21.2,13.9,70,3.8
453,2023-05-31,Upper Division,0.0,23.7,15.9,65,10.0
454,2023-06-01,Factory,20.7,20.5,10.7,79,7.5
455,2023-06-01,Lake Division,1.9,22.9,17.0,83,25.8
456,2023-06-01,Upper Division,0.0,21.1,13.9,78,14.5
457,2023-06-02,Factory,0.0,21.5,14.7,70,21.8
458,2023-06-02,Lake Division,0.0,19.5,11.0,73,6.7
459,2023-06-02,Upper Division,0.0,21.4,13.8,78,37.4
460,2023-06-03,Factory,0.0,22.9,16.1,69,9.3
461,2023-06-03,Lake Division,0.0,20.4,12.9,77,8.4
462,2023-06-03,Upper Division,0.0,24.1,16.2,78,9.7
463,2023-06-04,Factory,2.3,20.4,16.0,77,6.4
464,2023-06-04,Lake Division,67.7,22.6,15.9,79,6.0
465,2023-06-04,Upper Division,0.0,22.5,15.9,64,8.7
466,2023-06-05,Factory,61.6,20.7,13.4,82,12.6
467,2023-06-05,Lake Division,0.0,19.9,13.7,73,14.0
468,2023-06-05,Upper Division,0.0,21.6,13.9,76,12.9
469,2023-06-06,Factory,0.0,20.0,13.5,74,16.5
470,2023-06-06,Lake Division,0.0,21.8,15.6,67,14.2
471,2023-06-06,Upper Division,0.0,22.7,15.9,72,14.8
472,2023-06-07,Factory,0.0,20.0,13.7,81,6.0
473,2023-06-07,Lake Division,0.0,22.1,14.6,72,15.2
474,2023-06-07,Upper Division,0.0,23.4,16.7,72,16.6
475,2023-06-08,Factory,0.0,24.4,17.4,71,7.0
476,2023-06-08,Lake Division,0.0,20.8,13.9,63,8.0
477,2023-06-08,Upper Division,0.0,21.0,13.9,73,10.7
478,2023-06-09,Factory,6.6,21.6,15.3,81,13.3
479,2023-06-09,Lake Division,0.0,19.4,11.9,77,16.4
480,2023-06-09,Upper Division,7.7,21.9,14.7,89,8.7
481,2023-06-10,Factory,0.0,22.5,13.0,77,21.2
482,2023-06-10,Lake Division,0.0,21.5,14.4,80,8.6
483,2023-06-10,Upper Division,0.0,21.2,13.8,76,12.8
484,2023-06-11,Factory,0.0,22.1,16.2,73,14.1
485,2023-06-11,Lake Division,16.4,20.1,14.1,86,17.3
486,2023-06-11,Upper Division,0.0,20.6,12.4,75,12.9
487,2023-06-12,Factory,0.0,22.7,14.5,81,18.6
488,2023-06-12,Lake Division,7.7,19.6,11.3,81,12.1
489,2023-06-12,Upper Division,0.0,20.3,11.4,72,20.4
490,2023-06-13,Factory,0.0,23.9,17.0,75,8.6
491,2023-06-13,Lake Division,0.0,20.8,13.6,76,8.5
492,2023-06-13,Upper Division,0.0,22.6,15.6,67,9.0
493,2023-06-14,Factory,0.0,21.4,14.1,79,9.0
494,2023-06-14,Lake Division,0.0,20.4,13.1,77,13.6
495,2023-06-14,Upper Division,14.6,23.4,15.0,78,13.7
496,2023-06-15,Factory,0.0,20.2,14.0,77,20.4
497,2023-06-15,Lake Division,0.0,20.5,12.9,70,10.0
498,2023-06-15,Upper Division,1.5,23.7,17.3,81,12.0
499,2023-06-16,Factory,0.0,22.0,14.6,77,10.6
500,2023-06-16,Lake Division,0.0,20.1,12.3,70,13.0
501,2023-06-16,Upper Division,6.9,22.1,13.4,81,18.3
502,2023-06-17,Factory,7.2,23.6,18.3,82,16.5
503,2023-06-17,Lake Division,30.3,22.6,14.8,84,13.4
504,2023-06-17,Upper Division,0.0,21.6,14.2,72,11.8
505,2023-06-18,Factory,0.0,22.7,17.9,78,18.5
506,2023-06-18,Lake Division,3.9,20.5,14.2,77,7.3
507,2023-06-18,Upper Division,0.0,19.8,13.4,81,9.1
508,2023-06-19,Factory,2.0,21.8,14.1,77,15.2
509,2023-06-19,Lake Division,31.8,19.0,14.1,88,23.8
510,2023-06-19,Upper Division,0.0,21.8,14.2,85,12.3
511,2023-06-20,Factory,0.1,20.6,14.1,82,18.4
512,2023-06-20,Lake Division,66.0,18.2,11.8,77,8.9
513,2023-06-20,Upper Division,25.1,22.4,17.0,89,11.0
514,2023-06-21,Factory,0.0,20.2,12.5,73,13.7
515,2023-06-21,Lake Division,0.0,21.6,15.0,76,7.1
516,2023-06-21,Upper Division,5.5,21.7,16.3,81,23.0
517,2023-06-22,Factory,56.9,21.8,14.3,84,7.6
518,2023-06-22,Lake Division,0.0,20.1,14.7,78,14.5
519,2023-06-22,Upper Division,-9999.0,19.9,14.0,79,12.2
520,2023-06-23,Factory,7.5,19.6,15.0,88,13.4
521,2023-06-23,Lake Division,0.0,19.8,12.8,79,14.8
522,2023-06-23,Upper Division,6.6,21.2,15.7,87,15.0
523,2023-06-24,Factory,53.2,19.5,13.1,86,15.9
524,2023-06-24,Lake Division,0.0,21.9,15.4,76,19.6
525,2023-06-24,Upper Division,22.8,21.9,14.6,82,11.1
526,2023-06-25,Factory,46.9,21.1,14.2,87,13.7
527,2023-06-25,Lake Division,0.0,19.8,13.4,78,22.6
528,2023-06-25,Upper Division,0.0,21.6,15.9,74,8.9
529,2023-06-26,Factory,1.3,19.6,11.7,87,15.3
530,2023-06-26,Lake Division,8.4,21.7,15.3,94,8.8
531,2023-06-26,Upper Division,16.8,21.7,15.6,91,21.6
532,2023-06-27,Factory,74.1,20.1,12.1,88,13.1
533,2023-06-27,Lake Division,35.8,20.2,13.3,82,20.7
534,2023-06-27,Upper Division,0.0,20.7,14.6,84,25.9
535,2023-06-28,Factory,40.3,19.5,12.6,93,12.8
536,2023-06-28,Lake Division,20.5,19.2,13.7,85,22.0
537,2023-06-28,Upper Division,49.4,21.0,15.3,93,18.8
538,2023-06-29,Factory,7.6,19.1,13.1,93,25.0
539,2023-06-29,Lake Division,0.0,18.4,12.9,84,13.7
540,2023-06-29,Upper Division,0.0,20.5,14.3,81,12.8
541,2023-06-30,Factory,32.2,20.4,13.3,95,22.0
542,2023-06-30,Lake Division,31.1,20.1,14.7,91,23.5
543,2023-06-30,Upper Division,142.1,21.7,14.6,93,27.9
544,2023-07-01,Factory,0.3,19.5,12.3,82,30.2
545,2023-07-01,Lake Division,28.3,20.2,16.3,85,12.7
546,2023-07-01,Upper Division,0.0,19.2,12.1,80,27.9
547,2023-07-02,Factory,16.0,22.0,17.0,89,14.8
548,2023-07-02,Lake Division,4.7,18.3,13.6,90,21.6
549,2023-07-02,Upper Division,8.0,21.2,14.9,88,14.0
550,2023-07-03,Factory,36.5,21.0,14.9,89,9.8
551,2023-07-03,Lake Division,7.8,20.5,14.4,87,12.3
552,2023-07-03,Upper Division,15.0,22.7,17.4,90,10.3
553,2023-07-04,Factory,13.0,18.9,14.0,88,15.2
554,2023-07-04,Lake Division,50.1,19.4,12.8,88,13.8
555,2023-07-04,Upper Division,10.3,21.1,14.1,93,22.5
556,2023-07-05,Factory,0.0,21.0,13.1,87,21.0
557,2023-07-05,Lake Division,0.0,19.9,14.0,83,11.2
558,2023-07-05,Upper Division,139.5,19.7,11.4,84,14.5
559,2023-07-06,Factory,0.0,21.6,15.6,87,14.8
560,2023-07-06,Lake Division,0.0,18.9,14.6,82,11.6
561,2023-07-06,Upper Division,5.5,20.4,15.0,96,17.2
562,2023-07-07,Factory,65.9,19.7,14.5,81,18.8
563,2023-07-07,Lake Division,24.0,18.8,12.6,88,15.6
564,2023-07-07,Upper Division,80.0,20.2,14.8,95,11.7
565,2023-07-08,Factory,3.0,20.8,14.6,90,9.2
566,2023-07-08,Lake Division,-9999.0,19.8,12.9,93,19.2
567,2023-07-08,Upper Division,0.0,19.8,15.1,79,11.6
568,2023-07-09,Factory,34.2,20.2,15.0,85,10.0
569,2023-07-09,Lake Division,-9999.0,22.2,17.3,85,12.7
570,2023-07-09,Upper Division,0.0,20.3,14.3,79,11.8
571,2023-07-10,Factory,10.1,21.3,15.5,100,25.6
572,2023-07-10,Lake Division,-9999.0,17.2,11.9,93,10.8
573,2023-07-10,Upper Division,18.3,19.1,13.0,92,19.7
574,2023-07-11,Factory,64.6,20.6,15.4,95,27.2
575,2023-07-11,Lake Division,-9999.0,17.4,11.2,100,15.2
576,2023-07-11,Upper Division,50.5,21.5,14.7,92,22.1
577,2023-07-12,Factory,25.0,21.8,16.9,92,13.2
578,2023-07-12,Lake Division,-9999.0,18.8,13.1,97,8.6
579,2023-07-12,Upper Division,14.4,21.2,14.6,93,11.9
580,2023-07-13,Factory,0.0,19.2,13.2,81,9.9
581,2023-07-13,Lake Division,-9999.0,18.6,11.6,89,22.7
582,2023-07-13,Upper Division,28.8,21.3,14.3,89,17.3
583,2023-07-14,Factory,13.0,22.8,16.4,95,14.8
584,2023-07-14,Lake Division,-9999.0,19.1,12.5,94,12.9
585,2023-07-14,Upper Division,57.2,21.7,16.7,87,14.2
586,2023-07-15,Factory,59.1,20.7,12.4,88,14.1
587,2023-07-15,Lake Division,-9999.0,19.7,13.7,92,14.0
588,2023-07-15,Upper Division,17.3,21.9,14.4,90,8.8
589,2023-07-16,Factory,28.2,19.3,15.3,96,17.4
590,2023-07-16,Lake Division,-9999.0,19.1,14.5,88,25.6
591,2023-07-16,Upper Division,0.0,20.1,14.9,90,20.6
592,2023-07-17,Factory,38.9,19.3,13.6,99,21.1
593,2023-07-17,Lake Division,-9999.0,18.8,12.1,90,11.9
594,2023-07-17,Upper Division,2.2,20.8,15.6,96,18.7
595,2023-07-18,Factory,2.6,19.4,12.6,91,7.7
596,2023-07-18,Lake Division,-9999.0,18.7,14.1,85,12.7
597,2023-07-18,Upper Division,14.1,19.7,12.1,97,11.5
598,2023-07-19,Factory,39.5,20.7,13.2,85,8.9
599,2023-07-19,Lake Division,-9999.0,20.7,14.6,84,14.6
600,2023-07-19,Upper Division,5.7,20.5,13.6,93,14.8
601,2023-07-20,Factory,30.1,20.1,13.3,95,14.9
602,2023-07-20,Lake Division,-9999.0,19.4,14.1,95,10.2
603,2023-07-20,Upper Division,0.1,21.9,16.6,91,15.1
604,2023-07-21,Factory,11.8,22.6,17.4,100,19.0
605,2023-07-21,Lake Division,-9999.0,18.2,10.7,91,17.7
606,2023-07-21,Upper Division,8.4,20.6,14.3,91,16.0
607,2023-07-22,Factory,5.1,20.7,15.3,90,19.5
608,2023-07-22,Lake Division,0.0,19.5,12.4,85,9.6
609,2023-07-22,Upper Division,9.1,22.4,16.5,91,14.9
610,2023-07-23,Factory,17.9,20.7,16.0,95,20.3
611,2023-07-23,Lake Division,0.0,17.4,11.9,82,22.0
612,2023-07-23,Upper Division,8.1,20.3,14.7,88,10.4
613,2023-07-24,Factory,44.2,19.7,15.1,89,13.7
614,2023-07-24,Lake Division,31.4,20.7,14.2,90,11.8
615,2023-07-24,Upper Division,7.2,21.9,16.1,98,12.5
616,2023-07-25,Factory,46.2,18.7,12.5,87,15.1
617,2023-07-25,Lake Division,20.0,18.7,14.6,92,8.2
618,2023-07-25,Upper Division,0.7,20.7,15.4,84,15.1
619,2023-07-26,Factory,2.4,19.4,13.7,92,19.2
620,2023-07-26,Lake Division,21.6,18.7,11.8,87,9.9
621,2023-07-26,Upper Division,0.0,19.2,12.9,84,16.8
622,2023-07-27,Factory,-9999.0,17.4,11.3,92,23.8
623,2023-07-27,Lake Division,64.4,18.6,12.1,93,17.9
624,2023-07-27,Upper Division,49.7,21.0,14.8,86,19.8
625,2023-07-28,Factory,55.4,22.5,14.7,96,11.0
626,2023-07-28,Lake Division,21.1,20.1,14.4,91,15.6
627,2023-07-28,Upper Division,0.0,22.7,16.6,87,21.2
628,2023-07-29,Factory,0.0,20.8,14.8,88,11.3
629,2023-07-29,Lake Division,73.4,18.6,12.2,83,8.7
630,2023-07-29,Upper Division,10.2,21.0,14.1,83,12.8
631,2023-07-30,Factory,31.3,21.3,14.4,90,8.2
632,2023-07-30,Lake Division,0.0,19.9,11.0,86,27.8
633,2023-07-30,Upper Division,0.0,17.9,11.1,93,12.7
634,2023-07-31,Factory,172.3,20.0,12.7,90,16.3
635,2023-07-31,Lake Division,6.5,20.0,13.1,91,15.0
636,2023-07-31,Upper Division,95.0,20.8,14.7,95,9.2
637,2023-08-01,Factory,4.0,18.7,12.6,90,11.2
638,2023-08-01,Lake Division,43.4,18.4,12.0,90,16.8
639,2023-08-01,Upper Division,2.6,21.2,12.9,92,12.4
640,2023-08-02,Factory,4.5,22.9,16.3,89,14.5
641,2023-08-02,Lake Division,10.2,19.0,12.9,94,13.7
642,2023-08-02,Upper Division,58.1,22.3,16.1,92,16.5
643,2023-08-03,Factory,0.0,19.5,15.1,87,24.3
644,2023-08-03,Lake Division,0.0,18.1,12.1,85,9.2
645,2023-08-03,Upper Division,35.4,21.8,16.6,94,8.7
646,2023-08-04,Factory,22.7,20.6,12.4,83,8.6
647,2023-08-04,Lake Division,1.5,21.1,14.6,88,11.5
648,2023-08-04,Upper Division,0.0,21.6,15.9,82,19.3
649,2023-08-05,Factory,0.0,20.5,13.5,82,13.5
650,2023-08-05,Lake Division,0.0,20.4,13.9,88,9.7
651,2023-08-05,Upper Division,0.0,19.4,13.6,81,13.9
652,2023-08-06,Factory,12.9,20.2,11.2,90,6.4
653,2023-08-06,Lake Division,3.6,20.7,15.7,86,10.5
654,2023-08-06,Upper Division,5.4,20.3,14.2,85,22.4
655,2023-08-07,Factory,1.1,19.9,14.3,86,17.6
656,2023-08-07,Lake Division,4.8,19.2,14.1,91,21.8
657,2023-08-07,Upper Division,14.6,19.4,12.0,84,8.6
658,2023-08-08,Factory,0.0,22.1,15.6,77,6.5
659,2023-08-08,Lake Division,19.8,20.0,13.6,84,5.6
660,2023-08-08,Upper Division,24.5,18.4,11.4,89,17.8
661,2023-08-09,Factory,1.1,19.6,13.9,92,8.6
662,2023-08-09,Lake Division,0.0,18.7,12.8,82,12.9
663,2023-08-09,Upper Division,30.9,20.5,15.3,84,9.1
664,2023-08-10,Factory,19.6,20.9,13.9,93,8.5
665,2023-08-10,Lake Division,0.0,19.6,13.9,85,25.5
666,2023-08-10,Upper Division,0.0,20.4,14.7,80,5.0
667,2023-08-11,Factory,1.4,19.8,12.3,85,17.0
668,2023-08-11,Lake Division,0.0,19.2,10.4,76,16.7
669,2023-08-11,Upper Division,12.6,22.8,18.1,85,6.9
670,2023-08-12,Factory,0.0,22.1,14.9,75,13.1
671,2023-08-12,Lake Division,0.0,19.3,11.3,81,5.1
672,2023-08-12,Upper Division,0.0,20.9,15.3,81,8.0
673,2023-08-13,Factory,0.0,20.6,16.0,82,8.4
674,2023-08-13,Lake Division,0.0,21.6,15.0,85,9.5
675,2023-08-13,Upper Division,36.8,21.6,14.6,88,16.0
676,2023-08-14,Factory,13.4,18.8,10.4,84,14.9
677,2023-08-14,Lake Division,0.0,21.3,15.7,75,11.4
678,2023-08-14,Upper Division,41.3,19.7,11.2,82,6.4
679,2023-08-15,Factory,0.0,18.0,12.6,82,12.6
680,2023-08-15,Lake Division,0.0,19.7,11.6,75,16.4
681,2023-08-15,Upper Division,22.7,20.9,16.9,85,11.3
682,2023-08-16,Factory,18.7,20.9,11.4,78,8.4
683,2023-08-16,Lake Division,0.0,19.5,13.3,79,19.9
684,2023-08-16,Upper Division,20.3,22.4,13.5,83,31.6
685,2023-08-17,Factory,13.5,18.1,11.2,82,7.7
686,2023-08-17,Lake Division,26.3,20.6,14.5,90,9.2
687,2023-08-17,Upper Division,0.0,20.0,12.8,86,11.1
688,2023-08-18,Factory,0.0,21.9,14.9,87,15.5
689,2023-08-18,Lake Division,29.8,18.2,11.7,80,11.0
690,2023-08-18,Upper Division,0.0,20.0,10.8,78,8.0
691,2023-08-19,Factory,11.7,22.0,13.7,81,25.3
692,2023-08-19,Lake Division,0.0,19.4,12.6,78,11.7
693,2023-08-19,Upper Division,0.1,19.8,13.0,79,17.4
694,2023-08-20,Factory,27.9,19.9,13.6,83,8.8
695,2023-08-20,Lake Division,2.5,22.2,16.1,88,5.4
696,2023-08-20,Upper Division,0.0,21.5,14.7,76,9.2
697,2023-08-21,Factory,0.0,21.3,14.2,76,16.7
698,2023-08-21,Lake Division,4.0,18.5,10.6,91,6.6
699,2023-08-21,Upper Division,0.0,23.0,14.2,73,26.0
700,2023-08-22,Factory,0.0,22.3,13.3,83,13.0
701,2023-08-22,Lake Division,0.0,21.3,13.3,70,14.3
702,2023-08-22,Upper Division,18.5,20.5,13.2,87,22.2
703,2023-08-23,Factory,2.7,20.1,12.2,83,9.7
704,2023-08-23,Lake Division,19.3,22.7,16.3,84,5.5
705,2023-08-23,Upper Division,6.6,21.1,13.6,77,9.0
706,2023-08-24,Factory,8.0,20.8,12.9,79,9.3
707,2023-08-24,Lake Division,0.5,20.7,13.4,79,2.9
708,2023-08-24,Upper Division,0.0,20.5,13.0,78,22.4
709,2023-08-25,Factory,2.5,23.3,15.7,85,13.9
710,2023-08-25,Lake Division,26.2,20.9,14.6,83,5.3
711,2023-08-25,Upper Division,0.0,23.6,16.4,75,6.6
712,2023-08-26,Factory,9.7,20.0,11.7,76,15.1
713,2023-08-26,Lake Division,-9999.0,21.0,16.1,74,9.0
714,2023-08-26,Upper Division,0.0,22.5,16.9,72,14.5
715,2023-08-27,Factory,0.0,21.4,13.8,79,30.9
716,2023-08-27,Lake Division,8.5,22.1,15.6,82,9.2
717,2023-08-27,Upper Division,0.3,21.4,15.3,79,9.9
718,2023-08-28,Factory,7.8,21.8,13.7,81,3.0
719,2023-08-28,Lake Division,5.8,20.9,13.8,82,11.0
720,2023-08-28,Upper Division,0.0,22.7,16.4,72,6.7
721,2023-08-29,Factory,0.0,21.5,12.8,73,10.2
722,2023-08-29,Lake Division,26.1,21.2,15.8,78,5.3
723,2023-08-29,Upper Division,0.0,22.1,14.6,74,21.9
724,2023-08-30,Factory,0.0,19.4,12.6,75,10.8
725,2023-08-30,Lake Division,9.3,20.5,14.4,79,8.4
726,2023-08-30,Upper Division,0.0,23.6,18.7,77,13.0
727,2023-08-31,Factory,1.0,21.1,13.6,77,11.1
728,2023-08-31,Lake Division,1.1,20.2,12.4,75,9.1
729,2023-08-31,Upper Division,15.7,22.0,15.9,79,3.1
730,2023-09-01,Factory,0.0,22.6,16.0,72,13.1
731,2023-09-01,Lake Division,15.4,22.1,15.6,88,18.8
732,2023-09-01,Upper Division,0.0,23.4,16.4,73,13.5
733,2023-09-02,Factory,5.3,22.7,15.0,84,18.6
734,2023-09-02,Lake Division,0.0,23.0,15.8,78,14.2
735,2023-09-02,Upper Division,0.0,21.0,13.4,72,7.9
736,2023-09-03,Factory,0.4,18.1,10.1,73,10.6
737,2023-09-03,Lake Division,0.0,21.5,15.0,67,5.7
738,2023-09-03,Upper Division,0.0,24.1,14.9,72,6.5
739,2023-09-04,Factory,2.2,22.3,15.0,82,8.8
740,2023-09-04,Lake Division,20.8,19.5,12.1,81,15.6
741,2023-09-04,Upper Division,0.0,24.1,16.3,66,5.5
742,2023-09-05,Factory,19.4,19.9,13.1,82,16.8
743,2023-09-05,Lake Division,0.0,20.8,12.7,73,8.6
744,2023-09-05,Upper Division,0.0,22.1,14.8,70,8.3
745,2023-09-06,Factory,0.0,20.5,13.3,74,16.4
746,2023-09-06,Lake Division,0.0,21.3,12.6,79,7.2
747,2023-09-06,Upper Division,0.0,24.6,15.1,80,5.2
748,2023-09-07,Factory,-9999.0,20.8,13.3,67,13.8
749,2023-09-07,Lake Division,6.3,20.7,13.8,76,1.1
750,2023-09-07,Upper Division,1.2,22.8,15.1,75,10.3
751,2023-09-08,Factory,0.0,22.2,14.2,61,10.6
752,2023-09-08,Lake Division,0.0,21.3,14.6,70,13.0
753,2023-09-08,Upper Division,0.0,21.7,14.5,63,15.6
754,2023-09-09,Factory,7.9,20.5,13.9,82,17.0
755,2023-09-09,Lake Division,0.0,23.9,15.9,72,13.4
756,2023-09-09,Upper Division,4.3,23.3,16.5,72,5.4
757,2023-09-10,Factory,0.0,21.2,14.7,66,13.0
758,2023-09-10,Lake Division,0.0,20.2,11.6,60,11.7
759,2023-09-10,Upper Division,1.8,24.2,15.6,80,11.4
760,2023-09-11,Factory,0.0,22.3,13.8,66,6.6
761,2023-09-11,Lake Division,0.0,21.1,11.9,67,10.2
762,2023-09-11,Upper Division,0.0,21.8,13.3,62,5.5
763,2023-09-12,Factory,6.6,21.6,13.4,70,5.8
764,2023-09-12,Lake Division,0.0,20.8,13.4,66,14.1
765,2023-09-12,Upper Division,0.0,21.5,13.2,66,19.3
766,2023-09-13,Factory,0.0,22.8,17.3,73,17.4
767,2023-09-13,Lake Division,0.0,21.6,14.4,66,8.7
768,2023-09-13,Upper Division,0.0,23.0,15.2,68,6.7
769,2023-09-14,Factory,4.8,21.7,13.2,82,13.5
770,2023-09-14,Lake Division,0.0,20.6,11.9,75,9.4
771,2023-09-14,Upper Division,0.0,24.3,17.2,72,13.5
772,2023-09-15,Factory,0.0,20.2,12.4,69,18.7
773,2023-09-15,Lake Division,0.0,21.0,14.4,67,11.9
774,2023-09-15,Upper Division,8.5,24.1,14.3,66,12.8
775,2023-09-16,Factory,0.0,22.2,13.8,73,6.8
776,2023-09-16,Lake Division,26.1,20.4,11.9,68,4.9
777,2023-09-16,Upper Division,0.0,22.2,14.6,65,17.9
778,2023-09-17,Factory,0.0,21.1,12.7,68,1.2
779,2023-09-17,Lake Division,0.0,22.7,14.7,65,6.7
780,2023-09-17,Upper Division,0.0,23.2,16.2,69,2.7
781,2023-09-18,Factory,0.0,22.0,16.5,61,3.2
782,2023-09-18,Lake Division,9.5,21.3,12.8,74,9.9
783,2023-09-18,Upper Division,0.5,22.6,15.7,76,3.7
784,2023-09-19,Factory,0.0,22.7,12.8,65,4.3
785,2023-09-19,Lake Division,0.0,21.6,12.6,67,11.5
786,2023-09-19,Upper Division,0.0,23.2,16.1,74,9.2
787,2023-09-20,Factory,0.0,21.8,14.9,69,4.5
788,2023-09-20,Lake Division,0.0,22.8,16.0,72,4.6
789,2023-09-20,Upper Division,2.8,20.6,13.2,75,6.7
790,2023-09-21,Factory,0.0,21.6,11.4,68,14.5
791,2023-09-21,Lake Division,0.0,22.5,14.6,73,13.1
792,2023-09-21,Upper Division,8.1,23.4,15.1,70,11.0
793,2023-09-22,Factory,0.1,22.3,13.9,65,7.3
794,2023-09-22,Lake Division,1.6,21.3,12.9,76,5.4
795,2023-09-22,Upper Division,0.0,23.0,16.3,74,7.9
796,2023-09-23,Factory,0.0,22.0,14.7,62,5.3
797,2023-09-23,Lake Division,0.0,19.8,12.4,67,4.8
798,2023-09-23,Upper Division,0.0,20.4,12.9,65,4.6
799,2023-09-24,Factory,0.0,21.4,13.1,66,15.8
800,2023-09-24,Lake Division,0.0,20.3,12.7,74,3.1
801,2023-09-24,Upper Division,0.0,22.5,15.3,66,13.4
802,2023-09-25,Factory,0.0,22.1,13.7,72,13.3
803,2023-09-25,Lake Division,0.0,22.2,14.3,67,20.0
804,2023-09-25,Upper Division,1.2,22.8,13.9,78,6.0
805,2023-09-26,Factory,0.0,20.9,11.5,64,18.0
806,2023-09-26,Lake Division,6.3,23.9,16.2,77,14.8
807,2023-09-26,Upper Division,10.8,24.7,15.2,76,7.8
808,2023-09-27,Factory,0.0,23.6,17.1,61,6.1
809,2023-09-27,Lake Division,0.0,20.5,13.5,64,23.5
810,2023-09-27,Upper Division,0.0,24.5,15.0,68,6.5
811,2023-09-28,Factory,0.0,22.1,14.1,67,16.9
812,2023-09-28,Lake Division,0.0,23.6,15.2,67,12.2
813,2023-09-28,Upper Division,2.0,23.5,15.5,72,9.6
814,2023-09-29,Factory,0.0,22.0,13.4,67,6.3
815,2023-09-29,Lake Division,0.0,21.3,14.7,67,5.9
816,2023-09-29,Upper Division,0.0,23.2,15.7,74,6.7
817,2023-09-30,Factory,0.0,22.6,12.8,65,8.0
818,2023-09-30,Lake Division,0.0,23.9,15.4,79,10.0
819,2023-09-30,Upper Division,0.0,22.4,11.6,61,10.2
820,2023-10-01,Factory,0.0,20.1,11.7,63,9.3
821,2023-10-01,Lake Division,0.0,20.9,13.8,68,5.2
822,2023-10-01,Upper Division,0.0,20.1,11.0,70,8.1
823,2023-10-02,Factory,0.1,21.6,14.0,70,7.2
824,2023-10-02,Lake Division,0.0,19.9,12.2,68,7.2
825,2023-10-02,Upper Division,4.1,21.9,12.3,68,18.3
826,2023-10-03,Factory,0.0,22.0,14.9,70,3.2
827,2023-10-03,Lake Division,0.0,22.6,13.0,75,13.8
828,2023-10-03,Upper Division,0.0,21.9,13.5,68,5.0
829,2023-10-04,Factory,0.0,19.6,12.1,69,5.5
830,2023-10-04,Lake Division,0.0,21.6,13.3,70,18.3
831,2023-10-04,Upper Division,0.0,23.2,13.4,70,12.3
832,2023-10-05,Factory,0.0,22.6,13.4,68,10.3
833,2023-10-05,Lake Division,0.0,22.0,11.5,66,8.2
834,2023-10-05,Upper Division,0.0,26.0,17.2,72,6.3
835,2023-10-06,Factory,12.7,22.3,13.9,78,3.0
836,2023-10-06,Lake Division,0.0,21.8,10.7,65,12.3
837,2023-10-06,Upper Division,0.0,25.0,16.2,65,9.1
838,2023-10-07,Factory,0.0,22.9,14.1,79,9.2
839,2023-10-07,Lake Division,17.8,22.9,14.5,73,26.6
840,2023-10-07,Upper Division,0.0,24.0,15.7,77,1.2
841,2023-10-08,Factory,3.1,23.2,14.6,70,10.7
842,2023-10-08,Lake Division,0.0,21.8,15.0,72,11.5
843,2023-10-08,Upper Division,0.0,21.4,13.0,69,13.6
844,2023-10-09,Factory,0.0,23.9,15.2,71,4.9
845,2023-10-09,Lake Division,0.0,22.7,12.3,69,2.6
846,2023-10-09,Upper Division,0.0,24.6,18.1,74,4.8
847,2023-10-10,Factory,0.0,22.8,14.1,70,9.6
848,2023-10-10,Lake Division,0.0,22.1,12.4,70,17.3
849,2023-10-10,Upper Division,0.0,24.0,15.1,70,7.5
850,2023-10-11,Factory,0.0,22.9,13.2,67,10.5
851,2023-10-11,Lake Division,0.0,24.1,16.3,70,10.5
852,2023-10-11,Upper Division,0.0,21.6,13.0,68,14.6
853,2023-10-12,Factory,0.0,23.5,14.8,73,7.7
854,2023-10-12,Lake Division,0.0,22.6,15.2,70,6.2
855,2023-10-12,Upper Division,0.0,24.1,16.9,74,18.4
856,2023-10-13,Factory,0.0,22.9,15.5,67,2.4
857,2023-10-13,Lake Division,0.0,21.7,12.9,73,9.8
858,2023-10-13,Upper Division,0.0,23.3,16.0,81,3.6
859,2023-10-14,Factory,0.0,21.5,12.6,79,5.3
860,2023-10-14,Lake Division,0.0,20.7,11.5,71,4.0
861,2023-10-14,Upper Division,20.6,22.8,13.4,83,13.0
862,2023-10-15,Factory,0.0,22.1,12.0,84,12.9
863,2023-10-15,Lake Division,0.0,21.5,13.2,72,12.0
864,2023-10-15,Upper Division,0.3,21.3,13.7,82,24.1
865,2023-10-16,Factory,0.0,24.6,16.4,74,5.5
866,2023-10-16,Lake Division,0.7,22.3,13.3,73,9.0
867,2023-10-16,Upper Division,0.0,22.0,15.3,70,6.6
868,2023-10-17,Factory,6.5,21.0,11.7,80,16.5
869,2023-10-17,Lake Division,1.3,22.0,12.8,73,3.5
870,2023-10-17,Upper Division,0.0,22.5,13.0,77,7.3
871,2023-10-18,Factory,0.0,24.3,15.0,76,2.8
872,2023-10-18,Lake Division,0.0,21.4,14.7,79,2.4
873,2023-10-18,Upper Division,12.5,26.1,16.7,82,11.5
874,2023-10-19,Factory,0.0,21.7,12.0,76,5.1
875,2023-10-19,Lake Division,0.0,19.5,11.1,72,15.1
876,2023-10-19,Upper Division,3.2,23.9,15.6,76,2.2
877,2023-10-20,Factory,0.0,21.6,13.9,75,11.9
878,2023-10-20,Lake Division,-9999.0,22.3,14.4,69,13.4
879,2023-10-20,Upper Division,0.0,21.9,13.2,72,8.9
880,2023-10-21,Factory,0.0,23.2,14.9,70,11.3
881,2023-10-21,Lake Division,0.0,22.2,13.9,67,11.4
882,2023-10-21,Upper Division,43.2,19.9,11.8,77,8.0
883,2023-10-22,Factory,0.0,22.6,12.7,72,8.7
884,2023-10-22,Lake Division,29.2,20.5,11.7,81,9.8
885,2023-10-22,Upper Division,0.0,24.3,16.0,75,3.8
886,2023-10-23,Factory,0.0,24.6,14.4,75,11.9
887,2023-10-23,Lake Division,0.0,20.0,11.2,79,2.0
888,2023-10-23,Upper Division,0.0,22.0,13.1,70,8.6
889,2023-10-24,Factory,0.0,22.8,16.0,75,2.9
890,2023-10-24,Lake Division,0.0,22.2,15.0,77,20.8
891,2023-10-24,Upper Division,10.3,23.9,14.8,85,19.8
892,2023-10-25,Factory,0.4,24.0,14.6,88,9.1
893,2023-10-25,Lake Division,4.6,22.2,15.2,88,13.9
894,2023-10-25,Upper Division,0.0,23.1,14.8,78,13.0
895,2023-10-26,Factory,9.1,23.0,14.6,77,7.5
896,2023-10-26,Lake Division,0.0,21.2,13.2,82,16.7
897,2023-10-26,Upper Division,0.0,22.7,13.5,76,9.4
898,2023-10-27,Factory,0.0,20.3,14.5,77,16.6
899,2023-10-27,Lake Division,0.0,23.0,15.5,70,8.1
900,2023-10-27,Upper Division,2.5,27.1,17.9,85,5.8
901,2023-10-28,Factory,0.0,22.1,14.3,75,2.8
902,2023-10-28,Lake Division,14.7,22.6,14.8,91,13.3
903,2023-10-28,Upper Division,0.0,23.6,15.0,81,4.3
904,2023-10-29,Factory,0.0,20.7,11.8,78,1.2
905,2023-10-29,Lake Division,0.0,22.7,13.4,71,13.2
906,2023-10-29,Upper Division,0.0,23.5,14.5,76,16.1
907,2023-10-30,Factory,8.3,21.7,12.5,78,9.5
908,2023-10-30,Lake Division,0.0,23.4,13.1,71,7.7
909,2023-10-30,Upper Division,21.3,22.5,13.8,80,10.7
910,2023-10-31,Factory,0.0,21.3,12.4,74,7.6
911,2023-10-31,Lake Division,0.0,21.9,12.6,67,7.5
912,2023-10-31,Upper Division,17.3,24.5,14.2,83,11.6
913,2023-11-01,Factory,4.1,22.0,15.9,80,4.3
914,2023-11-01,Lake Division,14.0,22.1,14.1,84,7.0
915,2023-11-01,Upper Division,1.8,22.6,15.1,85,16.2
916,2023-11-02,Factory,0.0,23.7,13.5,77,1.0
917,2023-11-02,Lake Division,0.0,21.4,12.0,76,10.1
918,2023-11-02,Upper Division,0.0,23.2,14.4,76,17.0
919,2023-11-03,Factory,0.0,22.1,13.5,79,10.4
920,2023-11-03,Lake Division,5.0,21.2,11.9,86,8.6
921,2023-11-03,Upper Division,18.6,25.4,16.5,81,10.0
922,2023-11-04,Factory,0.0,22.8,15.6,77,15.2
923,2023-11-04,Lake Division,0.0,20.5,12.7,74,17.7
924,2023-11-04,Upper Division,45.6,24.1,16.4,80,12.7
925,2023-11-05,Factory,0.0,21.9,13.5,76,9.5
926,2023-11-05,Lake Division,0.0,21.8,12.8,77,6.5
927,2023-11-05,Upper Division,0.9,23.9,15.5,75,5.8
928,2023-11-06,Factory,9.8,22.3,16.1,81,7.0
929,2023-11-06,Lake Division,6.5,18.9,8.8,81,10.0
930,2023-11-06,Upper Division,0.0,25.4,15.7,66,11.4
931,2023-11-07,Factory,0.0,23.4,13.5,71,8.5
932,2023-11-07,Lake Division,33.6,23.8,12.7,77,17.1
933,2023-11-07,Upper Division,2.1,23.5,13.6,84,7.0
934,2023-11-08,Factory,19.9,22.5,15.0,75,6.1
935,2023-11-08,Lake Division,9.8,21.5,12.5,86,10.0
936,2023-11-08,Upper Division,0.0,22.7,13.3,71,3.4
937,2023-11-09,Factory,0.0,24.7,15.8,67,16.1
938,2023-11-09,Lake Division,7.6,23.9,15.3,77,1.1
939,2023-11-09,Upper Division,0.0,25.1,16.4,72,5.7
940,2023-11-10,Factory,0.0,23.6,14.6,69,8.2
941,2023-11-10,Lake Division,0.0,22.1,12.7,75,11.0
942,2023-11-10,Upper Division,1.1,22.6,15.1,81,5.1
943,2023-11-11,Factory,0.0,22.7,14.0,76,6.4
944,2023-11-11,Lake Division,0.0,21.0,13.5,73,14.2
945,2023-11-11,Upper Division,3.3,23.8,16.9,78,5.4
946,2023-11-12,Factory,0.0,24.1,15.2,84,12.1
947,2023-11-12,Lake Division,0.0,22.7,12.6,70,13.1
948,2023-11-12,Upper Division,19.4,21.8,12.5,72,12.1
949,2023-11-13,Factory,0.0,22.4,14.4,70,17.8
950,2023-11-13,Lake Division,0.0,21.8,13.3,70,6.4
951,2023-11-13,Upper Division,1.8,24.0,15.5,73,2.7
952,2023-11-14,Factory,0.0,23.4,13.7,64,0.6
953,2023-11-14,Lake Division,0.0,21.9,13.4,69,5.1
954,2023-11-14,Upper Division,0.0,24.0,15.8,75,4.3
955,2023-11-15,Factory,0.0,25.8,17.6,70,2.8
956,2023-11-15,Lake Division,4.9,21.6,11.4,72,4.4
957,2023-11-15,Upper Division,0.0,24.3,15.6,68,2.7
958,2023-11-16,Factory,0.0,23.4,14.5,63,12.5
959,2023-11-16,Lake Division,7.8,22.5,13.6,73,12.8
960,2023-11-16,Upper Division,5.6,23.6,16.2,72,5.4
961,2023-11-17,Factory,0.0,22.6,15.3,71,9.6
962,2023-11-17,Lake Division,0.0,23.3,14.2,75,6.7
963,2023-11-17,Upper Division,0.0,23.8,14.2,65,14.7
964,2023-11-18,Factory,0.0,23.4,16.0,62,7.8
965,2023-11-18,Lake Division,0.0,22.7,13.3,65,2.5
966,2023-11-18,Upper Division,0.0,23.3,16.0,61,7.0
967,2023-11-19,Factory,0.0,22.9,13.9,71,8.6
968,2023-11-19,Lake Division,0.0,23.0,14.8,62,6.3
969,2023-11-19,Upper Division,0.0,23.5,15.7,67,18.2
970,2023-11-20,Factory,0.0,22.0,14.2,73,4.0
971,2023-11-20,Lake Division,0.0,22.2,13.4,65,6.1
972,2023-11-20,Upper Division,0.0,22.9,15.4,61,7.6
973,2023-11-21,Factory,6.2,23.4,15.1,81,9.3
974,2023-11-21,Lake Division,0.2,22.6,13.8,70,12.1
975,2023-11-21,Upper Division,0.0,23.1,14.1,62,7.1
976,2023-11-22,Factory,0.6,21.4,12.3,77,6.9
977,2023-11-22,Lake Division,0.0,23.0,14.0,69,28.4
978,2023-11-22,Upper Division,0.0,24.7,15.2,65,5.7
979,2023-11-23,Factory,0.0,24.4,17.6,70,5.2
980,2023-11-23,Lake Division,0.0,22.9,15.4,66,6.5
981,2023-11-23,Upper Division,0.0,23.5,15.1,61,5.1
982,2023-11-24,Factory,0.0,23.6,14.8,66,8.3
983,2023-11-24,Lake Division,0.0,22.5,14.6,64,5.0
984,2023-11-24,Upper Division,0.0,21.5,12.5,69,9.4
985,2023-11-25,Factory,0.0,24.5,17.5,67,10.3
986,2023-11-25,Lake Division,0.0,20.9,12.9,65,22.9
987,2023-11-25,Upper Division,0.0,24.3,15.5,64,8.0
988,2023-11-26,Factory,0.0,23.0,13.8,59,9.6
989,2023-11-26,Lake Division,0.0,21.5,13.3,64,20.9
990,2023-11-26,Upper Division,0.0,22.6,12.9,66,10.1
991,2023-11-27,Factory,0.0,24.6,15.6,65,6.3
992,2023-11-27,Lake Division,0.0,22.4,12.9,66,18.6
993,2023-11-27,Upper Division,0.0,23.6,15.1,66,6.6
994,2023-11-28,Factory,-9999.0,23.5,15.1,62,5.7
995,2023-11-28,Lake Division,0.0,21.1,12.4,69,8.0
996,2023-11-28,Upper Division,0.0,22.7,12.5,61,6.2
997,2023-11-29,Factory,0.0,25.4,17.5,63,8.0
998,2023-11-29,Lake Division,0.0,22.8,13.3,62,23.6
999,2023-11-29,Upper Division,0.0,23.5,15.1,67,18.6
1000,2023-11-30,Factory,0.0,24.1,16.3,62,21.0
1001,2023-11-30,Lake Division,0.0,23.4,16.7,69,10.7
1002,2023-11-30,Upper Division,0.0,22.4,12.2,65,19.4
1003,2023-12-01,Factory,0.0,22.8,13.1,70,3.8
1004,2023-12-01,Lake Division,0.0,20.9,11.3,69,7.0
1005,2023-12-01,Upper Division,0.0,22.8,15.2,73,7.8
1006,2023-12-02,Factory,0.0,22.0,14.1,66,11.6
1007,2023-12-02,Lake Division,0.0,21.6,13.4,68,14.5
1008,2023-12-02,Upper Division,6.0,22.0,13.8,70,16.0
1009,2023-12-03,Factory,0.0,24.2,15.1,64,7.0
1010,2023-12-03,Lake Division,0.0,19.8,12.8,61,4.0
1011,2023-12-03,Upper Division,0.0,25.1,16.0,63,6.4
1012,2023-12-04,Factory,0.0,22.9,14.4,61,16.8
1013,2023-12-04,Lake Division,0.0,25.3,16.8,58,3.9
1014,2023-12-04,Upper Division,0.0,23.9,14.8,60,5.5
1015,2023-12-05,Factory,0.0,22.2,13.6,68,11.4
1016,2023-12-05,Lake Division,0.0,23.6,15.7,67,17.7
1017,2023-12-05,Upper Division,0.0,24.9,17.4,71,18.3
1018,2023-12-06,Factory,0.0,23.4,17.3,62,21.5
1019,2023-12-06,Lake Division,0.0,22.7,13.4,67,9.0
1020,2023-12-06,Upper Division,0.0,23.6,15.9,64,20.7
1021,2023-12-07,Factory,0.0,22.4,13.1,65,10.6
1022,2023-12-07,Lake Division,3.5,23.0,14.8,69,6.7
1023,2023-12-07,Upper Division,0.6,24.4,17.0,66,9.6
1024,2023-12-08,Factory,0.0,23.8,16.3,62,14.4
1025,2023-12-08,Lake Division,0.0,22.2,14.6,55,1.7
1026,2023-12-08,Upper Division,0.0,24.4,16.8,66,8.6
1027,2023-12-09,Factory,0.0,24.7,17.0,74,14.9
1028,2023-12-09,Lake Division,0.0,23.6,16.3,67,9.9
1029,2023-12-09,Upper Division,0.0,23.2,14.3,62,6.8
1030,2023-12-10,Factory,0.0,23.0,15.1,60,4.3
1031,2023-12-10,Lake Division,0.0,24.0,14.1,65,2.2
1032,2023-12-10,Upper Division,-9999.0,24.8,16.5,71,4.6
1033,2023-12-11,Factory,0.0,22.4,16.0,62,16.0
1034,2023-12-11,Lake Division,0.0,20.6,13.1,64,4.8
1035,2023-12-11,Upper Division,0.0,24.9,17.5,59,12.8
1036,2023-12-12,Factory,0.0,23.7,14.4,65,15.3
1037,2023-12-12,Lake Division,0.0,22.6,13.1,63,9.3
1038,2023-12-12,Upper Division,0.0,23.4,14.2,65,4.2
1039,2023-12-13,Factory,0.0,23.0,13.6,66,7.2
1040,2023-12-13,Lake Division,0.0,22.4,14.3,63,14.0
1041,2023-12-13,Upper Division,0.0,21.8,13.8,71,7.6
1042,2023-12-14,Factory,0.0,22.3,15.5,62,9.8
1043,2023-12-14,Lake Division,0.0,22.1,13.0,71,16.9
1044,2023-12-14,Upper Division,0.0,25.2,16.8,73,13.7
1045,2023-12-15,Factory,0.0,20.9,12.9,63,8.1
1046,2023-12-15,Lake Division,0.0,22.1,13.8,63,20.2
1047,2023-12-15,Upper Division,0.0,25.1,16.1,67,5.0
1048,2023-12-16,Factory,0.0,21.5,13.4,64,19.7
1049,2023-12-16,Lake Division,0.0,21.1,11.4,63,18.5
1050,2023-12-16,Upper Division,0.0,23.0,13.0,71,29.7
1051,2023-12-17,Factory,0.0,22.8,12.4,71,12.2
1052,2023-12-17,Lake Division,0.0,21.5,13.4,69,7.3
1053,2023-12-17,Upper Division,8.4,22.4,14.3,72,6.7
1054,2023-12-18,Factory,0.0,22.5,14.6,64,11.9
1055,2023-12-18,Lake Division,0.0,23.6,15.0,65,7.4
1056,2023-12-18,Upper Division,0.3,23.3,14.1,73,14.3
1057,2023-12-19,Factory,0.0,25.2,17.8,66,3.9
1058,2023-12-19,Lake Division,0.1,20.8,10.9,68,6.2
1059,2023-12-19,Upper Division,0.0,23.3,13.7,61,10.1
1060,2023-12-20,Factory,0.0,23.8,14.6,62,8.9
1061,2023-12-20,Lake Division,0.0,21.8,14.0,71,15.5
1062,2023-12-20,Upper Division,0.0,23.7,16.6,61,6.3
1063,2023-12-21,Factory,0.0,21.5,11.9,63,6.5
1064,2023-12-21,Lake Division,0.0,22.3,14.8,59,8.9
1065,2023-12-21,Upper Division,-9999.0,22.9,13.8,63,3.1
1066,2023-12-22,Factory,0.0,22.2,14.2,68,11.5
1067,2023-12-22,Lake Division,0.0,23.0,14.1,68,1.8
1068,2023-12-22,Upper Division,0.0,22.3,14.0,69,9.5
1069,2023-12-23,Factory,0.0,22.4,13.2,63,9.3
1070,2023-12-23,Lake Division,0.0,23.8,15.1,68,3.2
1071,2023-12-23,Upper Division,0.0,22.4,13.3,64,4.3
1072,2023-12-24,Factory,0.0,24.3,15.2,66,25.5
1073,2023-12-24,Lake Division,0.0,22.7,13.4,66,21.0
1074,2023-12-24,Upper Division,0.0,25.3,17.7,62,4.6
1075,2023-12-25,Factory,1.7,22.1,14.3,75,9.6
1076,2023-12-25,Lake Division,0.0,23.2,14.6,69,8.2
1077,2023-12-25,Upper Division,0.0,22.5,15.0,62,10.4
1078,2023-12-26,Factory,0.0,24.4,14.7,62,2.0
1079,2023-12-26,Lake Division,0.0,21.3,10.6,63,7.1
1080,2023-12-26,Upper Division,6.0,22.7,16.6,69,13.7
1081,2023-12-27,Factory,0.0,23.3,14.7,64,14.8
1082,2023-12-27,Lake Division,0.0,21.2,14.0,64,17.1
1083,2023-12-27,Upper Division,0.0,22.5,13.3,65,9.3
1084,2023-12-28,Factory,0.0,23.4,14.1,63,3.5
1085,2023-12-28,Lake Division,0.0,22.1,12.0,68,7.8
1086,2023-12-28,Upper Division,0.0,24.9,16.7,69,11.7
1087,2023-12-29,Factory,0.0,22.7,14.3,76,10.4
1088,2023-12-29,Lake Division,0.0,22.1,14.4,69,12.9
1089,2023-12-29,Upper Division,0.0,24.0,14.8,61,15.2
1090,2023-12-30,Factory,0.0,24.0,14.3,69,9.8
1091,2023-12-30,Lake Division,0.0,22.7,14.0,63,4.7
1092,2023-12-30,Upper Division,0.0,23.6,14.4,66,9.7
1093,2023-12-31,Factory,5.1,24.1,16.2,72,7.1
1094,2023-12-31,Lake Division,0.0,20.6,12.2,68,12.9
1095,2023-12-31,Upper Division,0.0,22.1,13.2,64,7.8
